,X,PC1,PC2,PC3,PC4,PC5,greedy_communities,betweenness_communities,kmclust,hclust,mmclust
480,Walt Lemon Jr.,-0.901820801,3.397576407,0.658823189,-1.882336243,0.703910016,42,58,9,7,7
479,Wade Baldwin,0.693098475,4.797389007,-0.266776908,2.283286715,1.37769921,41,57,5,15,7
476,Udonis Haslem,-0.823616873,-1.590948507,-0.275229097,2.982921022,-2.760259543,40,56,16,19,14
454,Tony Bradley,-6.007846297,1.816721156,-1.440264533,-1.92422041,2.170133862,39,55,14,11,10
447,Thomas Welsh,1.034285786,-3.663579164,1.519183332,2.507504985,-4.879528832,38,54,3,16,15
388,Quincy Acy,-1.895322494,-2.61799989,-1.31165002,2.693650688,-1.46825792,37,53,2,19,14
387,PJ Dozier,-0.95328762,0.533578122,-1.178062268,-2.54977476,-2.106612611,36,52,18,17,16
365,Nick Young,2.889729451,-2.406294052,-1.628057329,2.788503509,-0.2289348,35,51,16,16,15
353,Miloš Teodosic,1.869731512,0.743554594,-1.095054991,4.9002326,2.733801274,34,49,12,12,19
342,Melvin Frazier,-1.606803972,-1.187682159,-4.569369423,-1.78473358,-2.439544106,33,48,11,17,17
322,Malcolm Miller,4.282013204,-4.443442789,-0.332240485,-1.263012511,2.440870541,32,46,4,9,6
320,Malachi Richardson,3.735982889,-1.216136718,-1.9946392,0.603712961,2.854726102,31,45,4,9,6
311,Lonnie Walker,1.773332439,0.902789529,1.912059692,-2.130401012,2.324711285,30,44,17,9,5
310,LeBron James,-1.182268883,3.505042019,2.902036132,0.142283596,-1.700411819,29,43,17,7,7
298,Kyle Korver,3.608325434,-3.769671531,1.786411138,2.40991882,-1.990887727,28,41,3,16,15
286,Kevin Durant,-0.148039508,0.960321523,2.630989982,1.352463745,-2.278481333,27,40,17,7,1
261,José Calderón,2.581563333,0.866272148,0.014947837,4.827392442,-0.855882074,26,39,5,16,19
238,Jimmer Fredette,2.223664784,1.243555619,-1.574792922,0.680984865,-2.64716027,25,36,13,13,12
224,Jawun Evans,1.330188833,2.44087948,-3.528561692,2.925638052,1.126207643,24,35,13,2,2
220,Jarred Vanderbilt,-4.722466026,2.68148965,-3.743575104,0.060984305,0.191657091,23,34,19,11,10
211,James Harden,1.411464211,4.611591862,2.693301996,-0.798196185,0.087184235,22,32,9,15,7
208,Jamal Crawford,4.656143101,2.013478363,1.721795586,4.398402263,-2.592249056,21,31,5,16,19
200,Jacob Evans,1.022408591,0.169111754,-4.500948089,1.674408841,0.95787338,20,30,11,2,2
190,Isaiah Hartenstein,-4.172397377,-0.803759943,-0.946865702,2.00899608,3.747656901,19,29,2,11,8
186,Isaac Bonga,-0.608860286,3.153054718,-3.829729672,-0.457247389,-0.141801195,18,27,11,2,7
181,Haywood Highsmith,0.554529714,-1.913343459,-4.497557406,-0.763169633,-2.382050616,17,26,11,17,17
169,Giannis Antetokounmpo,-5.821666394,2.97464313,1.943450735,-1.225899306,-0.965376862,16,24,14,11,10
152,Eric Moreland,-1.494287266,1.486557554,1.318702276,5.070167886,8.429662866,15,23,12,18,18
141,Džanan Musa,-0.311538311,-0.347621292,-4.707461785,-2.227598651,-2.624719585,14,22,11,17,17
127,Dirk Nowitzki,2.765200153,-4.345861083,2.827733506,5.24565628,-3.723338505,13,20,3,16,15
82,Dairis Bertans,6.267835698,-2.542765739,-0.012270259,3.395939067,-3.163501562,12,15,3,16,15
69,Chris Paul,4.251780011,4.690277238,1.204629593,1.572445718,-0.477643192,11,14,5,15,7
68,Chris Chiozza,3.206280138,-1.212860085,-0.979258346,-0.06674473,3.238184611,10,13,4,9,6
37,Boban Marjanovic,-5.717815631,-0.780720287,4.437516768,0.309295953,2.305790244,9,8,6,14,9
34,Billy Garrett,1.504289878,-0.165902124,0.504385634,0.181923502,-4.183044154,8,7,7,13,12
12,Alize Johnson,-0.602705381,-0.441194649,1.888883562,-1.940064671,3.536399734,7,5,10,9,9
2,Aaron Holiday,2.605815906,1.408143347,-0.548855591,-0.384698474,0.503876662,6,2,13,2,2
8,Alex Caruso,0.992001142,2.593408142,-0.16119242,-0.285745173,1.083110452,6,2,9,7,7
14,Allonzo Trier,0.989424504,2.040913575,0.384235586,-0.147521282,0.172362572,6,2,9,7,5
20,Andrew Harrison,0.976609958,1.976226073,-0.859429781,1.819736737,0.805841675,6,2,13,12,2
22,Anfernee Simons,2.813526189,1.35985649,-0.81033984,-1.144985758,-0.390113509,6,2,13,5,2
36,Blake Griffin,-0.553732581,1.738273294,2.398565837,-0.186614787,-0.068850695,6,2,17,7,5
42,Brad Wanamaker,1.576768245,1.889388349,-0.177728163,1.422849644,-1.006871871,6,2,13,7,13
43,Bradley Beal,0.679358286,1.24889573,1.248973027,-1.048104559,-0.468581646,6,2,17,5,5
44,Brandon Goodwin,1.89961292,2.860752124,-0.296607182,-0.058074584,0.384436185,6,2,9,7,2
46,Brandon Knight,3.637692346,1.507794438,-0.71813192,0.290790417,-0.701230556,6,2,13,2,2
56,Cameron Payne,2.387210251,2.585731611,-0.519825041,-0.190616187,0.21257324,6,2,13,2,2
58,Caris LeVert,0.584419356,3.046644768,0.414700351,-1.34350771,-0.34594694,6,2,9,7,7
64,Chasson Randle,2.339644093,1.392189211,-1.117161306,0.067769315,0.802338441,6,2,13,2,2
74,Collin Sexton,2.19075843,2.01957357,-0.031345406,-1.143453367,-0.066277575,6,2,9,5,5
76,Cory Joseph,2.505518021,1.260134875,-0.57704344,0.606231408,-0.296831375,6,2,13,2,2
79,D'Angelo Russell,3.211648123,3.210490031,1.03166064,-0.780104971,0.057523458,6,2,9,15,7
80,D.J. Augustin,2.513432944,1.970575762,2.212401861,0.582478008,0.075443872,6,2,17,5,7
84,Damian Lillard,2.263425712,3.51665232,1.870024613,-0.825005064,-1.023157431,6,2,9,15,7
87,Daniel Hamilton,0.981808906,0.602613522,-1.787926057,0.26725632,2.016204358,6,2,15,2,13
92,Dante Exum,0.140887212,1.741842082,-0.419889764,-0.642088415,0.67048675,6,2,18,2,7
96,Darren Collison,3.625704073,2.928740063,0.836151611,0.259910787,0.060232587,6,2,5,15,7
97,Daryl Macon,2.656962195,1.632657857,-1.780407583,1.558588638,-0.225679681,6,2,13,2,2
101,De'Aaron Fox,1.130712062,4.613990936,-0.026502136,-0.983803745,0.072115989,6,2,9,15,7
102,De'Anthony Melton,1.375248366,2.150589645,-1.995717748,0.232960364,2.18502902,6,2,13,2,2
106,Delon Wright,0.878661771,2.379894423,0.255120976,-1.319024721,-0.026780998,6,2,9,7,5
107,DeMar DeRozan,-0.343686903,2.029346484,0.54884731,0.689551601,-1.772145252,6,18,17,7,13
113,Dennis Smith Jr.,0.937606972,3.512738293,-0.805605439,-0.886686317,0.390673199,6,2,9,2,7
117,Derrick Rose,1.994819838,2.439541905,2.082422868,-1.129405331,-0.887790812,6,2,17,5,7
118,Derrick White,0.989945041,1.742464302,-0.316416194,-0.038502733,0.030562249,6,2,13,5,13
119,Devin Booker,1.30693854,2.889596303,0.973579721,-0.094523788,-0.478848756,6,2,9,7,7
122,Devonte' Graham,3.196644261,1.787179505,-0.560260279,-0.483190272,0.014803221,6,2,13,2,2
129,Donovan Mitchell,0.966804782,2.340040217,0.845150244,-1.517014648,0.240485462,6,2,9,7,5
134,Draymond Green,-0.387605573,1.552753952,-0.144770999,2.412273261,1.340897884,6,18,13,12,13
140,Dwyane Wade,1.195581393,2.097548996,1.733789301,0.538524065,-0.784804449,6,2,17,5,7
146,Elfrid Payton,0.651540961,3.689054329,-0.68428448,0.268763173,0.232679719,6,2,9,2,7
147,Elie Okobo,1.813751634,1.591274436,-1.470337737,0.431147096,0.583914482,6,2,13,2,2
148,Emmanuel Mudiay,1.480179246,2.097389398,0.179955169,-0.890277978,0.25946848,6,2,9,7,5
150,Eric Bledsoe,1.205953999,3.121068796,0.503935696,-0.696244155,-0.761328657,6,2,9,7,7
155,Evan Turner,0.174998759,1.622370914,-0.314030557,2.089027244,-0.665580364,6,18,13,7,13
158,Frank Mason III,1.117989553,3.553458954,-0.341804804,0.495206178,-1.486719266,6,2,9,7,7
159,Frank Ntilikina,2.401953238,1.473149237,-1.697851618,0.777593625,0.751189555,6,2,13,2,2
160,Fred VanVleet,3.272284852,1.692513684,0.462550444,-0.816929056,0.465351862,6,2,13,2,5
171,Goran Dragic,2.18375445,2.146709494,0.485979571,0.161082061,-0.298213212,6,2,9,2,2
188,Isaiah Briscoe,1.309424046,1.738572254,-1.773826675,0.834401029,0.666774328,6,2,13,2,2
189,Isaiah Canaan,3.59310664,1.462942072,-0.564186211,0.497355372,0.866398058,6,2,13,2,2
192,Isaiah Thomas,2.451952264,2.256977657,-1.543684099,-0.409215538,-0.613303843,6,2,13,2,2
193,Ish Smith,2.839977159,2.539639997,0.350514318,-0.097604376,-0.162252929,6,2,9,15,2
196,J.J. Barea,2.999015418,4.994859279,0.726252878,0.645177844,-1.233312103,6,2,5,15,7
206,Jalen Brunson,2.223476128,1.661327811,-0.741414593,-0.731496155,-0.325318695,6,2,13,5,2
216,Jared Terrell,2.45591798,2.234574934,-1.989279972,1.726142121,1.904580588,6,2,13,12,2
225,Jaylen Adams,2.754009589,1.47434053,-1.69061167,1.491512363,1.422594506,6,2,13,12,2
229,Jeff Teague,1.850345656,4.490764103,0.61098247,1.072927069,-0.423243157,6,2,5,15,7
233,Jeremy Lin,1.374857168,2.448244463,0.563906879,0.805048565,-0.117374261,6,2,9,7,2
234,Jerian Grant,2.731972948,1.875932705,-0.612762991,1.26157915,0.415782106,6,2,13,12,2
236,Jerryd Bayless,2.785264034,1.640366159,-1.024022259,1.202167968,-0.791551163,6,2,13,2,2
237,Jevon Carter,3.403212584,1.393836335,-1.096055609,0.07050999,1.583993675,6,2,13,2,2
239,Jimmy Butler,-0.21005175,1.479742644,1.485761269,-1.006145254,-1.102066588,6,2,17,7,5
248,John Wall,0.903796128,3.763609673,0.833651936,-0.251768611,-0.25444216,6,2,9,7,7
256,Jonathon Simmons,0.997564452,1.57780959,-0.208895499,0.48953799,-0.210210632,6,2,13,5,13
259,Jordan Loyd,1.540791267,1.789108461,1.943886912,0.211475398,-0.583278325,6,2,17,5,7
260,Jordan McRae,1.514339924,1.10681502,0.009033714,-0.2134833,-1.535778862,6,2,17,5,13
266,Jrue Holiday,1.113307874,3.40263718,1.084466711,-0.726748313,-0.411711526,6,2,9,7,7
275,Kadeem Allen,1.436458843,2.703049848,-0.119411638,0.288622044,0.533310793,6,2,9,7,2
277,Kawhi Leonard,0.181607638,1.52312265,2.17652161,-1.438253835,-0.916831079,6,2,17,7,5
281,Kemba Walker,2.966210526,3.507887375,1.593401248,-1.328888916,-0.877339038,6,2,9,15,7
296,Kris Dunn,1.418405837,3.43588445,-0.218799977,0.463947791,1.105317825,6,2,9,7,7
300,Kyle Lowry,3.050124214,2.77266158,0.959135908,1.223370144,0.10673446,6,2,5,15,7
302,Kyrie Irving,2.19068297,2.919758948,1.368366457,-0.96500815,-0.025427709,6,2,9,15,7
312,Lonzo Ball,1.031175398,1.943355185,-2.246642711,-0.34456709,0.539150514,6,2,13,2,2
313,Lorenzo Brown,1.896621156,2.348219501,-0.438271762,0.400032554,1.18643152,6,2,13,7,2
314,Lou Williams,2.553394061,3.639607511,2.011828822,-0.526443506,-1.092483042,6,2,9,15,7
316,Luka Doncic,0.409009472,3.243254441,1.606797195,-0.947158604,0.411819808,6,2,9,7,7
330,Marcus Smart,2.067225911,0.944970313,-0.753068941,0.038140594,1.072945445,6,2,13,2,2
332,Markelle Fultz,0.068069531,3.013844886,-1.376820556,-0.586412736,0.228101759,6,2,9,2,7
335,MarShon Brooks,0.797239069,1.16176024,0.55776468,0.048320751,-1.296498264,6,2,17,5,13
339,Matthew Dellavedova,2.490916748,2.565165282,-0.435116791,2.126711446,-0.085835242,6,2,5,12,2
345,Michael Carter-Williams,-0.180085636,2.750654319,-0.695479591,-0.23592572,1.072746152,6,2,9,2,7
348,Mike Conley,2.076445927,2.141495621,2.327542886,-0.136428157,-0.76063388,6,2,17,5,7
357,Monte Morris,3.0130637,0.808759767,0.256967537,-1.651464783,-0.447701371,6,2,7,5,5
361,Naz Mitrou-Long,1.953983439,4.065879025,-1.125621054,2.827499165,-0.184840791,6,50,5,15,7
380,Patrick Beverley,2.205439468,1.114116378,-0.11713894,0.860235229,1.528931962,6,2,13,2,2
381,Patrick McCaw,1.550638209,0.623234807,-0.922981834,0.024986718,1.883818067,6,2,15,2,13
391,Rajon Rondo,2.425395019,4.821909298,-0.401595672,1.388484661,0.336430465,6,50,5,15,7
392,Raul Neto,2.352875538,2.262953909,-0.104337276,0.009214721,0.519369554,6,2,13,2,2
399,Ricky Rubio,2.188990499,2.338037245,-0.040255252,0.770583845,0.425157886,6,2,13,7,2
411,Russell Westbrook,0.091591393,4.705159757,1.140602143,0.233985741,0.058118989,6,2,9,15,7
420,Shabazz Napier,3.320069936,2.581751064,0.264425491,-0.725387669,-0.269785954,6,2,9,15,7
421,Shai Gilgeous-Alexander,1.245373014,1.54531527,-0.542808791,-0.917835227,0.671819474,6,2,13,2,5
423,Shaquille Harrison,-0.020256641,2.089130206,-1.239091158,-1.298117808,0.069329064,6,2,18,2,7
424,Shaun Livingston,-0.173572021,1.078965234,-0.79371983,1.62554039,-2.294222945,6,18,11,13,13
425,Shelvin Mack,1.91374741,2.240967689,-0.220296291,0.055522007,-0.514909412,6,2,13,2,2
429,Spencer Dinwiddie,1.458963026,2.489768464,0.989895297,-0.425058544,0.03119289,6,2,9,7,7
436,T.J. McConnell,2.034495587,1.929314085,-0.796658431,0.540778503,-0.12713244,6,2,13,2,2
442,Terry Rozier,2.875461965,1.014150235,0.104750426,-1.192725697,0.034990827,6,2,7,5,5
445,Theo Pinson,1.658177975,1.332456027,-0.024645313,0.330597165,0.148982889,6,2,13,5,13
449,Tim Frazier,2.628491789,2.509233756,-0.362447529,1.327658311,0.889886272,6,2,13,12,2
453,Tomáš Satoranský,0.708124902,1.094797439,0.454617956,0.652874674,0.341456973,6,2,17,5,13
455,Tony Parker,1.619239787,2.884897399,0.781821193,0.60867023,-1.398833876,6,2,9,7,7
458,Trae Young,2.534777535,4.771273869,0.605227297,-0.740771654,-0.140855064,6,2,9,15,7
461,Trey Burke,2.939678524,2.468411499,0.571548327,-1.304932991,-1.054856228,6,2,9,15,7
472,Tyreke Evans,0.466102854,2.36195022,0.399995156,-0.242095014,0.319217241,6,2,9,7,7
475,Tyus Jones,3.155315305,3.045799488,-0.110066988,-1.171426521,-0.410094965,6,2,9,15,7
477,Victor Oladipo,1.509371709,2.315303876,0.431765496,-0.344694681,-0.538306428,6,2,9,7,7
491,Yogi Ferrell,3.560519174,1.844840422,0.267288892,-0.643184862,-0.687739877,6,2,13,15,7
494,Zach LaVine,0.438129354,2.846034084,1.693836026,-1.802667805,0.091961756,6,2,9,7,7
301,Kyle O'Quinn,-3.449200787,-0.395196407,-1.145821954,3.972101678,-0.643116511,5,42,2,11,8
474,Tyson Chandler,-4.779252802,0.5993769,-0.246553199,3.560871569,-0.976288328,5,42,2,11,8
495,Zaza Pachulia,-4.042719754,0.994506581,-0.031343773,3.772244642,0.167044343,5,42,2,11,8
54,C.J. Williams,1.181711408,0.740958721,-4.135414067,1.104061987,-1.116216629,4,10,11,2,2
406,Ron Baker,1.574654239,0.877609111,-3.246310977,2.083731867,-0.255101557,4,10,11,2,2
9,Alex Len,-3.750783774,-1.877442932,0.677459412,-1.012555506,0.80261103,3,4,6,8,8
15,Amile Jefferson,-3.245279661,0.21759922,1.091150932,-0.952667842,-0.101880216,3,4,6,8,9
16,Amir Johnson,-2.510142569,0.46510849,-0.840452302,2.270577229,1.011166456,3,4,2,10,8
17,Andre Drummond,-7.357087587,1.493564822,-0.265100339,-0.653845181,-0.753267291,3,6,14,11,10
19,Andrew Bogut,-4.167565869,-0.256114938,2.143482669,2.67369199,1.642239077,3,4,2,8,8
23,Ante Žižic,-3.167575869,0.640468701,0.141559559,-0.522483608,0.205607458,3,4,6,8,9
24,Anthony Davis,-4.708782381,0.29964333,2.849334398,-1.774093109,0.079143583,3,4,6,8,9
27,Aron Baynes,-2.862650874,-1.350851813,1.316873474,1.908548064,1.049538838,3,4,10,8,4
31,Bam Adebayo,-4.382338092,1.477559782,-0.742065501,0.607960794,-0.901947057,3,4,19,11,10
33,Ben Simmons,-4.090993267,3.477102537,-0.469775057,-0.085944177,-0.929470581,3,4,19,11,10
35,Bismack Biyombo,-4.431791978,-0.41022811,0.434686763,1.137630944,0.374285813,3,4,2,11,10
55,Caleb Swanigan,-2.9507184,0.478644694,-2.012063823,1.857747841,2.087562865,3,11,2,10,8
65,Cheick Diallo,-3.762531105,-0.305860042,-1.265772887,0.304754391,-0.57291276,3,4,19,10,14
66,Chimezie Metu,-2.785271398,1.597860041,-1.395960011,0.243784241,-0.19052034,3,4,19,10,8
67,Chris Boucher,-3.879309237,-2.07682747,0.936331661,-1.018918559,2.174278308,3,4,6,8,8
70,Christian Wood,-3.984570544,-0.20673306,0.826162983,-1.967988826,-0.701382039,3,4,6,8,10
72,Clint Capela,-6.149941542,-0.067043728,1.264849704,-1.885209411,-0.736166774,3,4,14,14,10
73,Cody Zeller,-3.84551657,-0.01877128,0.518815579,0.388313788,0.31490443,3,4,6,11,10
78,Cristiano Felício,-3.105389845,0.694046284,-0.926160528,0.214385027,-1.385729142,3,4,19,10,14
83,Damian Jones,-4.655417615,-0.555663143,-0.203107042,0.406305273,-0.015693302,3,4,6,11,10
88,Daniel Theis,-3.602633072,-1.066955294,-0.55597551,0.851414205,-0.279020394,3,4,2,11,14
104,Deandre Ayton,-4.419929368,0.845671349,-1.735662914,-0.792413724,-2.293478171,3,4,19,11,10
105,DeAndre Jordan,-5.760696783,0.430899948,1.959308949,1.414080518,0.04979651,3,4,14,11,10
108,DeMarcus Cousins,-4.444910241,1.181050047,0.358476313,0.765973062,0.04848648,3,4,6,11,10
115,Derrick Favors,-5.129504739,-1.017918498,0.338062026,-0.833219726,-1.044672918,3,4,14,8,10
116,Derrick Jones Jr.,-1.980108017,-0.641437861,-1.236783357,-2.032365011,0.499758646,3,19,18,17,16
121,Devin Robinson,-3.823004274,0.43012052,-1.076449933,-1.494275854,-2.306075952,3,4,19,11,10
123,Dewayne Dedmon,-2.136018144,-2.034484813,1.246386258,0.516708242,1.215759478,3,4,10,4,4
124,Deyonta Davis,-4.755321108,-0.56132135,-1.902271269,0.03744606,-2.927596632,3,4,19,11,10
128,Domantas Sabonis,-4.17842664,0.6235676,1.42138383,0.000130103,1.570763855,3,4,6,8,9
135,Drew Eubanks,-3.202557376,0.453492896,0.707349332,0.915430245,1.003791075,3,4,6,8,8
138,Dwight Howard,-5.461493541,0.032013863,1.247644193,1.325051263,-0.177711963,3,4,14,11,10
139,Dwight Powell,-3.752149144,-0.865502294,1.062537986,-0.297702268,-0.690357462,3,4,6,8,9
143,Ed Davis,-5.044341406,0.734576411,-0.677700483,1.373243061,-0.467983882,3,4,2,11,10
145,Ekpe Udoh,-4.49862883,-0.09257047,1.08542243,0.82952846,-0.313836926,3,4,6,11,10
149,Enes Kanter,-3.933755679,0.765783859,3.402543259,-1.345206846,1.940233329,3,4,6,8,9
173,Gorgui Dieng,-2.06891366,-1.421284347,1.188826366,1.194419871,0.445406941,3,25,10,4,4
175,Greg Monroe,-3.97224669,1.330638446,-0.34522781,-0.272814959,0.402831725,3,4,6,11,9
177,Hamidou Diallo,-2.102306555,0.365621113,-2.6703452,-1.457386313,0.018169132,3,19,18,10,16
179,Harry Giles,-4.773468496,1.388104065,-2.65026385,0.766244946,-0.66493461,3,4,19,11,10
180,Hassan Whiteside,-8.084984859,-0.23605628,0.041467735,-0.076248942,-0.827240155,3,6,14,14,10
184,Ian Mahinmi,-3.754351245,-0.224927515,-0.598683636,1.965285079,0.430266196,3,4,2,11,8
191,Isaiah Hicks,-3.103495497,0.204126729,0.511849542,0.999323846,0.992021921,3,4,6,8,8
194,Ivan Rabb,-3.479349443,0.020219526,-1.56907689,0.261433446,-0.894220392,3,4,19,10,14
195,Ivica Zubac,-5.629625341,0.006976354,1.039230235,-0.774379925,0.57417635,3,4,14,8,10
202,Jahlil Okafor,-4.621856367,0.005039452,0.473513638,-0.681225377,-0.254045806,3,4,6,8,10
205,Jakob Poeltl,-4.428465658,-0.307415641,0.10870772,-0.025423822,0.187385796,3,4,6,11,10
218,Jaren Jackson Jr.,-3.161563307,-0.516169521,-0.40198516,-0.666530077,1.045717207,3,4,6,8,8
221,Jarrett Allen,-5.390013989,-0.637923288,-0.534549885,-0.772080227,-1.162560668,3,4,14,8,10
222,Jason Smith,-1.532928503,-2.167162064,0.901517816,2.617336371,1.655366806,3,4,10,8,4
223,JaVale McGee,-7.594685852,-0.583469244,-0.307594724,0.368302024,-1.749359797,3,6,14,14,10
240,Joakim Noah,-5.581689985,1.484934303,0.531880933,1.568735842,-0.693278114,3,4,14,11,10
244,Joel Embiid,-4.86735664,0.354584215,2.809804189,-0.032479216,0.279781333,3,4,6,8,9
245,John Collins,-4.142532332,-0.60633427,1.361734823,-2.126011977,0.379420756,3,4,6,8,10
249,Johnathan Motley,-6.513043589,2.236677909,-1.98122301,-0.514749905,-1.288723794,3,6,19,11,10
250,Johnathan Williams,-5.041452675,0.767331536,-2.854312888,-0.331845945,-1.949424126,3,4,19,11,10
251,Jon Leuer,-3.08481406,-0.588590033,-1.756760119,1.758935795,-1.664197483,3,4,2,10,14
254,Jonas Valanciunas,-5.211518429,-0.088752107,2.817467841,-0.408175605,1.382574125,3,4,6,8,9
257,Jordan Bell,-2.917273126,0.348812039,-1.60177712,0.987979802,-1.096775297,3,4,19,10,14
269,Julius Randle,-3.22394944,1.199897318,1.253805611,-0.832180404,0.314362004,3,4,6,8,9
274,Jusuf Nurkic,-6.370339073,1.074501851,-0.109931242,0.716092625,-0.586994909,3,4,14,11,10
276,Karl-Anthony Towns,-3.72798136,-0.006227878,2.156350318,-0.540763958,1.239976331,3,4,6,8,9
282,Kenneth Faried,-5.00744129,-0.29996174,0.950311856,-1.305445182,-0.216853085,3,4,6,8,10
290,Kevon Looney,-4.525122635,0.140818817,-2.402141247,0.086878887,-1.370096007,3,4,19,11,10
291,Khem Birch,-4.821711003,0.392147735,-0.40564299,-0.155069691,-1.533867639,3,4,19,11,10
295,Kosta Koufos,-3.812514298,-0.499905606,-0.21197643,1.684338105,1.052381978,3,4,2,11,8
303,LaMarcus Aldridge,-2.958932993,-0.275715146,1.940273063,0.853077642,-1.817800758,3,4,6,8,14
308,Larry Nance Jr.,-2.766987087,0.655266083,-0.092485746,0.366069467,0.378017047,3,4,6,8,9
325,Marc Gasol,-1.320009921,-0.517899269,1.659497294,2.352958978,-0.17059562,3,47,10,8,4
326,Marcin Gortat,-3.125500752,-0.332211097,1.10210913,2.661399812,0.426280548,3,4,2,8,8
334,Marquese Chriss,-2.92897126,-0.892670655,-1.244007588,-0.268371586,1.566623594,3,4,18,8,8
336,Marvin Bagley III,-3.635454055,0.088305976,0.161061887,-1.510789944,-0.356888122,3,4,6,8,10
338,Mason Plumlee,-5.444193188,1.03215632,-1.182808581,1.909368774,-0.351370058,3,4,2,11,10
343,Meyers Leonard,-1.743323609,-2.076436638,1.918547804,0.865534659,0.778379556,3,25,10,4,4
344,Michael Beasley,-3.163367491,1.001767568,-0.094032005,-0.053909328,-0.049470527,3,4,6,8,9
352,Miles Plumlee,-4.707532957,0.926524259,0.980460132,-0.350294075,-1.403612233,3,4,14,8,10
354,Mitch Creek,-2.270069225,1.53178413,-1.483729727,-1.27537453,-3.15143472,3,4,19,17,10
355,Mitchell Robinson,-6.723240006,-0.649975305,0.087060593,-1.000368418,0.647176653,3,4,14,14,10
356,Mo Bamba,-2.966105123,-1.057109393,-0.781938045,-0.081162171,0.845433561,3,4,10,8,8
358,Montrezl Harrell,-5.861496297,1.203352788,-0.771404419,-1.262245212,-1.764042525,3,4,19,11,10
360,Myles Turner,-2.515797079,-1.971146169,1.717248176,-0.037712282,1.035110565,3,25,10,4,4
363,Nenê,-2.436073452,-0.269147304,-0.893314407,1.868320079,-1.70409731,3,4,2,10,14
364,Nerlens Noel,-4.918337134,0.024925857,-0.313203643,-0.231551558,1.069401264,3,4,6,11,10
368,Nikola Jokic,-3.091869648,1.947212713,1.944440769,0.351721142,0.615583575,3,4,6,8,9
370,Nikola Vucevic,-2.378728342,0.513973673,1.796843986,-0.784568183,-0.364954764,3,4,6,8,9
371,Noah Vonleh,-2.248639632,-0.054616051,0.574429699,0.594267968,1.067040549,3,4,10,8,8
384,Pau Gasol,-2.773819812,-0.674730238,1.883727081,3.091327282,-0.485803224,3,4,2,8,8
386,Paul Millsap,-2.102859205,-0.076361423,1.456828737,0.223075168,0.426991331,3,1,10,8,9
394,Ray Spalding,-5.595903969,1.259962969,-3.81528587,-0.315689192,-0.515951083,3,4,19,11,10
398,Richaun Holmes,-5.471733972,0.079029793,0.635456617,-0.470002504,0.368503131,3,4,14,8,10
401,Robert Williams,-5.930853214,-1.12999439,-0.204459291,-0.330523049,0.566080876,3,4,14,14,10
402,Robin Lopez,-3.823937445,-0.558744254,0.168868329,1.147074815,-1.559865044,3,4,2,8,14
407,Rondae Hollis-Jefferson,-2.300515186,0.693312843,-1.065836517,-1.217051883,-0.452930308,3,1,18,10,16
410,Rudy Gobert,-7.372754434,0.037070031,2.058622227,-0.638101653,-0.643786389,3,6,14,14,10
415,Salah Mejri,-3.979672449,-1.229857423,1.316473895,1.274588377,1.049788493,3,4,6,8,8
418,Serge Ibaka,-2.967898547,-1.704340684,1.210990814,0.714740382,-0.663087336,3,4,10,8,4
426,Sindarius Thornwell,-0.799247601,0.883996349,-2.57864055,1.939246823,0.897867603,3,11,11,10,8
427,Skal Labissière,-2.113049319,1.198732927,-1.482844489,0.876138401,0.724745545,3,11,18,10,8
433,Steven Adams,-4.994214838,0.688660388,-0.995341006,-0.650447402,-1.452502545,3,4,19,11,10
435,T.J. Leaf,-2.506173811,-0.574129784,-0.173696167,-1.921039455,-1.077950166,3,4,18,17,16
438,Taj Gibson,-2.898219145,-0.40187868,1.115124138,0.072749353,-0.14604252,3,4,6,8,9
446,Thomas Bryant,-4.009441875,-1.233369054,0.85808997,-0.98060065,-1.054429238,3,4,6,8,10
463,Tristan Thompson,-3.72487856,0.747408958,0.95813483,-0.255837385,0.015254033,3,4,6,8,9
471,Tyler Zeller,-5.414221633,0.24271589,-1.21113431,1.749033259,-1.078591453,3,4,2,11,10
483,Wendell Carter Jr.,-4.129248225,-0.885275305,-0.68312096,0.612067496,0.047178262,3,4,2,11,14
488,Willie Cauley-Stein,-4.37490669,-0.198254585,0.960430262,-1.280865941,0.370022351,3,4,6,8,10
489,Willy Hernangómez,-3.943466157,0.702200385,0.799665585,-0.703656194,1.139287997,3,4,6,8,9
493,Zach Collins,-2.761267392,-0.859540418,-0.059511973,0.460078527,0.735561999,3,4,10,8,8
6,Alec Burks,0.877722053,0.698309115,0.902585043,-0.326342641,0.028541435,2,2,17,5,5
7,Álex Abrines,2.673946776,-2.674564422,-0.287648845,-0.047183469,-0.04294278,2,3,1,6,6
13,Allen Crabbe,2.56495114,-2.723297445,-0.229476818,0.27324261,0.768166342,2,3,1,6,6
25,Anthony Tolliver,1.726313934,-2.613694905,0.521038604,1.516139089,0.587379911,2,3,16,6,6
29,Avery Bradley,2.490575333,-1.202688669,0.073574856,1.045010814,0.077192716,2,3,16,5,6
30,B.J. Johnson,2.169745557,-1.855742741,1.071784135,-1.431267004,1.346703472,2,3,1,6,11
39,Bogdan Bogdanovic,1.898438539,0.843907804,0.672328836,-0.092038888,-0.085034527,2,2,17,5,5
40,Bojan Bogdanovic,1.034949977,-0.894892903,1.548637058,-0.943714568,-0.189475649,2,3,17,6,11
48,Brook Lopez,-0.660555067,-3.142680495,2.043387541,0.85807784,-0.139481521,2,9,10,4,4
51,Bryn Forbes,3.482879149,-0.765247755,1.021892694,-0.213844249,-0.046814875,2,3,7,5,11
52,Buddy Hield,2.216007813,-0.993190376,1.463420272,-0.876485412,0.33521238,2,3,7,6,11
53,C.J. Miles,2.345943808,-2.202208355,0.135354281,0.384942436,0.216712809,2,3,1,6,6
57,Cameron Reynolds,2.449629779,-2.849114296,-0.043930226,-0.339597944,0.602692621,2,3,1,6,6
59,Carmelo Anthony,0.739786068,-1.863878048,0.964852291,1.326743965,-1.057878908,2,3,16,6,1
62,Chandler Parsons,1.271198466,-0.87452079,0.206488802,1.176964196,0.029066557,2,3,16,6,4
63,Channing Frye,1.477714967,-2.873551104,1.469164784,2.499526815,0.737473909,2,12,16,6,4
71,CJ McCollum,1.859763449,0.200083092,1.583575715,-0.53885661,-0.408662217,2,3,17,5,5
77,Courtney Lee,2.215079853,-0.655674193,0.141426581,0.61315121,-0.885774059,2,3,7,5,6
85,Damion Lee,2.666809634,-2.336974334,0.563101821,-0.653461581,0.133973552,2,3,1,6,6
86,Damyean Dotson,2.492480316,-0.91998999,0.188244027,-0.364703856,-0.072868116,2,3,7,6,6
89,Danilo Gallinari,0.239444149,-0.344784796,2.737270263,0.223125149,-0.542500324,2,16,17,4,1
90,Danny Green,2.90388338,-2.406263547,0.75643778,0.025880552,1.010423252,2,3,1,6,6
91,Dante Cunningham,0.891214654,-1.706448827,0.656093335,0.572819547,0.821366199,2,3,16,3,3
93,Danuel House,1.462549993,-2.493773216,0.004690772,-0.711020658,0.432793109,2,3,1,6,3
95,Darius Miller,3.100076,-1.981832052,0.320006266,1.857591773,-1.312134957,2,17,16,16,15
99,Davis Bertans,1.800724379,-3.038473675,1.571099238,0.35990749,0.49742554,2,3,1,6,6
109,DeMarre Carroll,1.120268485,-1.443631838,0.674457245,0.148937241,-0.362437005,2,3,16,6,1
110,Demetrius Jackson,2.088246426,0.265898514,2.013556735,-2.457649292,0.652601874,2,2,17,9,5
111,Deng Adel,2.134087718,-1.619092638,-1.136983603,0.741265211,0.132844653,2,3,16,6,6
112,Dennis Schröder,1.594427977,1.529236426,0.734873843,-0.130988061,0.236391087,2,2,17,5,5
120,Devin Harris,1.822898541,0.365281449,-0.182465317,1.072199391,-0.165098323,2,2,13,5,2
132,Doug McDermott,1.449211596,-2.899501959,0.633558018,-0.716559704,-0.455804406,2,3,1,6,11
136,Duncan Robinson,1.601407462,-3.049470987,-0.741292075,-0.996672914,-1.803680975,2,3,1,3,11
151,Eric Gordon,2.268462443,-0.908384209,0.782053259,-0.581840214,-0.35134969,2,3,7,6,11
154,Evan Fournier,1.780498707,0.100768286,0.232277357,-0.156447824,-0.129187251,2,3,7,5,5
162,Garrett Temple,1.8060424,-1.156789687,-0.443784507,0.428007595,-0.085414107,2,3,16,6,6
163,Gary Clark,1.622235599,-2.937548541,-0.043136869,-0.859346994,-0.978637208,2,3,1,6,11
166,George Hill,2.090017613,0.833738036,0.164305813,0.157469751,-0.817053813,2,2,7,5,5
167,Georges Niang,1.644021203,-2.11591495,0.282498941,-0.333617789,0.93590886,2,3,1,3,3
168,Gerald Green,2.715747947,-3.408834785,0.688657737,-0.202910026,-0.308692978,2,3,1,6,6
172,Gordon Hayward,0.867030313,-0.115418196,1.098165748,0.24403909,-0.616467208,2,3,17,5,1
178,Harrison Barnes,1.401906508,-1.228437633,1.201399649,-1.230069036,-0.050701094,2,3,1,6,11
183,Ian Clark,3.240710376,-0.256530806,-0.45544877,-0.078063286,0.156004133,2,3,7,5,11
185,Iman Shumpert,2.732647349,-1.383285871,-0.171121584,0.297540879,-0.216495218,2,3,7,5,6
197,J.J. Redick,3.768967086,-2.029952817,1.557215828,1.276317115,-2.110565247,2,17,3,16,15
198,J.R. Smith,3.499155041,-0.76039647,1.679505277,2.271690375,-0.66522004,2,17,7,5,11
201,Jae Crowder,1.062933908,-2.334777933,0.076614157,-0.298959231,-0.413821212,2,3,8,6,3
209,Jamal Murray,1.973546409,1.186574893,1.166180108,-0.958275441,0.155356765,2,2,17,5,5
213,James Nunnally,3.602646136,-3.82213374,-0.041908639,-1.141742805,-0.4659699,2,33,1,6,6
215,Jared Dudley,1.006177379,-1.823417761,-0.106557846,1.704372055,0.329720204,2,3,16,6,4
217,Jarell Martin,0.187205095,-3.648098802,-0.074469672,0.629432142,0.662688973,2,3,8,6,4
228,Jeff Green,0.418817786,-1.608786014,1.466822214,0.520836857,-0.723202923,2,3,16,6,1
232,Jeremy Lamb,1.329975693,0.689409648,1.303483669,-1.698814991,0.08481357,2,3,17,5,5
241,Jodie Meeks,2.532825487,-3.031651561,1.818847829,-1.264197798,-1.457052266,2,37,1,6,11
242,Joe Harris,1.45322117,-1.379124324,1.042601912,-0.128271782,0.81427366,2,3,1,3,3
243,Joe Ingles,2.179618023,0.647116094,0.636610392,0.998659529,0.754128738,2,2,13,2,2
247,John Jenkins,3.704669867,-2.911656875,0.99383434,1.391355582,-3.047015019,2,17,3,16,15
253,Jonas Jerebko,-0.049804324,-2.226886592,0.849022685,0.94779354,0.197568403,2,3,16,6,4
258,Jordan Clarkson,2.120285197,0.865918971,0.606178182,-1.470137246,-0.803176475,2,2,17,5,5
265,Josh Richardson,2.185957979,0.201494798,0.326843454,-0.439188143,-0.177084831,2,3,7,5,5
268,Julian Washburn,1.687349711,-1.222887553,-1.270532061,0.915299548,-0.959403322,2,3,16,6,6
271,Justin Holiday,2.726294374,-1.49788788,-0.144353607,-0.404015995,0.100746716,2,3,1,5,6
272,Justin Jackson,1.521246812,-2.536355588,0.087163188,-1.144221124,-0.755239799,2,3,1,6,11
285,Kentavious Caldwell-Pope,2.342377626,-1.736256403,0.176434833,-1.174947091,-0.676190315,2,3,1,6,11
289,Kevin Love,-0.493943777,-1.329777788,2.770757599,0.776376594,0.95172337,2,9,10,4,1
292,Khris Middleton,1.700167109,1.300779894,1.253843571,0.223880213,-0.344184548,2,2,17,5,5
294,Klay Thompson,2.415333219,-2.018279217,1.155952295,-0.467211184,-1.116072442,2,3,1,6,15
304,Lance Stephenson,1.854215971,0.728826892,0.191084818,0.384273507,0.989715883,2,2,13,2,2
305,Lance Thomas,0.718939672,-2.337615494,-0.623475445,0.869614302,-0.374208812,2,3,16,6,3
306,Landry Shamet,3.165053168,-1.882768297,-0.46562027,-1.208029952,0.275694379,2,3,1,5,6
307,Langston Galloway,3.545085024,-2.839745343,-0.390862884,-1.14270411,-0.370331644,2,3,1,6,6
317,Luke Kennard,2.893193396,-1.049861825,0.506419001,-0.266749949,-0.302086001,2,3,7,6,6
318,Luke Kornet,0.464880326,-2.563380443,1.216896708,-0.392054906,0.492879891,2,3,8,4,4
321,Malcolm Brogdon,0.793607785,0.670758297,2.024304156,-1.561382021,0.202202003,2,2,17,5,5
323,Malik Beasley,2.293932315,-1.680859407,0.083335225,-2.208315745,-0.28007118,2,3,1,6,11
327,Marco Belinelli,2.826299902,-1.796565522,1.283026631,0.844687548,-1.156084825,2,3,7,16,15
328,Marcus Derrickson,1.909975354,-3.529815965,0.485427381,0.376670507,1.201039756,2,3,1,6,6
329,Marcus Morris,0.760878787,-1.360148728,0.793278464,0.542806924,-0.67906276,2,3,16,6,1
337,Marvin Williams,1.229969805,-2.492556398,0.598223132,-0.316313478,0.107962677,2,3,1,6,3
349,Mike Muscala,0.459047945,-2.685102707,0.31896229,1.070021451,0.0567279,2,3,16,6,4
350,Mike Scott,1.565865114,-2.388046636,-0.012235029,0.946020618,1.092460764,2,3,16,6,6
366,Nicolas Batum,1.42553825,-0.624086876,1.255320899,1.042259142,0.315921244,2,3,16,6,4
367,Nik Stauskas,2.523720249,-0.582493073,0.439246615,-0.189412106,0.122035703,2,3,7,6,6
369,Nikola Mirotic,0.343790509,-2.349667318,1.474537563,-0.39243678,-0.126484015,2,3,8,4,4
376,Otto Porter,1.634228522,-1.037540096,0.614592616,-0.643535411,-0.292744271,2,3,7,6,11
377,P.J. Tucker,2.064155148,-2.742509072,-0.834605741,0.212959433,1.195648741,2,3,4,6,6
382,Patrick Patterson,1.20374401,-2.632734228,-0.48403322,0.298806908,-0.362629018,2,3,16,6,3
383,Patty Mills,3.985055959,0.389152455,0.737436682,-0.106665161,-0.332324579,2,2,7,5,11
385,Paul George,1.023002673,1.07633601,1.781759707,-0.817575976,0.111797872,2,2,17,5,5
390,Quinn Cook,3.436933694,0.04634648,0.072434673,-0.342873828,-0.115496896,2,3,7,5,11
395,Raymond Felton,3.537470751,0.70681454,1.136884208,0.978431753,-0.775511679,2,2,7,5,11
396,Reggie Bullock,3.089191021,-2.274317488,0.233361684,-0.091276725,-0.435654819,2,3,1,5,6
397,Reggie Jackson,2.810211831,1.390029957,0.806480072,-0.046830552,0.23404744,2,2,13,2,2
404,Rodney Hood,2.290983619,-0.305372968,0.864249552,-0.167625941,-0.682545348,2,3,7,5,5
409,Rudy Gay,-0.10777331,-0.365234487,2.18914297,1.047920529,0.411911101,2,16,10,4,1
412,Ryan Anderson,0.428533068,-1.317307622,-0.713316437,2.324571561,-0.853718381,2,3,16,19,4
413,Ryan Arcidiacono,2.771341829,1.039803025,0.176993884,0.021956441,0.584642847,2,2,13,2,2
414,Ryan Broekhoff,2.35562817,-2.885726702,0.555659991,-0.112565663,0.304555515,2,3,1,6,6
419,Seth Curry,3.755542877,-0.642357892,0.501445715,-0.034813571,0.041510642,2,3,7,5,11
431,Stephen Curry,3.568797676,0.666101998,1.942971562,-0.742209515,0.187897758,2,2,7,5,11
441,Terrence Ross,3.180560339,-1.608914819,1.59646996,0.423011241,-1.843276925,2,17,7,16,15
450,Tim Hardaway Jr.,2.114642349,0.016025801,0.779447189,-0.359345744,-0.666548489,2,3,7,5,5
452,Tobias Harris,0.343153805,-0.099313233,1.998673983,-0.489234193,-0.1532209,2,3,17,4,1
456,Tony Snell,1.910238057,-2.266686616,0.677667243,-0.977930878,-0.371817337,2,3,1,6,11
459,Treveon Graham,2.096179283,-2.195232612,-1.207557389,0.20618285,-0.032201029,2,3,1,6,6
460,Trevor Ariza,1.580090882,-0.837125633,0.778107232,0.142749872,-0.155504014,2,3,7,6,1
465,Troy Daniels,3.62201433,-1.844016844,-0.180910815,-0.044953024,0.416778231,2,3,1,5,6
467,Tyler Cavanaugh,0.207519358,-3.312750311,-1.191812048,0.138029779,-0.833540066,2,3,8,3,3
478,Vince Carter,1.938171488,-1.689538691,1.303257371,1.551548543,-0.125998126,2,3,16,6,15
481,Wayne Ellington,3.5753543,-2.410570609,-0.121026749,-0.719429719,-0.427900847,2,3,1,6,6
485,Wesley Johnson,1.640584058,-2.488450211,-0.983176305,1.405119455,-0.654844505,2,3,16,6,3
486,Wesley Matthews,2.617381917,-0.948889844,0.530665517,0.495254763,-0.077691796,2,3,7,5,6
487,Will Barton,1.608847824,0.490391797,0.464546897,-0.089483376,-0.093189944,2,3,17,5,5
490,Wilson Chandler,0.998785644,-1.726105339,-0.037026839,1.606427888,0.594422936,2,3,16,6,4
1,Aaron Gordon,-0.646912636,0.001669079,0.834848501,-0.792723477,0.074537091,1,1,18,1,1
3,Abdel Nader,0.770774744,-1.229720151,-0.445723662,-0.828933586,0.609431982,1,3,15,3,3
4,Al-Farouq Aminu,-0.02234084,-1.208349976,0.92190316,-0.344096663,-0.027956769,1,3,8,4,1
5,Al Horford,-1.103473262,-0.790055824,1.511494179,1.03779952,-1.010716964,1,1,10,1,4
10,Alex Poythress,-2.360419676,-1.626011525,-0.080608302,-0.140199341,1.413675823,1,4,10,8,8
11,Alfonzo McKinnie,-0.87606131,-2.234404337,-1.092713261,-0.49867478,0.418312777,1,3,8,3,3
18,Andre Iguodala,0.06656337,-0.787845487,0.287776692,0.661724429,-1.199571695,1,3,16,1,4
21,Andrew Wiggins,0.722059015,0.3972903,0.358970849,-1.525852694,-0.168783375,1,3,17,3,1
26,Antonio Blakeney,2.10298334,-0.458971968,0.247651056,-1.540580161,-0.36035676,1,3,7,3,11
28,Austin Rivers,2.087571542,0.566462699,-1.2914302,-0.337457773,-0.095256304,1,2,13,3,3
32,Ben McLemore,2.708058488,-2.57282461,-1.80849327,-0.647135914,1.162698421,1,3,4,6,3
38,Bobby Portis,-1.202955957,-0.353320085,0.539201505,-0.95213354,0.968499053,1,1,18,1,1
41,Bonzie Colson,0.216188532,-2.120066188,-0.397755627,-2.346627105,-0.514369861,1,3,8,3,3
45,Brandon Ingram,-0.445448288,0.908782136,-0.17346902,-0.882547414,-0.302738682,1,1,18,1,13
47,Brandon Sampson,1.538343077,-0.60391815,-1.56499955,-1.237146779,0.99547625,1,3,15,3,3
49,Bruce Brown,-0.155208906,-0.50110993,-1.348708908,-0.144890919,0.90827453,1,1,15,1,13
50,Bruno Caboclo,0.078748654,-2.016454565,-0.132101156,-0.107995941,1.334480053,1,3,8,3,3
60,Cedi Osman,1.000753117,-0.330695571,0.042152117,-0.413671351,0.139810269,1,3,15,3,3
61,Chandler Hutchison,-0.377400495,-0.645475202,-1.343702713,-1.049717923,-0.355356071,1,1,18,1,3
75,Corey Brewer,-0.198253014,-0.132481538,-0.928908147,0.278265841,0.308768825,1,1,18,1,13
81,D.J. Wilson,-0.300542325,-2.411199677,-0.777404001,-0.26933485,0.752655747,1,3,8,3,3
94,Dario Šaric,0.287565246,-1.152989743,0.272940629,-0.284923422,0.192468319,1,3,8,3,1
98,David Nwaba,-0.368022434,-0.277574606,-0.557893437,-0.768077845,0.32871261,1,1,18,1,13
100,Davon Reed,1.582772621,-0.594728256,0.062548465,-1.112854799,-0.321008272,1,3,15,3,11
103,DeAndre' Bembry,-0.839337034,1.217912951,-1.143835184,-0.269331011,0.668352707,1,1,18,1,13
114,Deonte Burton,-0.225614308,-1.444373325,-1.618414747,-0.303232079,0.146049205,1,3,8,1,3
125,Dillon Brooks,-0.075201787,-0.52627108,-1.006442895,0.074334821,1.370544576,1,1,15,1,13
126,Dion Waiters,3.204229296,-0.20331651,-0.612636999,-1.005524276,0.409132442,1,3,7,3,3
130,Donte DiVincenzo,1.287596356,-0.949454955,-1.317652246,-0.705172794,-0.530654797,1,3,15,3,3
131,Dorian Finney-Smith,-0.232804733,-1.111621912,-0.784086595,-0.597286537,0.215624749,1,3,8,1,13
133,Dragan Bender,-1.906070043,-1.626892902,-1.132049743,0.562991533,-0.280961756,1,21,10,1,8
137,Dwayne Bacon,1.192936554,-0.810349264,0.573747266,-1.232269823,0.137992317,1,3,15,3,11
142,E'Twaun Moore,2.137316416,-0.61442845,-0.240836177,-0.736655827,-0.31874571,1,3,7,3,11
144,Edmond Sumner,0.576905813,0.576294278,-2.091173684,-0.820460185,1.114487345,1,1,15,2,13
153,Ersan Ilyasova,-0.60847968,-1.786709125,0.409806765,0.942542236,0.704956891,1,3,10,4,4
156,Frank Jackson,1.481575762,-0.658430848,-1.2006741,-1.93250303,-0.298754075,1,3,15,3,3
157,Frank Kaminsky,-1.392724941,-1.176260065,0.282690254,0.270925744,-0.715555193,1,1,10,1,4
161,Furkan Korkmaz,1.536211163,-1.196804047,-0.481573683,-1.157514562,-0.001414539,1,3,15,3,3
164,Gary Harris,1.225916847,-0.140174319,-0.128293635,-1.518666076,-0.237541749,1,3,15,3,11
165,Gary Trent Jr.,2.932957785,-0.726722174,-1.229883182,-0.791640019,-0.4784404,1,3,7,5,3
170,Glenn Robinson III,0.753486274,-1.940548651,-0.755636359,-0.542199241,-0.856535822,1,3,8,3,3
174,Grayson Allen,2.310048849,-0.738535104,-0.927424934,-0.564171227,0.819334472,1,3,15,3,3
176,Guerschon Yabusele,-1.877843927,-0.741177488,-1.02028977,0.635916074,0.736381551,1,1,10,1,8
182,Henry Ellenson,0.092181447,-1.708677514,0.431727325,-0.592057014,1.391759336,1,3,8,3,3
187,Isaac Humphries,0.283443589,-3.45741751,-0.546904468,-1.81801321,1.064270419,1,28,8,3,3
199,Jabari Parker,-1.773073448,0.289538509,0.661268809,-0.574166082,0.104799368,1,1,18,1,1
203,JaKarr Sampson,-1.179927489,-0.143123362,0.233376292,-1.150210164,-1.370242078,1,1,18,1,1
204,Jake Layman,-0.688135652,-1.407409455,-0.512891197,-1.089455687,-1.037701264,1,3,8,3,3
207,Jalen Jones,0.033999552,-0.237037725,-0.529780284,-0.478532235,1.037688377,1,1,15,1,13
210,James Ennis,0.341132422,-2.001585798,-0.610725609,-0.475593293,0.402029145,1,3,8,3,3
212,James Johnson,0.115940134,0.085333901,0.470031751,0.787747727,0.48983971,1,3,10,1,4
214,JaMychal Green,-1.394908055,-1.170098397,0.701762789,0.430850734,1.694315141,1,1,10,8,4
219,Jaron Blossomgame,-0.25179978,-1.52082648,-0.446470869,-0.837351211,-0.945323769,1,3,8,3,3
226,Jaylen Brown,-0.318110792,-0.491337775,-0.499639917,-1.374735122,0.278703317,1,1,18,3,16
227,Jayson Tatum,0.243083452,-0.28998351,0.455908662,-1.349351172,0.044827652,1,3,15,3,1
230,Jemerrio Jones,-0.836681023,0.707261312,-2.145258023,-0.643443177,0.386259534,1,1,18,1,13
231,Jerami Grant,-0.53595475,-2.112507568,0.084174295,-1.787487389,0.003668561,1,3,8,3,3
235,Jerome Robinson,2.160388739,-0.674581764,-1.582516256,-0.111824738,0.836458097,1,3,15,3,3
246,John Henson,-2.063199834,-1.205316284,0.411302868,-0.482866087,0.921737956,1,1,10,8,8
252,Jonah Bolden,-1.774500589,-1.665215392,-1.342313572,0.763047679,1.248601804,1,38,10,1,8
255,Jonathan Isaac,-0.718372429,-2.125510225,0.092948307,-0.822922788,0.235392755,1,3,8,3,3
262,Josh Hart,1.123751195,-1.280650004,-0.906691867,-0.69740283,0.165076112,1,3,15,3,3
263,Josh Jackson,-0.707921131,0.843890654,-0.951600101,-0.618889411,0.964141982,1,1,18,1,13
264,Josh Okogie,0.526520439,-0.386112963,-1.561684014,-1.363575878,0.213861669,1,3,15,3,3
267,Juan Hernangómez,0.460718538,-1.805707036,-0.27438608,-0.601619716,0.093027007,1,3,8,3,3
270,Justin Anderson,-0.094211046,-0.478095259,-0.458390092,-0.631614881,0.507304083,1,3,15,1,13
273,Justise Winslow,0.656869074,0.760776358,-0.594490694,-0.522240568,1.271664769,1,1,15,3,13
278,Keita Bates-Diop,-0.379889136,-1.637680905,-1.217900402,-0.968492899,-1.02351973,1,3,8,3,3
279,Kelly Olynyk,-0.424156519,-1.551962804,0.783112521,0.775182497,0.436041855,1,3,10,4,4
280,Kelly Oubre Jr.,-0.49669166,-0.045579306,-0.206782561,-1.781862484,0.156650011,1,1,18,3,16
283,Kenrich Williams,0.920598978,-0.946411248,-1.360562601,-0.263945815,0.394857299,1,3,15,3,3
284,Kent Bazemore,1.347710651,0.492085411,-0.575136507,-0.372440419,0.62579399,1,3,15,3,3
287,Kevin Huerter,2.121431992,0.161005611,-0.675921209,-0.803868562,0.868475497,1,3,15,3,3
288,Kevin Knox,0.870075946,-0.645615831,-0.544943574,-1.156540091,0.558287901,1,3,15,3,3
293,Khyri Thomas,2.071521052,-2.209125545,-2.13184827,-1.407288074,0.685339164,1,3,4,6,3
297,Kyle Anderson,-1.275966778,0.354520584,-0.749577139,0.46123528,0.435540487,1,1,18,1,8
299,Kyle Kuzma,-0.22529261,-0.795455602,0.43108369,-1.248930269,-0.526901156,1,1,8,3,1
309,Lauri Markkanen,-0.916723507,-1.417135496,1.45493951,-0.903608127,0.370391982,1,1,10,4,1
315,Luc Mbah a Moute,-0.54938777,-1.461877339,-2.196166653,0.824995136,-0.596083712,1,21,11,19,3
319,Luol Deng,-0.075758791,-1.418092177,0.937343473,-0.391277765,-0.893305118,1,3,8,4,1
324,Malik Monk,2.410907292,-0.146336412,-0.540486356,-1.331381714,0.4302312,1,3,15,3,3
331,Mario Hezonja,-0.352888392,0.949662961,-0.963686473,-0.128530118,-0.000229053,1,1,18,1,13
333,Markieff Morris,-0.418903435,-1.638016728,0.206523833,0.757379469,0.321233463,1,3,10,4,4
340,Maurice Harkless,-1.643819819,-0.462206281,-0.986980587,-0.969458852,-0.03038787,1,1,18,17,16
341,Maxi Kleber,-0.865249746,-2.558589974,0.302359399,0.435508914,0.213652203,1,3,10,4,3
346,Michael Kidd-Gilchrist,-1.582705945,-0.6887772,0.110851302,-0.137912,0.876616505,1,1,10,8,8
347,Mikal Bridges,1.315767298,-1.064329956,-1.133371919,-1.097273909,0.208860958,1,3,15,3,3
351,Miles Bridges,-0.507895779,-1.420645339,-0.24891189,-2.027438752,0.003503095,1,1,8,3,3
359,Moritz Wagner,-1.177704618,-0.078050882,-1.47593574,0.399771144,0.065434377,1,21,18,1,8
362,Nemanja Bjelica,-0.818865561,-1.059780138,0.726962488,0.564813543,0.603410522,1,1,10,4,4
372,Norman Powell,1.250581491,-0.106278587,0.351676884,-1.21216256,0.712521536,1,3,15,3,3
373,OG Anunoby,0.265555772,-1.375226676,-1.86583802,-1.353994184,0.503574396,1,3,15,3,3
374,Omari Spellman,-0.642686242,-1.924970283,-0.240424763,-1.047121641,1.136910231,1,3,8,3,3
375,Omri Casspi,-1.908388634,-0.395245653,0.760611404,-0.578417857,-0.576950705,1,1,10,1,1
378,Pascal Siakam,-1.273408525,-0.138822917,0.819587001,-1.189322561,0.679326732,1,1,18,1,1
379,Pat Connaughton,0.460955282,-1.253171058,-0.079301183,-0.901323862,-1.030479104,1,3,8,3,3
389,Quincy Pondexter,-0.542759491,0.022573739,0.575360883,0.75236428,-0.526605455,1,1,10,1,4
393,Rawle Alkins,-0.309041801,0.164099817,-0.511146933,-0.885129394,0.804874723,1,1,18,1,13
400,Robert Covington,0.70141089,-1.226335255,0.023633861,-0.091601791,0.613671559,1,3,15,3,1
403,Rodions Kurucs,-1.020212371,-0.643287841,-0.331177047,-1.004953834,0.91332026,1,1,18,1,1
405,Rodney McGruder,1.881454264,-0.516777539,-0.484372909,-0.397259588,0.413500699,1,3,15,3,3
408,Royce O'Neale,0.830030058,-1.156545005,-0.663818191,0.365907901,0.949872094,1,3,15,3,3
416,Sam Dekker,-1.212527539,-0.24500365,-0.552542617,-1.919510516,-0.556747821,1,1,18,17,16
417,Semi Ojeleye,0.570348635,-2.036118861,-0.708319107,-0.646848996,-0.629834821,1,3,8,3,3
422,Shake Milton,1.481096776,-1.626664023,-1.392163464,-0.910854615,0.226768548,1,3,15,3,3
428,Solomon Hill,1.049632994,-1.49904409,-0.811346996,0.659509178,0.470355334,1,3,16,3,3
430,Stanley Johnson,0.894245719,-0.0575147,-0.83414184,-0.447629321,1.148255739,1,3,15,3,13
432,Sterling Brown,1.00115472,-1.143956156,-0.198463127,-1.00953641,0.807540724,1,3,15,3,3
434,Sviatoslav Mykhailiuk,2.434179605,-1.312986975,-1.70707275,-0.517739336,0.560215923,1,3,4,3,3
437,T.J. Warren,0.445601666,-0.59942732,0.966591976,-1.792947515,0.467099551,1,1,15,3,1
439,Taurean Prince,2.024135602,-0.9152606,0.137500545,-0.392918653,0.793644181,1,3,15,3,3
440,Terrance Ferguson,2.025753526,-2.90349614,-1.778720514,-1.167478348,0.438286083,1,3,4,6,3
443,Thabo Sefolosha,1.437040306,-1.528110291,-0.209956094,-0.08635819,0.814019581,1,3,15,3,3
444,Thaddeus Young,-1.437301484,0.420654315,0.238307046,-0.764827434,0.104339981,1,1,18,1,1
448,Thon Maker,-0.923713201,-2.990143081,-0.603147347,-0.559199236,0.779774534,1,3,8,3,3
451,Timothé Luwawu-Cabarrot,1.104203171,-2.055259511,-0.895187925,-0.948875275,0.645254259,1,3,8,3,3
457,Torrey Craig,-0.105538381,-1.817211706,-0.458017305,0.064209463,0.290544997,1,3,8,3,3
462,Trey Lyles,-0.89568094,-0.663853902,0.245121427,-0.805852957,-0.023063466,1,1,18,1,1
464,Troy Brown Jr.,0.140650812,-0.170188388,-0.653960789,-1.085524351,0.353273924,1,1,15,1,13
466,Troy Williams,-0.473103227,-0.961328077,-1.269695682,-0.92634728,-0.079474898,1,3,18,1,3
468,Tyler Dorsey,1.636161344,-0.368815322,-1.141893619,-1.27804677,-0.257597593,1,3,15,3,3
469,Tyler Johnson,1.958779645,0.223233624,-0.700466989,-0.580570432,-0.388120035,1,3,15,3,3
470,Tyler Lydon,-0.023762576,-0.94237408,-1.673788296,-0.074065996,1.566992797,1,3,15,1,13
473,Tyrone Wallace,-1.200649717,0.720692189,-1.713861154,-0.118395899,0.591487691,1,1,18,1,13
482,Wayne Selden,1.012976685,-0.17257115,-0.372002557,0.056586428,0.41718446,1,3,15,3,3
484,Wesley Iwundu,0.460532069,-0.256696836,-0.700784521,0.244539283,0.332214855,1,3,15,3,3
492,Yuta Watanabe,0.000147267,-1.519568653,-1.669837217,0.047709745,-1.460982641,1,3,8,19,3
496,Zhaire Smith,1.145827094,0.759620033,-1.556542789,-0.735375883,-0.623975581,1,2,15,3,2
