"","player_names","PC1","PC2","PC3","PC4","PC5"
"1","Aaron Gordon",-0.435928327729493,0.0431636480374152,-0.687525329818839,-0.568901564610852,-0.164459373148267
"2","Aaron Holiday",2.43922183802112,1.29709555283408,-0.0232446963129598,0.477629990768438,-0.435408152351531
"3","Abdel Nader",0.464134144180914,-1.16267000742228,-0.383701431442895,0.493405842111934,-0.522513210956699
"4","Al-Farouq Aminu",-0.0151930704367105,-1.12799714939128,-0.10025115618155,-0.707879477112222,-0.0600630231377805
"5","Al Horford",-0.9968041158248,-0.74960737884758,0.366719251250705,-1.69743602669239,0.500054676100414
"6","Alan Williams",-4.66111935730145,0.524883441614906,0.411810324982197,-0.357261871443394,1.93530932264658
"7","Alec Burks",0.764725196052477,0.634808379275899,-0.192373850060886,-0.683676452623385,0.0848505423434274
"8","Álex Abrines",1.92698252545516,-2.43040682072382,-0.151256561944837,0.207789101683085,-0.196812927344708
"9","Alex Caruso",1.14217228780146,2.36525223177025,0.0215926152475712,0.146194061357584,-0.863424432709747
"10","Alex Len",-2.99970359923875,-1.58291290822467,-0.889258274930843,-0.536784966010522,-0.600388286255364
"11","Alex Poythress",-1.91102594393927,-1.3175884766621,-0.04945598689037,-0.186819893377789,-1.04648999419473
"12","Alfonzo McKinnie",-0.690141890452338,-1.92208775951713,-0.270876935513834,0.912808190468805,-0.336764678037489
"13","Alize Johnson",-0.506227072575139,-0.0841530107205355,-0.724623544855072,-1.78351458693852,-3.19199046169744
"14","Allen Crabbe",1.83989813485461,-2.46754055956124,0.127899608722724,0.116711245395618,-0.754745240467798
"15","Allonzo Trier",1.05575439863146,1.94050821693462,-0.020868763583456,-0.261170236422238,0.122391062925004
"16","Amile Jefferson",-2.74882292959701,0.174713897107629,-0.105751043279447,-0.917968447887873,-0.269994478269009
"17","Amir Johnson",-1.97801786545273,0.375841203341218,1.73036399930126,0.0636572119566872,-0.0974846400107601
"18","Andre Drummond",-5.88631400944171,1.27231438730991,0.114311314043482,0.379827621586833,1.0597330965285
"19","Andre Iguodala",0.182852866468242,-0.801830323604509,0.637475597157185,-0.609191662440503,0.0666314104863453
"20","Andre Ingram",2.8441615561542,-0.277866033198469,0.686355470744067,3.77703337620685,0.698496459778508
"21","Andrew Bogut",-3.43754689905583,-0.06297909103036,1.4763515641605,-2.85948970862621,-0.446553168566847
"22","Andrew Harrison",1.05988185698489,1.88078505736538,1.64427703470995,0.0748286547654933,0.431109090334449
"23","Andrew Wiggins",0.646617710916668,0.382026039810559,-1.16647550439448,0.0574086209185599,-0.302415018399997
"24","Anfernee Simons",2.54279081884461,1.35762118315819,-0.805800863192855,1.11225874114566,0.395278960141811
"25","Ángel Delgado",-2.63968908023403,0.357233528260393,-1.50476674533914,2.01859983767335,-0.792250593568788
"26","Ante Žižic",-2.50020595160207,0.720466638454365,-0.391563726437694,0.0357447275248493,-0.103313906151454
"27","Anthony Davis",-3.58822952719739,0.272026075991467,-1.17835864907822,-2.30658333865045,-0.921670734860903
"28","Anthony Tolliver",1.09663324859095,-2.37650820079886,1.12401838495497,-0.887196198261219,-0.000556845368734731
"29","Antonio Blakeney",1.80451913486237,-0.311494817218382,-1.32069357721446,0.125395275583858,-0.0910527578604515
"30","Aron Baynes",-2.41583278007224,-1.08078722642095,1.07888124102278,-1.92072436484551,-0.309618780433459
"31","Austin Rivers",1.71413699077507,0.572659246558793,0.0586057851554797,1.10028650997279,0.206419223609644
"32","Avery Bradley",1.943752016821,-1.04496083714486,0.190041578990035,-0.418023479123941,0.102571117475407
"33","B.J. Johnson",1.90923585415586,-1.6627821924685,-1.44388503861984,-0.733789686895985,-1.63611032094847
"34","Bam Adebayo",-3.40502593165474,1.34926558790557,1.03342853498019,0.455357302738932,1.03096389675166
"35","Ben McLemore",2.12902801415461,-2.33983338670482,-0.10389633465308,1.65868024038401,-0.765665657500062
"36","Ben Simmons",-3.21996689696757,2.8807396302977,0.43318098852632,0.418565260026437,0.471877840578029
"37","Billy Garrett",1.24334954069954,-0.249938703002806,-0.25112592997338,-0.495076332792639,2.64449636785429
"38","Bismack Biyombo",-3.58957493147775,-0.196533002401311,1.29776391071362,-0.921001371019041,-0.1886431609866
"39","Blake Griffin",-0.398696589078999,1.54583701613116,-0.364234268117939,-1.88685518537662,0.813228608866722
"40","Boban Marjanovic",-4.70920812335483,-0.618513989351395,-0.334736611297597,-4.36304167077796,-2.20289214300469
"41","Bobby Portis",-0.921463412871792,-0.262711664604479,-0.83191894094634,-0.210838922336589,-0.551871580734131
"42","Bogdan Bogdanovic",1.56961840998071,0.706572684636573,-0.207132856547857,-0.56074594154147,0.154805694834157
"43","Bojan Bogdanovic",0.736323904394439,-0.894656266278774,-1.06360979760357,-1.02285182740577,-0.139556737246357
"44","Bonzie Colson",0.175361298418752,-2.10489535002109,-1.3766284019912,1.17377405511694,0.0223651607234006
"45","Brad Wanamaker",1.46100457375742,1.66707806922258,1.10193780435277,-0.164807135879806,1.30887090909223
"46","Bradley Beal",0.745669661049648,1.06332867208981,-0.836925498349053,-0.836829860022249,0.147584261848368
"47","Brandon Goodwin",1.8754038508522,2.70284388287491,-0.118252131134257,0.271737741335649,0.160348535133168
"48","Brandon Ingram",-0.255385692242165,0.848084463106222,-0.533285117088375,0.339870600269233,-0.0277592636423929
"49","Brandon Knight",3.30129308736198,1.46127762743814,0.107751149408557,0.596779094123673,1.13859452344786
"50","Brandon Sampson",1.17728156697041,-0.615059666437038,-0.671627166224074,1.58881014468794,-1.62403929380018
"51","Brook Lopez",-1.08840117100875,-2.841974170301,0.661804567492798,-2.36073858546428,-0.171317032794624
"52","Bruce Brown",-0.28663850981034,-0.449935409890177,0.181250970600825,0.970208011633519,-0.875087110318156
"53","Bruno Caboclo",-0.107061117904335,-1.78910300744237,0.160675804355705,-0.0396753680228249,-1.05011849182548
"54","Bryn Forbes",2.98897408678304,-0.580097961145875,-0.696572336996276,-0.874881566873919,-0.200891682211677
"55","Buddy Hield",1.94179693994937,-0.818744798328536,-1.13776578224669,-1.05811821878379,-0.265707388655142
"56","C.J. Miles",1.74178357620555,-2.05997676785633,0.234041822502358,-0.24243070325062,-0.0125160596529595
"57","C.J. Williams",0.709797439757742,0.554162391975358,1.42896736650453,3.19411301107548,1.29504927526154
"58","Caleb Swanigan",-2.59688230983665,0.298072696027935,1.85631210297757,1.15654874330392,-0.841410655141074
"59","Cameron Payne",2.32015866481344,2.33505506339579,0.0748436181995429,0.397868735359567,-0.330235338773373
"60","Cameron Reynolds",1.81912810717634,-2.50537891137923,-0.488565624892101,0.0223296158709659,-0.360558353502659
"61","Caris LeVert",0.696484562242334,2.76915744031712,-0.966897248117654,0.0408113692301519,0.375608241922793
"62","Carmelo Anthony",0.478098719702339,-1.61832529523784,0.779973080533188,-1.24312173079094,1.3839891183283
"63","Cedi Osman",0.663553182815727,-0.337728018315013,-0.27238379211443,0.0852038270125278,0.0678247197048903
"64","Chandler Hutchison",-0.444360627652799,-0.615147758930575,-0.471221010973815,1.4683133391427,-0.052838871731506
"65","Chandler Parsons",0.771401484305497,-0.96278863267429,0.827373301784403,-0.43471719248699,0.371212518427779
"66","Channing Frye",0.847239638572731,-2.56533098719001,1.374814938895,-2.04429394184362,0.0395116540812628
"67","Chasson Randle",2.10429546729388,1.2744798360069,0.350014055090095,0.910636346729963,-0.513517855994718
"68","Cheick Diallo",-3.16106080412572,-0.317116610729868,0.699269165139657,1.02045492917306,0.513532352702495
"69","Chimezie Metu",-2.20399419899365,1.30706878652758,0.610834036254898,1.15996929222183,0.0242063941268056
"70","Chris Boucher",-2.9694182488425,-1.68841593989362,0.0130277312909434,-1.20662259862908,-2.07925196144877
"71","Chris Chiozza",2.27273225705686,-1.0596488357218,0.0229082118793711,0.654801691353859,-2.50118644534586
"72","Chris Paul",4.33581562464676,4.22364046469466,1.24267640895268,-1.47485317535185,1.05879796350072
"73","Christian Wood",-2.99392800088238,-0.1672143167944,-1.25654632858789,-0.0623262086347764,0.324459438753474
"74","CJ McCollum",1.58383015305825,0.264984756631165,-0.984612796560413,-1.2645759639972,0.388509770016984
"75","Clint Capela",-4.63244715908708,0.178962936266952,-1.65184719035105,-0.648157132171542,0.173288554866415
"76","Cody Zeller",-3.21510816882465,-0.0369538299458035,0.414997044533457,-0.732453353018353,-0.342085776604667
"77","Collin Sexton",2.07868500800307,1.9831748933573,-1.17528826706117,0.401640629439911,0.182127383929208
"78","Corey Brewer",-0.168098262078787,-0.349638734949611,0.747958984731139,0.595945721771172,-0.607719724788122
"79","Cory Joseph",2.22818028487547,1.03954178133228,0.552267799922955,0.168261124869436,-0.0851011114977924
"80","Courtney Lee",1.85271896201301,-0.724944294336441,0.415561712556474,-0.412711804265746,0.31098577441604
"81","Cristiano Felício",-2.3770333925043,0.652704815511095,0.320337089513427,0.880644937242272,1.17154981891201
"82","D'Angelo Russell",3.02937425867936,2.88803906889664,-0.777565715485513,-0.638192395816141,0.0514216077180531
"83","D.J. Augustin",2.26650485213028,1.82760359554252,-0.0297618615476787,-2.11426736435997,0.101191104382902
"84","D.J. Stephens",-1.33035045295758,2.79992219935496,-2.71412739857238,2.77011763697036,-2.57928455459262
"85","D.J. Wilson",-0.516775556313906,-2.13790366200816,0.0537131865251561,0.613770471293832,-0.696398687173065
"86","Dairis Bertans",5.33785394089027,-2.19728672609724,0.637870856601445,-0.696309440700305,3.46401128736832
"87","Damian Jones",-3.67912974508308,-0.35542608142003,0.695854414141049,-0.367281840559942,-0.615442050823714
"88","Damian Lillard",2.39280787083052,3.23705460418451,-0.877719255395891,-1.21392161279273,1.22223214544052
"89","Damion Lee",2.13511384823773,-2.13763128832174,-0.645278359941618,-0.335584053783272,-0.379702112019302
"90","Damyean Dotson",2.01278242470976,-0.822081907720201,-0.409815986667217,-0.116340477988607,-0.249051030738913
"91","Daniel Hamilton",0.747189936635552,0.438236882244111,0.602434560725727,1.42461278700615,-1.43400750336616
"92","Daniel Theis",-2.86289379741135,-0.79158811943219,0.713138445339577,-0.0153360176826963,0.573670962289655
"93","Danilo Gallinari",0.229441209112965,-0.291604096836593,-0.0859291361590863,-2.36406325548396,0.637729699956303
"94","Danny Green",2.2823671310883,-2.18222354341414,-0.16574148252031,-0.85686521119883,-1.00158529891976
"95","Dante Cunningham",0.620503001784905,-1.4929952530351,0.204706177768481,-0.919316669829701,-0.814230921398236
"96","Dante Exum",0.238512885547747,1.49662963163643,-0.51832669909802,0.514748341612319,-0.273217206670936
"97","Danuel House",1.09734931451828,-2.26182004137755,-0.341976893182842,0.136432952818352,-0.580156543424756
"98","Dario Šaric",0.1577543602743,-1.04233443203257,-0.328444440844572,-0.0763539413276116,-0.135517503988011
"99","Darius Miller",2.49580702446169,-1.81048682689467,0.848255596995053,-0.874130080049756,1.07330071251066
"100","Darren Collison",3.60826803167393,2.58613355036545,0.165123378965991,-0.901580651913483,-0.499480753760947
"101","Daryl Macon",2.41858994165162,1.67390716164556,1.24048341153995,1.27014764270876,1.18228300815294
"102","David Nwaba",-0.311796866459625,-0.320802132947937,-0.14398683780711,0.495403086293996,-0.466009842271663
"103","Davis Bertans",1.19314761081378,-2.7058541465393,-0.0346980904992843,-1.59440522989399,-0.773298852726937
"104","Davon Reed",1.26484276478134,-0.418010737519684,-1.08408438942368,0.0835013316656996,-0.430222261421535
"105","De'Aaron Fox",1.4098586131799,4.13931505875932,-0.291388002816623,0.201504498355866,-0.180848823926082
"106","De'Anthony Melton",1.31161928790188,1.69832774479,0.995694032448586,1.35170217459747,-2.2842729117229
"107","DeAndre' Bembry",-0.694886012278283,0.897166805068052,0.351508716301929,0.97676760242683,-0.788577510667372
"108","Deandre Ayton",-3.35825584082167,0.774835859153619,-0.278900563906085,1.82422326819203,1.78811047693096
"109","DeAndre Jordan",-4.37000020867058,0.48142459461134,1.15971679645247,-2.04187049116173,0.235572953435282
"110","Delon Wright",0.978984916039809,2.04335232003168,-0.661307812285974,0.051739682477847,-0.444710305506626
"111","DeMar DeRozan",-0.173968941798217,1.63277319389087,0.487434452322707,-0.683516542557612,1.34313221446434
"112","DeMarcus Cousins",-3.84925158599378,0.796845845917801,1.19074431229808,-0.603810375690527,0.513645040316703
"113","DeMarre Carroll",0.856885018479987,-1.36924631593851,0.214787736865387,-0.476905721399368,0.527285773839184
"114","Demetrius Jackson",2.22934622967491,0.22688800544403,-2.14641836770306,-1.48183111612018,-1.94899141450376
"115","Deng Adel",1.51206849997408,-1.38541300195505,0.427421352146064,0.824444685910187,0.0125299151088797
"116","Dennis Schröder",1.35197145407003,1.34953290240272,-0.311508506388878,-0.62404561498393,0.0995468600297908
"117","Dennis Smith Jr.",1.09126227413955,3.10902079717942,-0.366664890217974,0.896557263282236,-0.402516064656248
"118","Deonte Burton",-0.483633148103707,-1.3430140786724,-0.0361222584691674,1.32909950277859,0.015391442871695
"119","Derrick Favors",-4.03386738757758,-0.897913628247324,-0.481769221654327,-0.268019075228727,0.498598567020998
"120","Derrick Jones Jr.",-1.35442489985643,-0.558263554825916,-0.899430403348781,1.35017904919455,-1.08711871233254
"121","Derrick Rose",1.94398294908249,2.26341592743451,-1.56826390530354,-1.48386034118937,0.519275034126948
"122","Derrick White",1.00321486800844,1.53184190009077,0.243574500627136,0.149425664822953,-0.360163631878903
"123","DeVaughn Akoon-Purcell",-1.21135441897836,2.25078529756005,1.22650228811004,3.14586187737368,0.69283850410174
"124","Devin Booker",1.39811626395857,2.61191979155939,-0.207251646622246,-0.727137985170076,0.732517243518211
"125","Devin Harris",1.62541051991255,0.229362509153949,1.09247098947306,-0.112006304175406,0.444704637782798
"126","Devin Robinson",-2.83337060294471,0.382580977804441,-0.227273580804063,1.04610456064747,0.810632611006241
"127","Devonte' Graham",2.89294212073231,1.58121957618,-0.0857976781179868,0.562695550686972,-0.132289845631248
"128","Dewayne Dedmon",-1.89788398695198,-1.88165679801986,0.546953962880416,-1.49487240172729,-1.11019482834608
"129","Deyonta Davis",-3.73857001935446,-0.497618835341996,0.947365811879726,1.58491979362651,2.05111372186209
"130","Dillon Brooks",-0.323422202214651,-0.521563126770551,0.140655254744741,0.688005502204134,-0.928779942775665
"131","Dion Waiters",2.60654164317608,-0.256331048038462,-0.599982115552573,0.77882341167367,-0.286802647112483
"132","Dirk Nowitzki",2.14621619215746,-3.96192643762702,2.15197257613835,-3.71477009771241,4.14243377726139
"133","Domantas Sabonis",-3.41226666225584,0.594300516043024,-0.0447576287377519,-1.34162745098516,-1.07920415303114
"134","Donatas Motiejunas",-6.08886143666727,0.404922324629302,4.72037480742282,1.65855243395713,-2.35468378736317
"135","Donovan Mitchell",0.938065433052243,2.08169861101312,-1.18751740098669,-0.299132830729423,0.0358855604678888
"136","Donte DiVincenzo",1.07783036306302,-0.927601165057135,-0.199181085418575,1.29764111790469,-0.0752971004785967
"137","Donte Grantham",4.66356689724219,-3.74357143234712,-1.5817086303872,1.34788968472643,3.41099841494136
"138","Dorian Finney-Smith",-0.135812392932061,-1.0202650333095,-0.226964497973574,0.705376113800104,-0.430796472977038
"139","Doug McDermott",0.941318233971539,-2.62548473811741,-0.976487537993415,-0.401386470348765,-0.14144188833438
"140","Dragan Bender",-1.9734362859469,-1.59532083834596,1.05721386364557,0.71755063079698,0.125945997793058
"141","Draymond Green",-0.321116685572056,1.18305066926315,2.23181641763234,-0.681125017167464,-1.41650744669185
"142","Drew Eubanks",-2.85496082260033,0.417541033796236,1.1422587145029,-0.924956833916877,-0.758094513393132
"143","Duncan Robinson",1.10694539901535,-2.91259560153109,-0.496631402463489,0.911090381598219,0.517357018273292
"144","Dusty Hannahs",0.981443198391752,0.546383022308035,-1.21781801315734,2.00094052589867,2.3353549873748
"145","Dwayne Bacon",0.85786292794091,-0.590492062097383,-1.16014188631241,-0.293712578331563,-0.227016526091336
"146","Dwight Howard",-4.36090294916055,0.0341572499895509,1.27548167588993,-1.46289660598851,0.629142194453482
"147","Dwight Powell",-2.95047159832826,-0.76218267529592,-0.107019276294082,-0.976836778258918,0.186907304728209
"148","Dwyane Wade",1.2536272068,1.89130690775902,-0.0334124614681402,-1.6408659705601,0.94574421527373
"149","Džanan Musa",-0.794532637686567,-0.868180397551566,-0.509971294499855,5.03036889744225,1.20482460256331
"150","E'Twaun Moore",1.72935694914217,-0.55093074571898,-0.930012220931952,0.419110413581657,-0.0946376705537739
"151","Ed Davis",-3.8593527324641,0.667567799924425,1.77797577274884,0.222611684622809,0.919968473106634
"152","Edmond Sumner",0.458977474172572,0.356472034298553,0.340356925147004,1.84039768755814,-1.20824432789363
"153","Ekpe Udoh",-3.67158206797432,0.00302794150956448,1.07203741535441,-1.59369136843675,-0.319215339908578
"154","Elfrid Payton",0.750126672097741,3.22390892065838,0.232614372702744,0.630074189167006,-0.081093433530154
"155","Elie Okobo",1.65802426682434,1.40495341346153,0.589181761385784,1.12900906315111,-0.427027601094835
"156","Emanuel Terry",-3.75112205412606,2.693782808806,0.440894571313958,1.83837554495599,-2.34969919007073
"157","Emmanuel Mudiay",1.4220017786327,1.85097558332784,-0.696444928138354,0.0725175791382971,-0.355631493956623
"158","Enes Kanter",-3.1275312571845,0.798700665355515,-1.74281362869709,-2.80558980966515,-1.91301719912767
"159","Eric Bledsoe",1.33195477627225,2.70863074517584,-0.395755676303345,-0.214329078816742,0.597474043858317
"160","Eric Gordon",1.68953162966422,-0.845097242777089,-0.711210717848641,-0.423086063807507,0.438462343557883
"161","Eric Moreland",-1.23563636484373,1.593719675922,3.43221293150575,-2.85703662254544,-4.8032384009239
"162","Ersan Ilyasova",-0.710276228487319,-1.6015175202197,0.487422842922646,-0.728013629836153,-0.194210897525489
"163","Evan Fournier",1.43964457886095,0.0246584935524711,-0.331641206532938,-0.162534598191319,0.0533252174765124
"164","Evan Turner",0.169358597493113,1.32904970430505,1.55237886628573,-0.247523992797951,0.843812125672723
"165","Frank Jackson",1.14469609640347,-0.617164986984944,-1.40328185395281,1.60900882662623,-0.00197656077707716
"166","Frank Kaminsky",-1.53413514601915,-1.16229206301129,0.311125134291668,-0.159398145860932,0.925252677479964
"167","Frank Mason III",1.09090107613415,3.18366145407722,0.655993840307137,0.254334490398635,1.65139259152436
"168","Frank Ntilikina",2.09362358458712,1.35562953479773,0.81832248676251,1.10605919163384,-0.271205632029897
"169","Fred VanVleet",2.95776961811516,1.54738901009486,-0.603437133577295,-0.279018908899198,-0.581051127767949
"170","Furkan Korkmaz",1.23431717929276,-1.19691394459739,-0.534028391712939,0.691490668000488,-0.463974573336808
"171","Garrett Temple",1.4802132550058,-1.12983479776429,0.518228761993058,0.140592759317081,-0.219705251154931
"172","Gary Clark",1.20515703190762,-2.64932852845762,-0.213945462469692,0.0594511866523991,0.410251930726642
"173","Gary Harris",1.04599929956278,-0.166652064976099,-1.17046135466011,0.501103065575229,-0.192852264676936
"174","Gary Payton II",-0.267994255578585,2.48874014933774,-3.05144707389224,-0.338661436026535,-6.11605358596215
"175","Gary Trent Jr.",2.22913594813784,-0.57738916004341,-0.584983178465247,1.28340509509078,0.331239970947618
"176","George Hill",1.94674701773778,0.701093363407757,0.0622123125486747,-0.217076994379596,0.466644470906732
"177","George King",-0.0754789502967748,-0.235878071756794,-0.742193880738519,-0.129492633031077,0.94522962236834
"178","Georges Niang",1.1696495720723,-1.92736516814211,-0.293551198360056,-0.280048537963809,-0.495579574106522
"179","Gerald Green",2.11448370381588,-3.13596854455524,-0.293030553069285,-0.553862056592139,0.299193525384895
"180","Giannis Antetokounmpo",-4.1328109097123,2.70878810126984,-0.733651673974755,-1.3280296564351,0.9720121686122
"181","Glenn Robinson III",0.415437436017022,-1.78392589937217,-0.426593160755641,0.799802206489919,0.435121485768023
"182","Goran Dragic",2.04847873255576,1.87414290631243,-0.0778425522077022,-0.383640950970561,0.566418217637033
"183","Gordon Hayward",0.747350374259324,-0.204019462502049,0.106263642570753,-1.03574735697291,0.209750643207047
"184","Gorgui Dieng",-1.71206709620387,-1.33033491732831,0.971655860654918,-1.69476677316862,-0.471885841008071
"185","Grayson Allen",1.98946631103081,-0.678253073889662,-0.220110502753834,0.919258512084404,-0.448757184714585
"186","Greg Monroe",-3.18111753431224,1.16352673752438,-0.0976553329649067,0.375400677355438,-0.0165493460143557
"187","Guerschon Yabusele",-1.83909001021629,-0.738880326358034,0.796466158231055,0.530793584573811,-0.366142576680979
"188","Hamidou Diallo",-1.59990530385087,0.246525521566237,-0.38281131371072,2.57310441379694,-0.206678753052779
"189","Harrison Barnes",1.01761004641485,-1.09751330587335,-1.1752104607126,-0.66418976395216,-0.0192971579648743
"190","Harry Giles",-3.98300321026208,1.13029238950233,1.11352393105544,2.00303298761539,1.0617729281807
"191","Hassan Whiteside",-6.52919474057643,-0.157396122305155,0.426440268844231,-0.222637647682442,0.838491135739918
"192","Haywood Highsmith",-0.224104197562985,-2.00222141280846,0.354676880184874,4.37998378330727,1.42358901541719
"193","Henry Ellenson",-0.307621816656621,-1.56882220959952,-0.252240752884729,-0.218936269544546,-0.600666717012093
"194","Ian Clark",2.79359303205564,-0.219373459389407,-0.304646082357581,0.472797194240372,-0.0641176599660245
"195","Ian Mahinmi",-3.22023059731021,-0.377429696855651,2.26447764926884,-0.275730904537902,0.076783607885102
"196","Ike Anigbogu",-3.55930980740745,1.02552502009236,1.69365875335423,-1.74041470809898,-3.1013404769423
"197","Iman Shumpert",2.22370348188832,-1.32335849309574,0.284186389541097,-0.0840840149010889,-0.0384798898459516
"198","Isaac Bonga",-0.453635079841068,2.52063132753945,1.41146548695313,3.39679767905894,0.01652193502387
"199","Isaac Humphries",-0.102622489631335,-3.01803908546169,-1.55747487109388,0.727083853157767,-0.326224558422339
"200","Isaiah Briscoe",1.18950178874724,1.56647280334569,1.00432385254681,1.15816734474311,-0.31413295523236
"201","Isaiah Canaan",3.23020101842956,1.38578408693317,0.309688835979678,0.35420353414889,-0.399191532269553
"202","Isaiah Hartenstein",-3.51030392948268,-0.61131885216929,1.87359932167363,-0.371198314849543,-2.81812968337271
"203","Isaiah Hicks",-2.53925983294321,0.344006891569432,1.55478582540477,-1.27664719185934,-0.76972327839192
"204","Isaiah Thomas",2.29260215045515,1.98359314304169,-0.222837549073219,1.73529819119294,1.0261128827695
"205","Ish Smith",2.77797806792451,2.40384545626521,-0.346596071548808,-0.356175610140945,0.34268042320105
"206","Ivan Rabb",-2.85864385245256,-0.00591236446937308,0.59041873001139,1.27175538545752,0.904213387362841
"207","Ivica Zubac",-4.4445523128861,0.247261605307209,-0.930462168538863,-0.823269984003496,-0.403991944934299
"208","J.J. Barea",3.09610658406906,4.53561149031161,0.113426082553629,-0.581299523900084,1.66982594962536
"209","J.J. Redick",3.20044758830329,-1.82929296293235,0.0545433830241973,-1.48680782769103,1.67411071638855
"210","J.P. Macura",0.124092526798711,-1.19301296102911,-2.65885425836339,2.4005982414045,3.44602130509489
"211","J.R. Smith",3.02339355067714,-0.840275899270476,1.09394482489208,-2.33057234294639,0.133621590389144
"212","Jabari Parker",-1.32981649618285,0.246383783796675,-0.462933502168653,-0.459855051128899,-0.110418081546313
"213","Jacob Evans",0.604800972574307,0.121372404474124,1.80891482615875,3.1834314211506,-0.761362713863571
"214","Jae Crowder",0.659185485558777,-2.2217357187917,-0.0446857197670439,0.0791653417159054,0.244195327169765
"215","Jahlil Okafor",-3.98799638667053,0.0429877822818272,-0.645570644275071,-0.404926178474415,0.15023830177724
"216","JaKarr Sampson",-1.00197077623456,-0.21514485473928,-0.487269370929469,0.242059359478479,1.29513372954492
"217","Jake Layman",-0.534124352621732,-1.22097324217392,-0.843484694444566,0.71110863596055,0.395943165074499
"218","Jakob Poeltl",-3.81580821837114,-0.167528317132983,0.182879341920276,-0.371697770096379,-0.542816092889451
"219","Jalen Brunson",2.08066736364313,1.53513015360462,-0.494863472649292,0.827578709942731,0.219114347852355
"220","Jalen Jones",0.0800665237056842,-0.299435062018734,0.336785409259931,0.344138314451747,-0.782281446006937
"221","Jamal Crawford",4.41137107782213,1.8395359909946,2.12811093761656,-2.5768115373773,3.17719676746621
"222","Jamal Murray",1.83034984915237,1.1557642276278,-1.06118532253295,-0.796210000792718,-0.393729847302755
"223","James Ennis",0.239801859032106,-1.83961173084733,-0.0625084898558572,0.439911224782096,-0.616235964950815
"224","James Harden",1.6588492363622,4.06817290714325,-0.317685798328105,-1.91156580618043,0.910383911750057
"225","James Johnson",0.00620618591011063,0.00593542470227193,0.523153705864115,-0.749097605166829,-0.242424930279614
"226","James Nunnally",2.71895735557352,-3.47688671339907,-1.14680041258064,0.321369618581556,0.459789291709936
"227","JaMychal Green",-1.0625228780209,-1.01708104833964,0.35689617715264,-0.914840092926426,-1.1176850870803
"228","Jared Dudley",0.532359298931036,-1.72503867190608,1.18499408875387,-0.48330296803581,-0.444365290244441
"229","Jared Terrell",2.12543014726659,2.14268509750909,1.43219181300768,1.05770423089879,-0.704495741212089
"230","Jarell Martin",-0.0654655145693637,-3.22054159827259,0.443163985199128,-0.364297792331159,-0.0952480503751767
"231","Jaren Jackson Jr.",-2.81212271427467,-0.481215249020097,-0.0191994996551266,0.205144037119772,-0.915677801431401
"232","Jaron Blossomgame",-0.219664765339599,-1.32916832325291,-0.652739497169941,0.638093969985406,0.527917206387452
"233","Jarred Vanderbilt",-3.73788192541622,1.9330546473686,1.71596957480465,3.36326029758659,-0.332876459807565
"234","Jarrett Allen",-4.31499650854475,-0.558287060686467,-0.0621256444409718,0.610007741554012,0.583576118277035
"235","Jason Smith",-1.5090683309776,-1.89197898716624,1.67018992709439,-1.60901835111089,-0.673009881140784
"236","JaVale McGee",-6.11419129115963,-0.472974718239832,0.252826397314712,-0.0316103904009273,1.40116423327838
"237","Jawun Evans",1.2051205322913,1.98770557701264,2.73671449201624,2.3514241661205,-0.762341972202485
"238","Jaylen Adams",2.39269811274892,1.3342130452591,1.39383848099798,0.987265444985466,-0.490752171350771
"239","Jaylen Brown",-0.327073724869281,-0.523253939126077,-0.738653629759784,0.70081262434246,-0.541659846576658
"240","Jaylen Morris",0.434401347153253,1.2264073490756,-0.972300886212358,1.8170599693329,-0.78452795878223
"241","Jayson Tatum",0.260254667736327,-0.249022079629182,-0.891428677476043,-0.121763506891753,-0.351115980698545
"242","Jeff Green",0.273494586674523,-1.5026059768862,0.137152796319283,-1.45506107101783,0.452650749405626
"243","Jeff Teague",1.94572663700496,4.03979246410309,0.764892874970864,-0.827058978686396,0.702056351449608
"244","Jemerrio Jones",-0.593691299994264,0.571581420984441,0.291381182449145,1.93809956215655,-1.04449257889108
"245","Jerami Grant",-0.533513428092461,-1.85777317889887,-1.22211749931245,0.232623079085942,-0.669792841258534
"246","Jeremy Lamb",1.31942128495252,0.610534347718311,-1.24339155366966,-0.667141745115677,-0.443684852369113
"247","Jeremy Lin",1.4107909337628,2.13673183509617,0.68692650761381,-0.683844907073978,0.384177890070062
"248","Jerian Grant",2.49042938660595,1.61302471116764,1.13591609793196,0.0154235662281673,-0.537207159109717
"249","Jerome Robinson",1.76513819293497,-0.599252836007013,0.191900056271594,1.23550282240629,-0.730179353844736
"250","Jerryd Bayless",2.43248865114348,1.4862950925023,0.801397362381149,0.579377719058226,1.09000557713927
"251","Jevon Carter",3.06838506985591,1.27182828236456,0.516759440343693,0.75022028114996,-0.917212018835878
"252","Jimmer Fredette",2.07988413635776,0.805970018932282,0.844930137260492,1.4310089381671,2.42055064442877
"253","Jimmy Butler",0.0804805300222344,1.26513899948653,-0.742230117666318,-1.1014916133242,0.479063467691895
"254","Joakim Noah",-4.3620283508696,1.2699934461885,1.51036084781924,-0.923862558616697,0.962965045799251
"255","Jodie Meeks",1.94908694971526,-2.7141670118846,-1.77470062217626,-1.20145495754464,0.485691693462969
"256","Joe Chealey",0.628442857427028,-0.311144586844359,-1.6995175647653,1.24369134203096,0.531713480777045
"257","Joe Harris",0.9758118305237,-1.23377711855032,-0.548229461985156,-0.862894632425689,-0.944286972281893
"258","Joe Ingles",1.75200349205149,0.425416028891938,0.708338177642806,-0.879307684376865,-0.578400265643606
"259","Joel Embiid",-3.99295374136778,0.305764094174402,0.171388275272534,-2.50105983079302,0.131833562557997
"260","John Collins",-3.04089888526866,-0.37067539919106,-2.08486423838184,-0.665266155772848,-0.557039987272737
"261","John Henson",-1.54667956337599,-1.05975224508459,-0.0396843800786868,-0.388933199312196,-1.0104483509581
"262","John Holland",0.599585432298365,-0.210371171132914,-0.997949665516961,-0.0902118600863655,1.17600434144015
"263","John Jenkins",3.08912196506125,-2.54388622516605,-0.0904802036045696,-1.06361528736936,2.39936708865465
"264","John Wall",1.04924233791027,3.21586718792021,-0.0298392633688307,-0.730312672522873,0.0322979286613122
"265","Johnathan Motley",-4.91430369586144,1.96595899593211,0.0717282751148542,1.98359211265606,1.72806882859121
"266","Johnathan Williams",-3.73482689801119,0.792889453058735,0.131515049461675,2.58413436952044,1.89727082356303
"267","Jon Leuer",-2.66242174169558,-0.707019258017836,1.63136346438215,1.08583713720521,1.67729544222167
"268","Jonah Bolden",-1.60903576362476,-1.49478003701548,1.28562140273222,0.578832158668418,-1.40608542964816
"269","Jonas Jerebko",-0.203599669676825,-2.01960125982208,0.509753597980448,-1.07404284198988,0.00335342453632484
"270","Jonas Valanciunas",-4.35316060728225,-0.0154613053452044,-0.567538635532184,-2.5986999949378,-1.0789907052755
"271","Jonathan Isaac",-0.811014190652352,-1.9429585659459,-0.274192627947674,-0.0855440873803257,-0.693899427642115
"272","Jonathon Simmons",0.970646379391346,1.43106088311316,0.356932595591364,0.054326535960582,0.344437393872027
"273","Jordan Bell",-2.32901561036171,0.331625775987173,1.2279544524768,0.866339202342592,0.246070260741083
"274","Jordan Clarkson",1.97529741368337,0.762878363994403,-1.41340187870436,-0.0157825877222557,0.639281496002116
"275","Jordan Loyd",1.55071071489575,1.98629830013778,0.0519770860266462,-1.56753923485395,1.39744792941354
"276","Jordan McRae",1.52439041265146,0.991637786733679,-0.00906009431580174,-0.0144504847945169,0.955900763725374
"277","Jordan Sibert",4.25413718460515,-2.52085811765992,-2.52796586341202,-1.16992561063879,-0.815910280592141
"278","José Calderón",2.27741398883763,0.662033680160276,2.84085069118777,-1.35949999605134,1.40937888281523
"279","Josh Hart",0.755001909606028,-1.21470957188838,-0.0847970197179799,0.844681582561567,-0.679561906498171
"280","Josh Jackson",-0.563611645256597,0.687995496791087,-0.101595527409394,0.912328873599195,-0.761471421284625
"281","Josh Okogie",0.422675244209476,-0.484299232551308,-0.253984904901866,1.57284768175187,-0.730648600832646
"282","Josh Richardson",1.92423241989132,0.17547304898177,-0.414393128039583,-0.213467397839092,0.0455254922453178
"283","Jrue Holiday",1.25814138780809,3.00961660314585,-0.622389547717831,-0.76127852768734,0.159963676150222
"284","Juan Hernangómez",0.236552711506134,-1.60467079216303,-0.208940764029824,0.371865238643557,-0.338150160831429
"285","Julian Washburn",1.30472423760193,-1.3269530007581,0.942951781069073,0.756173424206249,0.368778751712523
"286","Julius Randle",-2.60334129382304,1.04609561880454,-0.69217697570187,-0.846740504474575,0.0204843826936568
"287","Justin Anderson",-0.0240555127272862,-0.500409034484966,-0.0343800730237396,0.379790657545961,-0.67436328045453
"288","Justin Holiday",2.29019629954326,-1.47965224739482,-0.221733493635017,0.227553097214784,-0.602461772207422
"289","Justin Jackson",0.966198197149525,-2.29646993385305,-0.966109427302109,0.174740752330763,0.0732195215414705
"290","Justin Patton",-3.20127384799218,0.0422170807034818,0.667163863600186,2.3365745554223,-0.146660099604093
"291","Justise Winslow",0.484348737440909,0.551171078806946,-0.108894261516071,0.531223657604262,-1.05717270470871
"292","Jusuf Nurkic",-5.39835496137085,0.805980084336311,0.881751450419888,-0.153988695999609,1.04372390309078
"293","Kadeem Allen",1.48003003286498,2.39812680286501,0.511275914707137,-0.0853549675802657,-0.187215408083657
"294","Kalin Lucas",-1.17869557027676,1.32329359141884,4.74363365202309,-2.60495100720013,3.92013210356392
"295","Karl-Anthony Towns",-2.98903532837372,0.0421111340608111,-0.416371881182995,-1.86544950905594,-0.84878919882084
"296","Kawhi Leonard",0.455948170568425,1.28883480335581,-1.04133810058569,-1.49633474022142,0.51190736815572
"297","Keita Bates-Diop",-0.680329441159693,-1.63097676145327,-0.214372491892974,1.24499099841472,0.187070358252794
"298","Kelly Olynyk",-0.603032830991272,-1.53735934304667,0.784980537469414,-0.95255119484634,-0.369565651819027
"299","Kelly Oubre Jr.",-0.281682072555647,-0.105569633936568,-0.962341792134084,0.606711771436685,-0.403378233661159
"300","Kemba Walker",2.94490019822642,3.20158104492102,-1.15478556852587,-0.814710644270622,0.950127441574906
"301","Kenneth Faried",-3.70176721871441,-0.115069341014911,-1.26705452905471,-0.542232702728612,0.0522263002744801
"302","Kenrich Williams",0.629995075771911,-0.901920466139514,0.114201788756908,1.18215441923935,-0.531985830398052
"303","Kent Bazemore",1.23094160498016,0.266073796798431,0.242418963574373,0.518447274080438,-0.547154359102068
"304","Kentavious Caldwell-Pope",1.93600103455162,-1.64618921141917,-0.878900757070077,0.156190847035885,-0.0186670707722522
"305","Kevin Durant",0.130650911694999,0.934416477208951,0.498072142703437,-2.59906676361505,2.1641495686533
"306","Kevin Huerter",1.7612515047282,0.187213039968829,-0.527914214359374,0.719486476560479,-1.03820462356565
"307","Kevin Knox",0.584519835722132,-0.561055836629511,-0.688850528859393,0.783875721053754,-0.414879343504626
"308","Kevin Love",-0.421523140635905,-1.20869490276969,0.602988094293579,-2.37653515702791,0.439939249767029
"309","Kevon Looney",-3.45870786108519,0.171515381464701,0.503789099744857,1.89038379411842,0.989229895414785
"310","Khem Birch",-3.7074185269046,0.392756671626063,0.427689702327298,0.235811925731873,0.921774552335293
"311","Khris Middleton",1.53286994040472,1.17151554958143,-0.0421355951750543,-1.05255216623931,0.774349057211983
"312","Khyri Thomas",1.52139082495884,-2.07537544849304,-0.421101757765373,1.97794628800555,-0.78914900042635
"313","Klay Thompson",1.93735954072843,-1.88007183150085,-0.843921047727343,-0.903415725644671,0.389163337066025
"314","Kobi Simmons",0.484448415759415,-0.12370113773691,-1.45010574371406,0.729273893889586,0.600281981867866
"315","Kosta Koufos",-3.59703882932252,-0.42788907437336,1.31287675270812,-0.496382627633553,-0.418082909136042
"316","Kostas Antetokounmpo",-1.39431789309056,3.8316779077737,1.1399226484898,2.82878566749742,-3.16781512909343
"317","Kris Dunn",1.49255940081472,3.09230150675022,0.485345896285362,-0.175354195384374,-0.65078828664315
"318","Kyle Anderson",-1.31956633185752,0.122264992981478,0.932477942461314,0.275803441811459,-0.905174581586541
"319","Kyle Korver",2.95170177613739,-3.50002240887582,0.77722602093508,-2.10201023253681,1.6430580588448
"320","Kyle Kuzma",-0.363830763942891,-0.771673529852607,-1.12034155703974,0.061500297135947,0.316165432664735
"321","Kyle Lowry",2.98751943728773,2.40266430785426,1.0300819080502,-1.18139901524902,-0.054146928840708
"322","Kyle O'Quinn",-2.99335745701416,-0.424638023300193,3.22165235307825,-0.352133941498265,1.22738501157562
"323","Kyrie Irving",2.21667795573339,2.59913491947419,-0.863772366021065,-0.95657763381611,0.00485533193666559
"324","LaMarcus Aldridge",-2.51771653368822,-0.209629221172757,0.0727765705815997,-1.9524876342061,1.58089597687941
"325","Lance Stephenson",1.66658553960251,0.607478582833266,0.358156188777397,-0.346149846182334,-0.565945434058258
"326","Lance Thomas",0.36280829443166,-2.14985495467763,0.555994986733052,0.234270722061875,0.429805454333637
"327","Landry Shamet",2.55052023808037,-1.63647252209931,-0.912964619999701,0.674276196022868,-0.695997938027695
"328","Langston Galloway",2.89894470745118,-2.54495898725763,-1.02551880870736,0.654381080652911,0.0919289287911667
"329","Larry Nance Jr.",-2.03559011695271,0.4821028027814,0.708609460055059,-0.187134468452875,-0.481923765547851
"330","Lauri Markkanen",-0.993356229692931,-1.31222296094406,-0.642576483228438,-0.974103142322607,-0.161445022205067
"331","LeBron James",-0.658576872638472,3.13546261694119,-0.229562316505996,-2.36543027259283,1.98409721659895
"332","Lonnie Walker",1.42071330791178,0.771800023655707,-1.20975442475375,-1.53517380542606,-2.98749814676281
"333","Lonzo Ball",0.953644178348248,1.63051859364204,0.40261709048349,2.0125614208957,-0.65691937099586
"334","Lorenzo Brown",1.8638957793611,2.02295912991208,0.424051625818333,0.157514185308699,-0.657793341959997
"335","Lou Williams",2.66040493681305,3.31388873885514,-0.79485278357362,-1.41530896400199,1.00336968984896
"336","Luc Mbah a Moute",-0.931007548622851,-1.40423137164463,0.804741717254194,1.68900105396559,1.11502610143226
"337","Luka Doncic",0.596233157666694,2.93235808266574,-0.363235730817643,-1.05492026192458,0.0167600537955784
"338","Luke Kennard",2.39651387841888,-0.899619360205505,-0.460956454247599,-0.400751857543385,0.0791071303685748
"339","Luke Kornet",-0.0820958555152622,-2.38874596305072,-0.0503551267986048,-1.19452653598601,-0.898736242910979
"340","Luol Deng",-0.148764039375977,-1.41238334089026,-0.210004304593199,-0.80276248722692,0.120851617795267
"341","Malachi Richardson",3.11411840364513,-1.06506248697017,0.861236355365403,1.50018749938174,-1.15654188673765
"342","Malcolm Brogdon",0.64808333079734,0.606750934422143,-1.74043210949859,-1.33150183182293,-0.402835431168228
"343","Malcolm Miller",3.03261480564823,-3.93589541284312,-1.22883142445422,0.659803379464989,-1.67111930227135
"344","Malik Beasley",1.98059050525852,-1.5020506817634,-1.85360967991108,0.545070854326499,-0.549432081907814
"345","Malik Monk",2.11848557571843,-0.184278282680181,-0.805607428915952,0.861308813566221,-0.327466593937053
"346","Marc Gasol",-1.36024575297044,-0.608146360495663,1.74919919038999,-2.14035764772918,0.396695750640949
"347","Marcin Gortat",-2.71906961933756,-0.201660249965147,1.55954134224556,-1.6725125355484,0.220937008285081
"348","Marco Belinelli",2.26695625100668,-1.61592339693975,0.0223138544906688,-1.22059637967292,1.0432945029885
"349","Marcus Derrickson",1.51062525769698,-2.88781251301909,-0.516331936624986,-0.650247498347429,-0.0825567255545335
"350","Marcus Morris",0.558236598079831,-1.23190319098747,0.242551492369142,-0.760156359843978,0.895784102023325
"351","Marcus Smart",1.82061185796209,0.630333204293042,0.636456691949338,0.408100059558235,-1.34531190385092
"352","Mario Hezonja",-0.366798057479376,0.664352113026932,0.343563762858612,0.965931554826597,0.265383836241316
"353","Markelle Fultz",0.393145211042393,2.83893757869333,-0.0900784566253629,1.1161646128548,-0.101324489278281
"354","Markieff Morris",-0.561086734777129,-1.51491713898589,0.54128975570984,-0.519314144209453,0.197965286385629
"355","Marquese Chriss",-2.2803275031735,-0.836417959479692,0.217647019998471,1.02191047183665,-0.768721621338115
"356","MarShon Brooks",0.779194892042901,1.12519761821311,-0.214388125159718,-0.507783092842327,1.33047242438168
"357","Marvin Bagley III",-2.98956355225102,0.15033669882606,-0.986618977996566,0.230053109132233,0.200511589812477
"358","Marvin Williams",0.796957124300444,-2.30065951298147,-0.190637513562484,-0.531911446983645,-0.373602833198462
"359","Mason Plumlee",-4.37429234448876,0.820695510824998,2.00475951941682,0.35843764246052,0.618392829503151
"360","Matthew Dellavedova",2.27182144062116,2.30838171338569,1.44972537338081,-0.0681839305322872,0.816079643778151
"361","Maurice Harkless",-1.2900892748129,-0.464833404730086,-0.313128509641756,0.867739925109788,-0.478880596773729
"362","Maxi Kleber",-0.907662532292547,-2.28826253471233,0.503560234171185,-0.637235596386673,-0.429865312504254
"363","Melvin Frazier",-1.43851597542274,-1.16675149781386,-0.794365199623094,4.49336690354452,2.13352083301342
"364","Meyers Leonard",-1.43911436634636,-1.7287955366404,0.107605960878038,-2.03776496112748,-0.546375620250907
"365","Michael Beasley",-2.7322879664736,0.72649744252479,-0.0714848853493967,0.00361651429216134,0.385192817197052
"366","Michael Carter-Williams",0.11866409838391,2.35903272076017,0.764987840875767,0.376667861093022,-0.834209601233747
"367","Michael Kidd-Gilchrist",-1.38211325306334,-0.578943346784798,0.0903249698352153,-0.352117279038071,-0.881899099155592
"368","Mikal Bridges",0.97241719866793,-1.12328235360457,-0.260232931956518,1.10689766932782,-0.887425987941116
"369","Mike Conley",1.90956628785607,1.87000406989469,-0.319989289307792,-1.99000828647033,0.636784464283548
"370","Mike Muscala",0.0372016196338649,-2.43056951022529,0.805664083871193,-0.641738461950157,0.0721668249964438
"371","Mike Scott",0.996655353978834,-2.10958883139166,0.497625091262818,-0.338137159515412,-0.388972764716263
"372","Miles Bridges",-0.417832905261207,-1.27139348855844,-1.3271505044567,0.615419078791049,-0.750134749869219
"373","Miles Plumlee",-3.43673405108339,0.879637130986776,-0.195006193546534,-0.84721677732013,0.628728558590915
"374","Miloš Teodosic",1.52557744649778,0.559455390542378,3.38628610659394,-0.484529863648832,-1.37712829353166
"375","Mitch Creek",-1.81853543739119,1.16219636424012,-0.515497953529106,1.84426990788457,2.42635841876342
"376","Mitchell Robinson",-5.21143210163547,-0.298869717360008,0.149579538510351,-0.563964481102617,-1.35968620666018
"377","Mo Bamba",-2.34263732824322,-0.78042381757552,0.625255469791454,0.309674635493873,-1.00794163517079
"378","Monte Morris",2.69284871457245,0.731359711658022,-1.40786530803294,0.125569022425426,-0.335670030267116
"379","Montrezl Harrell",-4.51163888819069,1.05517054777661,-0.715266089624983,0.976237644931406,1.27468044723239
"380","Moritz Wagner",-1.16513504188903,-0.170374156550196,0.715519523977613,1.31233842430141,0.335501057564029
"381","Myles Turner",-2.35634864712722,-1.68903545914855,0.329341839070048,-2.03772560510957,-1.79851224213396
"382","Naz Mitrou-Long",1.9097965583626,3.90260153684377,1.71374590581737,0.449847511005594,1.69581460625292
"383","Nemanja Bjelica",-0.881889996369472,-0.97168678822704,0.34101878720074,-0.911538034503611,-0.305398930659121
"384","Nenê",-1.94521080206607,-0.273563878414826,1.8461212554918,0.120234336869247,1.54177674371497
"385","Nerlens Noel",-3.81862527981108,0.109203410484763,0.573702293740436,-0.259879343824559,-1.6656195098687
"386","Nick Young",2.04514838440748,-2.1632051228739,1.78080400221602,0.697905245043753,0.855259440500231
"387","Nicolas Batum",1.14383939728553,-0.593031230188949,0.555269765409881,-1.48659422108395,-0.436302958179416
"388","Nik Stauskas",2.0835024483833,-0.505631450245351,-0.377677302216619,-0.244725369274651,-0.0359324920277806
"389","Nikola Jokic",-2.71205209931396,1.542459619964,0.270375978074507,-1.85460049274949,-0.21048713160677
"390","Nikola Mirotic",0.0960100521983579,-2.14989620047141,-0.235367220855176,-1.15370619720741,0.0129581605486654
"391","Nikola Vucevic",-1.84321877555037,0.433157674508131,-0.799815655643855,-1.28308932404681,0.0921598685055035
"392","Noah Vonleh",-1.94570466950564,-0.0545262008160959,0.881161987932975,-0.852171206272067,-0.635860348713012
"393","Norman Powell",1.10163567091164,-0.163309855950563,-0.92371073130002,-0.0748023612574733,-0.984064043591571
"394","OG Anunoby",0.17495066971357,-1.29368479006727,-0.568242092224772,1.80542676221882,-0.654201882274285
"395","Okaro White",2.0226658102517,-4.63058522756997,-1.13845666155407,2.55479318776398,2.94717449710487
"396","Omari Spellman",-0.621212367498819,-1.70823514797952,-0.578967086740338,0.272428065000699,-1.26425537129754
"397","Omri Casspi",-1.70426746877217,-0.514932031984256,-0.235322024304572,-0.44112821349649,0.0578048860833974
"398","Otto Porter",1.35261197553978,-1.02615737552551,-0.378197281472342,-0.483231746905757,-0.373532158614578
"399","P.J. Tucker",1.48756852647721,-2.61426670987038,0.481787105576622,0.469179444935476,-1.07204590906602
"400","Pascal Siakam",-1.09313620514752,-0.210426186981496,-0.863669090984229,-0.530748983751309,-0.720809993204001
"401","Pat Connaughton",0.49129381601389,-1.08184683373323,-0.702773518174367,0.280505565488907,0.246475193362403
"402","Patrick Beverley",2.14248664924905,1.08375989402139,0.930082921241759,-0.303694744771479,-1.01448634841683
"403","Patrick McCaw",1.34992133399577,0.371208867466416,0.585154872598849,0.581696497628807,-2.26605301985016
"404","Patrick Patterson",0.632954925770826,-2.39158222965955,0.15385357914683,0.336854595307913,0.227977145065998
"405","Patty Mills",3.62745822894526,0.387508541221003,-0.320276476006401,-0.609565743386857,0.118530532839081
"406","Pau Gasol",-2.49365426368506,-0.595066503907829,2.23244752043885,-2.38667352982925,1.3982475426756
"407","Paul George",1.07306510010369,0.82853030054468,-0.344427492049309,-1.29736993394229,0.0622861845300985
"408","Paul Millsap",-1.73711243434739,-0.170748950832311,0.25950386063493,-1.50076320426036,-0.410133566401757
"409","PJ Dozier",-0.490399273667928,0.45687542793558,-1.40258615854804,1.74233672244749,1.63922328880174
"410","Quincy Acy",-1.78261301847623,-2.48012072946909,3.06757360956316,0.245414956382811,1.26474361476622
"411","Quincy Pondexter",-0.41008818443212,-0.18140400020126,1.14062819257996,-0.682748518149237,0.2148499209478
"412","Quinn Cook",3.12256296755931,0.151924771479079,-0.612244527009577,0.020230604620791,0.117551174585652
"413","R.J. Hunter",2.502571357395,-0.267996242957583,-0.687474928257166,0.716337501857531,1.01881513663698
"414","Rajon Rondo",2.4796959962287,4.34987599928546,0.968236458661812,0.0862923678416523,0.361051268475401
"415","Raul Neto",2.30816319319886,2.00492729584206,0.0733805396446317,0.0303791637809117,-0.32544520303291
"416","Rawle Alkins",-0.305778944328971,0.155150267111261,-0.842923529686084,0.814380481221329,-0.753462810200658
"417","Ray Spalding",-4.5332486167344,0.965942218722389,1.09267791630052,3.2129351248009,0.377431508206363
"418","Raymond Felton",3.21290767880483,0.679301475878718,0.234453080060813,-1.38843501288222,0.817073852925891
"419","Reggie Bullock",2.38683604597448,-2.08301552822156,-0.397316304140636,-0.115046591405578,0.0938473802481197
"420","Reggie Jackson",2.61420181614114,1.28443816939888,-0.33519947590539,-0.706379588001631,0.251865034961171
"421","Richaun Holmes",-4.23835867241284,0.231238775976078,-0.024314906917802,-0.801917455691913,-0.542172635406466
"422","Ricky Rubio",2.11439196089433,1.91025734174837,0.778665299124609,-0.196784778641123,-0.326233797588696
"423","Robert Covington",0.473292376934457,-1.25992552873124,0.579513692141043,-0.228325520574369,-1.17795348837813
"424","Robert Williams",-4.6356885930188,-0.715488447653426,0.636987282412452,-0.49898131220295,-1.73711166429485
"425","Robin Lopez",-3.59108391971981,-0.504639526132554,0.382852602536742,-0.524711459338116,1.49373212957431
"426","Rodions Kurucs",-0.883436959731402,-0.595637947068937,-0.614557742028507,0.45040241726896,-0.85151548639716
"427","Rodney Hood",1.94472893723662,-0.22136951194345,-0.43045144605393,-0.826670014240193,0.491580808963375
"428","Rodney McGruder",1.55239044355827,-0.464575150164996,-0.286386239415725,0.496042059862124,-0.315743202217786
"429","Ron Baker",1.2425261061154,0.563078604797938,2.3699006846218,2.22237537024978,0.710947614711386
"430","Rondae Hollis-Jefferson",-1.98643874514143,0.457141029962239,-0.506649972790973,1.33011926194605,0.223522186935465
"431","Royce O'Neale",0.58299410163518,-1.09551087216234,0.441684334171108,0.351133889589805,-0.996677814732103
"432","Rudy Gay",-0.0482711922495512,-0.325544582409753,0.365630869884855,-2.32454865591117,0.00018948928798819
"433","Rudy Gobert",-5.58637870135242,0.222323827949696,-0.0807138729507048,-1.80015734277804,0.214233531017954
"434","Russell Westbrook",0.644686455626572,4.08707106829647,0.533498887707182,-0.979820797587934,0.442249663643008
"435","Ryan Anderson",0.117332085961111,-1.24034191123528,1.59255302571707,0.085251766275826,1.23224053870383
"436","Ryan Arcidiacono",2.52008461977265,0.956072610833568,0.152495573793196,-0.332671648296551,-0.645849346132051
"437","Ryan Broekhoff",1.75796063502599,-2.58444147846476,-0.311377788498468,-0.480732975345608,-0.494726692066287
"438","Salah Mejri",-3.2899671408186,-1.03356819815316,1.0482536735452,-1.82916310151137,-0.953819537703549
"439","Sam Dekker",-1.00120479359711,-0.309635312033451,-1.3418758597823,0.952281487283747,-0.32507111140928
"440","Scott Machado",3.16051886421601,3.5571397335514,-3.00144373324394,-2.97781571677327,-0.282800994508239
"441","Semi Ojeleye",0.262269109384999,-1.85446110332546,-0.310808215633719,0.739735555556261,0.212851947053379
"442","Serge Ibaka",-2.5639609311152,-1.45759302483921,0.210739205360924,-1.36989708530142,0.456448951017615
"443","Seth Curry",3.30337232470679,-0.478775534344995,-0.459471352666959,-0.485919549899017,-0.274380647917527
"444","Shabazz Napier",3.19772034747052,2.32147468459274,-0.265923108417964,0.0278272138991784,0.276549119063602
"445","Shai Gilgeous-Alexander",1.21530060600735,1.3194953286654,-0.362904747672401,0.500126239583319,-1.2105104939332
"446","Shake Milton",1.02674096554053,-1.45039018133305,-0.473970785262844,1.28860363939804,-0.43501178854964
"447","Shaquille Harrison",0.0970730161322099,1.67443371782043,-0.183950728203138,1.31321361128052,-0.509266720972081
"448","Shaun Livingston",0.0729027905280233,0.904673847610904,1.19555877614559,0.165724344365433,1.36742025688104
"449","Shelvin Mack",1.66369586056049,2.00844202997387,0.0186197562923382,0.201249005374635,0.525828208953656
"450","Sindarius Thornwell",-0.797853301175729,0.516729597848882,2.74800656790206,1.74526871416682,-0.580486356873937
"451","Skal Labissière",-1.42871815938714,1.28806320006786,1.24921947558092,0.8789735154628,0.159195685481034
"452","Solomon Hill",0.677292132743327,-1.38859921292452,0.573616755333047,0.427360680687819,-0.541578290062842
"453","Spencer Dinwiddie",1.45253798299515,2.28707660901363,-0.302429090461308,-0.74619500779514,0.461569195057144
"454","Stanley Johnson",0.593912045906635,-0.273270698643933,0.193022972131659,0.722249746537646,-0.785868041797216
"455","Stephen Curry",3.29383058658202,0.536841005844782,-0.717340132016614,-1.35524006507979,-0.0955628471147777
"456","Sterling Brown",0.723472135785617,-1.05007252260423,-0.764512665669925,0.344048999631991,-1.06281847439395
"457","Steven Adams",-4.13574874001928,0.508239280069319,-0.161830505661711,0.926945350115759,0.654725064799442
"458","Sviatoslav Mykhailiuk",1.70682729323989,-1.28974918202208,-0.182721361959622,1.64127854082293,-0.753566811574704
"459","T.J. Leaf",-2.19332676060887,-0.417775552022189,-1.43512521959822,0.556167840793211,0.364733097480808
"460","T.J. McConnell",1.92079743723513,1.57235264669432,0.443445534051815,0.369322013489407,-0.603727646231013
"461","T.J. Warren",0.287792466050221,-0.564076577761563,-1.45704445278721,-0.519381125538628,-0.823079552446503
"462","Tahjere McCall",-2.05889160095578,-2.75029773611555,-0.169698234616869,5.26467900753427,2.88147651939509
"463","Taj Gibson",-2.33509396931893,-0.364968807817526,-0.221669389628631,-1.11099999803277,0.016183063851361
"464","Taurean Prince",1.6085473060114,-0.901109863429543,-0.169729060436845,-0.125712954470726,-0.677222068806326
"465","Terrance Ferguson",1.50386077011352,-2.59887747666953,-0.666273678022755,1.66282026870211,-1.00428974845786
"466","Terrence Jones",-5.63725229884858,-1.10714098651552,2.79700299096772,0.962606620233621,1.84459345176282
"467","Terrence Ross",2.78838786830261,-1.45311853412316,-0.293622331862058,-1.42672355027798,1.20913500491104
"468","Terry Rozier",2.66567363125979,0.942011750111954,-0.684403840422079,0.220177006367006,-0.183795652966787
"469","Thabo Sefolosha",1.03041282087735,-1.68645968646929,0.427032662905048,0.116848011944146,-1.26013156271078
"470","Thaddeus Young",-1.2662938709156,0.229771954743948,-0.655384921704632,-0.123007291954736,-0.46778217704343
"471","Theo Pinson",1.49283611288463,1.12397531648835,0.58221312851646,0.0952342292856729,0.172016872583434
"472","Thomas Bryant",-3.19068538073381,-0.977645183594533,-0.776046587297026,-0.58207773465268,0.478596354693615
"473","Thomas Welsh",0.73822171386987,-3.31002983138016,0.580347078580636,-2.00696875124862,3.42507342225803
"474","Thon Maker",-1.08028835197063,-2.70307232084438,0.196296669868337,0.420206779996201,-0.996252325184642
"475","Tim Frazier",2.64224652057457,2.31035951954222,0.915945954723005,-0.0975885001351463,-0.730848910790792
"476","Tim Hardaway Jr.",1.76265604526013,0.011486920706775,-0.441922108282332,-0.466709968123899,0.808993343724962
"477","Timothé Luwawu-Cabarrot",0.69409454970711,-1.93029402728674,-0.406892498472405,0.934956087282377,-0.567411039081666
"478","Tobias Harris",0.329308012592864,-0.0124197889616222,-0.727255766421995,-1.58750381873208,0.262901157002983
"479","Tomáš Satoranský",0.684918230299542,0.888502008695237,0.465987643568001,-0.691324337282459,-0.60491140538965
"480","Tony Bradley",-4.64418714383315,1.74237392050777,-1.3400707218479,1.42653211797025,-2.02520982636955
"481","Tony Parker",1.61959434581815,2.49619587635222,-0.0500518824157271,-0.787587636688534,1.0783296244669
"482","Tony Snell",1.43665771782375,-1.97238151963929,-1.05628987320551,-0.41875535395017,-0.181026726053865
"483","Torrey Craig",-0.164636910829797,-1.59572619967235,0.203503228954977,0.143464251059597,-0.409266740845644
"484","Trae Young",2.62623349543761,4.36286124779839,-0.555498315933898,-0.161026500259944,0.287656109561714
"485","Treveon Graham",1.50668827739414,-1.97343652906366,0.200976912019617,0.990370264313765,0.333419605482755
"486","Trevon Duval",3.92521648640181,-2.69034623776971,-5.21270729467321,-2.82185247620756,-3.06499510241639
"487","Trevor Ariza",1.22510056238489,-0.91134575471165,0.0807832192346505,-0.646003071280008,0.0486661510491225
"488","Trey Burke",2.84384370728578,2.30581071210203,-1.21128617677253,-0.129047820056156,0.799559134436906
"489","Trey Lyles",-0.900101557267657,-0.69730757286349,-0.441200623146365,0.0132230996526506,-0.0855238352898215
"490","Tristan Thompson",-2.97789296296271,0.771388338548033,-0.456950111548907,-0.782000977624846,0.186822070262759
"491","Troy Brown Jr.",0.0926018667816216,-0.173570750193241,-0.609227891373833,0.77692825205413,-0.729105864564762
"492","Troy Caupain",5.0248233281692,2.79215001634062,-1.03281368818537,-1.72129070182606,0.403010363125594
"493","Troy Daniels",3.00114969581164,-1.65706997532602,-0.18216036448787,0.0842081997604807,-0.341401624758138
"494","Troy Williams",-0.392373440788491,-0.854972951544023,-0.263505767382848,1.19101239927799,-0.132643293978483
"495","Tyler Cavanaugh",-0.26665905412383,-2.97207023771361,-0.237803427042149,1.26000313055495,1.36195382513434
"496","Tyler Davis",-9.83569458024666,3.78847982121331,-10.7081393309839,0.513466934094392,-0.452772098241102
"497","Tyler Dorsey",1.3637223579894,-0.349663364419427,-0.667995790513867,1.43756809343392,0.10831913031316
"498","Tyler Johnson",1.68250989948932,0.099113020195587,-0.137617884981883,0.794063513967303,-0.0899988154183937
"499","Tyler Lydon",-0.0958941055832242,-0.830435843839504,0.27456239358877,1.23675486003021,-1.57275276692445
"500","Tyler Ulis",0.510034419434737,-0.142961145158244,-1.34962661522582,0.547165948561597,0.728220283995041
"501","Tyler Zeller",-4.55367136019233,0.258220774340729,1.63165483334375,0.470329030601577,2.14897265522894
"502","Tyreke Evans",0.378920268949972,2.01962941078977,-0.203255245003711,-0.200593361347365,0.224954528672944
"503","Tyrone Wallace",-1.21018989805738,0.530144815701214,0.260877110909914,1.39891902232843,-0.517392142899221
"504","Tyson Chandler",-3.73220569521382,0.422411097669069,3.59326767057308,-0.673423433924288,1.23754774535442
"505","Tyus Jones",2.96942509707723,2.73171298760198,-0.702061469630625,0.241026035550609,-0.184120556659861
"506","Udonis Haslem",-0.762256474709477,-1.4552840077426,1.91764217203322,-0.166193551374891,4.01778885999207
"507","Victor Oladipo",1.54066685010292,1.97330251429253,-0.026213563952654,-0.236367856234956,0.577114022175792
"508","Vince Carter",1.55253806650532,-1.54555995205612,0.83805203900791,-1.61239313712383,0.387630854058378
"509","Vince Edwards",3.28110305566243,-5.38359091934354,-2.23164364514662,1.84097702080364,0.601733474834174
"510","Wade Baldwin",0.805477297811029,4.59510715330905,1.75012273387145,-0.30247977836685,0.437572422389963
"511","Walt Lemon Jr.",-0.769333223646137,2.78320511971184,-1.52429364284053,-0.170276503795767,-0.858254337134092
"512","Wayne Ellington",2.84178628221736,-2.32804688863051,-0.454628164133725,0.324849432241496,0.00869727552878128
"513","Wayne Selden",0.775980569509786,-0.13917839174122,-0.0411024103632599,0.238185824824005,-0.300923712960727
"514","Wendell Carter Jr.",-3.62520372133381,-0.793014904164525,0.808774123655009,0.175909326055248,0.068139122850564
"515","Wesley Iwundu",0.424237938025223,-0.196607826858854,0.480547320786375,0.457128977220177,-0.26263632184206
"516","Wesley Johnson",1.21461483798048,-2.29040891337873,1.15147624780991,0.305720209668743,0.626357613859328
"517","Wesley Matthews",2.09284899937185,-0.901553266932798,0.156180202721906,-0.606786903272899,0.091322149069883
"518","Will Barton",1.41571577268722,0.52440656241028,-0.290111210662166,-0.285124717130938,0.225835134821022
"519","Willie Cauley-Stein",-3.48407977782141,-0.118959986018366,-1.01124356382721,-0.663370123364144,-0.746098305979635
"520","Willy Hernangómez",-2.95893033077175,0.737881082223622,-0.478905604024794,-0.519153512746546,-0.782766381511999
"521","Wilson Chandler",0.573043806997694,-1.54762718275016,1.00458113620515,-0.526427285798172,-0.22277170478554
"522","Yante Maten",-0.145183939691147,-0.810578197968351,-1.15370118258441,2.39179349543407,0.185501079580284
"523","Yogi Ferrell",3.35189669022994,1.75271049638816,-0.552840684699275,-0.0648624887283581,0.430017832821593
"524","Yuta Watanabe",-0.316390397196578,-1.51573261709928,0.362009779609954,1.57576431975027,1.07186467182513
"525","Zach Collins",-2.49889145637632,-0.706462951701369,0.571992685603538,-0.311826544966724,-0.559461280414087
"526","Zach LaVine",0.752196349972359,2.64431265237128,-1.63831781129055,-0.902468159430581,-0.121866034422994
"527","Zach Lofton",2.83323605118769,3.44563201959459,3.51041495152333,4.91145172971751,-4.79446055327595
"528","Zaza Pachulia",-3.43031200710028,0.730192138876032,3.31928642561077,-1.11188545342172,0.8593724798117
"529","Zhaire Smith",1.14957799961025,0.816215771623502,-0.338664510256244,1.63707288579457,0.729157020105515
"530","Zhou Qi",-10.7224897076982,2.90609332016182,-16.8885758841748,-0.116809676760412,4.46138897101408
