,Rk,Player,Pos,Age,Tm,G,GS,MP,FG,FGA,FG%,3P,3PA,3P%,2P,2PA,2P%,FT,FTA,FT%,ORB,DRB,TRB,AST,STL,BLK,TOV,PF,PTS,ORtg,DRtg
1,1,Álex Abrines,SG,25,OKC,31,2,588,4.4,12.5,0.357,3.3,10.1,0.323,1.2,2.4,0.5,1,1,0.923,0.4,3.4,3.8,1.6,1.3,0.5,1.1,4.2,13.1,103,111
2,2,Quincy Acy,PF,28,PHO,10,0,123,1.6,7,0.222,0.8,5.8,0.133,0.8,1.2,0.667,2.7,3.9,0.7,1.2,8.5,9.7,3.1,0.4,1.6,1.6,9.3,6.6,87,116
3,3,Jaylen Adams,PG,22,ATL,34,1,428,4.1,11.9,0.345,2.7,8,0.338,1.4,3.9,0.361,0.8,1,0.778,1.2,5.3,6.5,7,1.5,0.5,3,4.9,11.7,99,115
4,4,Steven Adams,C,25,OKC,80,80,2669,8.4,14.1,0.595,0,0,0,8.4,14.1,0.596,2.6,5.1,0.5,6.8,6.5,13.3,2.2,2,1.3,2.4,3.6,19.4,120,106
5,5,Bam Adebayo,C,21,MIA,82,28,1913,7.2,12.4,0.576,0.1,0.4,0.2,7.1,12,0.588,4.2,5.8,0.735,4.2,11,15.2,4.7,1.8,1.7,3.1,5.2,18.6,120,104
6,6,Deng Adel,SF,21,CLE,19,3,194,2.8,9.2,0.306,1.5,5.9,0.261,1.3,3.3,0.385,1,1,1,0.8,4.1,4.9,1.3,0.3,1,1.5,3.3,8.2,85,121
7,7,DeVaughn Akoon-Purcell,SG,25,DEN,7,0,22,6.7,22.3,0.3,0,8.9,0,6.7,13.4,0.5,2.2,4.5,0.5,2.2,6.7,8.9,13.4,4.5,0,4.5,8.9,15.6,84,104
8,8,LaMarcus Aldridge,C,33,SAS,81,81,2687,12.4,24,0.519,0.2,0.8,0.238,12.3,23.2,0.528,6.3,7.5,0.847,4.6,9,13.5,3.5,0.8,1.9,2.6,3.3,31.4,117,110
9,9,Rawle Alkins,SG,21,CHI,10,1,120,5.3,15.8,0.333,1.2,4.8,0.25,4,10.9,0.37,3.2,4.8,0.667,4.4,6.1,10.5,5.3,0.4,0,3.2,2.8,15,93,117
10,10,Grayson Allen,SG,23,UTA,38,2,416,7.7,20.5,0.376,3.7,11.4,0.323,4,9.1,0.443,5.2,6.9,0.75,0.3,2.3,2.6,2.9,0.7,0.7,3.8,5.4,24.3,95,111
11,11,Jarrett Allen,C,20,BRK,80,80,2096,7.6,12.9,0.59,0.1,1,0.133,7.5,11.9,0.629,4.5,6.3,0.709,4.3,10.9,15.3,2.5,1,2.7,2.3,4.2,19.8,123,106
12,12,Kadeem Allen,PG,26,NYK,19,1,416,7.5,16.3,0.461,2,4.2,0.472,5.6,12.2,0.457,4.9,6.3,0.778,0.9,5,5.9,8.8,1.9,0.5,3,5.3,21.9,116,114
13,13,Al-Farouq Aminu,PF,28,POR,81,81,2292,5.4,12.5,0.433,2,5.9,0.343,3.4,6.6,0.514,3.2,3.7,0.867,2.4,10.5,12.9,2.2,1.4,0.7,1.5,3,16.1,118,109
14,14,Justin Anderson,SF,25,ATL,48,4,463,6.4,15.7,0.408,2.4,7.7,0.312,4,8,0.5,2.6,3.5,0.743,2.4,6,8.4,2.3,2.2,1.3,2.3,4.8,17.8,103,113
15,15,Kyle Anderson,SF,25,MEM,43,40,1281,5.8,10.7,0.543,0.3,1.3,0.265,5.5,9.4,0.583,1.4,2.5,0.578,1.9,7.9,9.7,5,2.1,1.4,2.3,4.3,13.4,110,107
16,16,Ryan Anderson,PF,30,TOT,25,8,322,3.1,10.3,0.304,1.3,6,0.225,1.8,4.3,0.414,1.8,2.4,0.75,2.7,5.4,8,2.8,0.6,0.1,2.1,3.7,9.4,90,118
17,16,Ryan Anderson,PF,30,PHO,15,8,278,3.3,10.3,0.317,1.2,5.8,0.206,2.1,4.5,0.462,1.9,2.4,0.786,2.4,5.3,7.7,2.9,0.5,0.2,2.1,4,9.6,91,119
18,16,Ryan Anderson,PF,30,MIA,10,0,44,2.2,10,0.222,2.2,6.7,0.333,0,3.3,0,1.1,2.2,0.5,4.4,5.6,10,2.2,1.1,0,2.2,2.2,7.8,86,111
19,17,Ike Anigbogu,C,20,IND,3,0,6,0,24.5,0,0,0,,0,24.5,0,0,0,,8.2,16.3,24.5,8.2,0,8.2,8.2,0,0,33,96
20,18,Giannis Antetokounmpo,PF,24,MIL,72,72,2358,14.2,24.6,0.578,1,4,0.256,13.2,20.6,0.641,9.9,13.5,0.729,3.1,14.6,17.7,8.4,1.8,2.2,5.3,4.6,39.3,121,99
21,19,Kostas Antetokounmpo,PF,21,DAL,2,0,11,0,13.2,0,0,0,,0,13.2,0,8.8,17.6,0.5,0,4.4,4.4,0,8.8,0,4.4,0,8.8,39,97
22,20,Carmelo Anthony,PF,34,HOU,10,2,294,8.2,20.2,0.405,3.5,10.7,0.328,4.7,9.5,0.491,2.5,3.7,0.682,1.5,7.5,9,0.8,0.7,1.2,1.3,5.3,22.4,103,112
23,21,OG Anunoby,SF,21,TOR,67,6,1352,6.5,14.3,0.453,2.4,7.2,0.332,4.1,7.2,0.574,1.3,2.2,0.581,2.1,4.9,7,1.7,1.6,0.8,1.9,5,16.6,104,109
24,22,Ryan Arcidiacono,PG,24,CHI,81,32,1961,4.6,10.3,0.447,2,5.4,0.373,2.6,5,0.527,2.2,2.5,0.873,0.7,4.7,5.4,6.7,1.6,0.1,1.6,4.2,13.5,121,115
25,23,Trevor Ariza,SF,33,TOT,69,69,2349,5.9,14.9,0.399,2.9,8.8,0.334,3,6.1,0.493,2.6,3.3,0.793,1,6.5,7.5,5.1,1.8,0.4,2.1,2.6,17.5,107,115
26,23,Trevor Ariza,SF,33,PHO,26,26,884,4.6,12.3,0.379,2.7,7.5,0.36,1.9,4.8,0.409,1.9,2.3,0.837,0.9,7,7.8,4.7,2.1,0.4,2.1,2.4,13.9,104,115
27,23,Trevor Ariza,SF,33,WAS,43,43,1465,6.7,16.5,0.409,3.1,9.5,0.322,3.7,6.9,0.528,3,3.9,0.777,1.1,6.2,7.3,5.3,1.7,0.4,2.2,2.8,19.6,109,115
28,24,D.J. Augustin,PG,31,ORL,81,81,2269,6.9,14.6,0.47,2.8,6.7,0.421,4,7.9,0.511,3.9,4.5,0.866,0.9,3.5,4.4,9.2,1.1,0.1,2.8,2.5,20.4,122,112
29,25,Deandre Ayton,C,20,PHO,71,70,2183,11.1,19,0.585,0,0.1,0,11.1,18.9,0.588,3.1,4.1,0.746,4.9,11.1,15.9,2.7,1.3,1.5,2.8,4.6,25.4,117,113
30,26,Dwayne Bacon,SG,23,CHO,43,13,759,7.8,16.5,0.475,2.4,5.6,0.437,5.4,10.9,0.494,2.2,2.9,0.739,0.5,5.2,5.7,3,0.8,0.3,1.2,4.6,20.2,114,116
31,27,Marvin Bagley III,PF,19,SAC,62,4,1567,10.6,21,0.504,0.9,2.9,0.313,9.7,18.1,0.534,5.4,7.8,0.691,4.8,9.2,14,1.8,1,1.8,2.9,3.6,27.4,111,110
32,28,Ron Baker,SG,25,TOT,15,0,152,1.3,6.3,0.2,0.3,4.1,0.077,0.9,2.2,0.429,1.6,1.9,0.833,0.3,3.2,3.5,4.7,1.9,0.3,1.6,5.7,4.4,79,116
33,28,Ron Baker,SG,25,NYK,11,0,107,1.8,7.2,0.25,0.5,4.1,0.111,1.4,3.2,0.429,2.3,2.7,0.833,0.5,2.7,3.2,5.9,2.3,0,1.4,7.2,6.3,94,115
34,28,Ron Baker,SG,25,WAS,4,0,45,0,4.2,0,0,4.2,0,0,0,,0,0,,0,4.2,4.2,2.1,1.1,1.1,2.1,2.1,0,20,117
35,29,Wade Baldwin,PG,22,POR,16,0,94,5.2,17,0.303,1,4.6,0.222,4.1,12.4,0.333,4.1,5.7,0.727,1,6.7,7.7,6.2,0.5,1,7.2,5.7,15.5,74,113
36,30,Lonzo Ball,PG,21,LAL,47,45,1423,6,14.9,0.406,2.5,7.5,0.329,3.6,7.5,0.482,0.7,1.6,0.417,1.8,6.4,8.2,8.3,2.3,0.6,3.4,3.7,15.2,100,109
37,31,Mo Bamba,C,20,ORL,47,1,766,7.5,15.5,0.481,1.3,4.5,0.3,6.1,11.1,0.555,2.4,4,0.587,4.1,10.8,14.9,2.5,0.8,4.1,2.7,6.5,18.7,105,103
38,32,J.J. Barea,PG,34,DAL,38,0,752,10.4,24.8,0.418,2.5,8.3,0.297,7.9,16.6,0.479,3.5,5,0.705,0.8,5.3,6.1,13.6,1.4,0.1,4.6,3.2,26.8,105,113
39,33,Harrison Barnes,PF-SF,26,TOT,77,77,2533,8.1,19.4,0.42,3.3,8.3,0.395,4.8,11,0.439,4.3,5.2,0.824,1.1,5.7,6.8,2.2,0.9,0.2,1.8,2.3,23.8,108,114
40,33,Harrison Barnes,PF,26,DAL,49,49,1584,8.9,22,0.404,3.7,9.5,0.389,5.2,12.4,0.416,5.1,6.1,0.833,1.1,5.2,6.3,1.9,1,0.3,2.1,2.4,26.5,106,113
41,33,Harrison Barnes,SF,26,SAC,28,28,949,6.9,15.2,0.455,2.6,6.4,0.408,4.3,8.8,0.489,3.1,3.9,0.8,1,6.5,7.6,2.6,0.8,0.1,1.5,2.1,19.6,115,114
42,34,Will Barton,SF,28,DEN,43,38,1189,7.6,19,0.402,2.8,8.1,0.342,4.9,10.9,0.447,2.4,3.1,0.77,1.3,6.9,8.2,5.1,0.7,0.9,2.7,3.4,20.4,102,111
43,35,Keita Bates-Diop,SF,23,MIN,30,3,503,5.7,13.5,0.423,1.2,5,0.25,4.5,8.6,0.522,1.7,2.7,0.643,1.5,6.4,7.9,1.6,1.7,1.3,1.3,2.8,14.4,100,113
44,36,Nicolas Batum,SF,30,CHO,75,72,2354,5.2,11.6,0.45,2.4,6.2,0.389,2.8,5.5,0.519,1.6,1.8,0.865,1.5,6.6,8.1,5.1,1.5,0.9,2.4,2.9,14.4,112,113
45,37,Jerryd Bayless,PG,30,MIN,34,6,657,6,16.8,0.357,2.1,7.1,0.296,3.9,9.6,0.402,1.2,2,0.571,0.8,3.7,4.5,8.7,1.3,0.1,2.3,4.1,15.2,98,117
46,38,Aron Baynes,C,32,BOS,51,18,821,6.2,13.1,0.471,1.2,3.6,0.344,4.9,9.5,0.519,3.1,3.6,0.855,5.2,8.9,14.1,3.3,0.7,2,2.3,7.3,16.7,118,108
47,39,Kent Bazemore,SG,29,ATL,67,35,1643,7.8,19.4,0.402,2.7,8.4,0.32,5.1,11,0.465,3.6,4.9,0.726,1,6.3,7.3,4.3,2.5,1.2,3.4,4.8,21.9,98,112
48,40,Bradley Beal,SG,25,WAS,82,82,3028,11.9,25.2,0.475,3.3,9.3,0.351,8.7,15.8,0.548,5.7,7,0.808,1.4,5,6.4,7,1.9,0.9,3.5,3.5,32.8,113,114
49,41,Malik Beasley,SG,22,DEN,81,18,1879,9.1,19.3,0.474,4.3,10.6,0.402,4.9,8.7,0.56,1.5,1.7,0.848,0.9,4.3,5.2,2.5,1.4,0.3,1.4,3,24,117,112
50,42,Michael Beasley,PF,30,LAL,26,2,277,12.6,25.7,0.49,0.5,2.9,0.176,12.1,22.8,0.529,4.7,6.6,0.718,2.2,7.9,10.1,4.2,1.5,1.7,4.5,7.1,30.4,99,108
51,43,Marco Belinelli,SG,32,SAS,79,1,1815,7.7,18.6,0.413,4,10.6,0.372,3.7,7.9,0.468,3,3.3,0.903,0.4,4.9,5.3,3.6,0.9,0.2,1.9,3.3,22.3,109,114
52,44,Jordan Bell,C,24,GSW,68,3,788,6,11.6,0.516,0,0.1,0,6,11.5,0.521,1.5,2.5,0.61,3.3,7.8,11.1,4.6,1.2,3.1,2.5,4.8,13.5,109,108
53,45,DeAndre' Bembry,SG,24,ATL,82,15,1931,6.6,14.7,0.446,1.2,4.1,0.289,5.4,10.6,0.508,2.1,3.3,0.64,1.3,7.3,8.6,4.8,2.5,1,3.4,4.5,16.4,97,112
54,46,Dragan Bender,PF,21,PHO,46,27,826,5.1,11.4,0.447,1.3,5.8,0.218,3.8,5.5,0.688,1.8,3.1,0.593,2,8.6,10.6,3.2,1,1.3,2.1,5.2,13.3,102,115
55,47,Dairis Bertans,SG,29,NOP,12,0,167,3.3,13.1,0.255,2.8,9.5,0.294,0.6,3.6,0.154,0,0,,0.6,1.9,2.5,2.8,0.3,0,0.6,1.9,9.5,86,120
56,48,Davis Bertans,PF,26,SAS,76,12,1632,6.1,13.6,0.45,4.3,10.1,0.429,1.8,3.4,0.513,1.6,1.8,0.883,0.7,7.2,7.9,3,1,1,1.3,4,18.1,122,112
57,49,Patrick Beverley,PG,30,LAC,78,49,2137,4.3,10.5,0.407,2.5,6.2,0.397,1.8,4.3,0.421,2.1,2.7,0.78,1.7,6.9,8.6,6.6,1.5,0.9,1.9,5.9,13.2,119,111
58,50,Khem Birch,C,26,ORL,50,1,643,6.9,11.5,0.603,0,0.1,0,6.9,11.4,0.607,4.4,6.3,0.699,6,8.4,14.5,2.9,1.4,2.2,1.5,5.5,18.3,134,106
59,51,Bismack Biyombo,C,26,CHO,54,32,783,5.5,9.7,0.571,0,0,,5.5,9.7,0.571,3.6,5.7,0.637,5,10.3,15.3,2,0.7,2.5,2.1,6.4,14.7,121,110
60,52,Nemanja Bjelica,PF,30,SAC,77,70,1788,7.4,15.4,0.479,2.7,6.7,0.401,4.7,8.7,0.539,1.8,2.4,0.761,3.3,8.3,11.6,3.8,1.4,1.5,2.1,5.1,19.3,117,110
61,53,Antonio Blakeney,SG,22,CHI,57,3,829,9.7,23.2,0.419,2.1,5.3,0.396,7.6,17.8,0.426,2.9,4.4,0.658,0.4,5.8,6.2,2.5,0.7,0.5,2,2.4,24.5,94,116
62,54,Eric Bledsoe,PG,29,MIL,78,78,2272,9.6,19.9,0.484,2.5,7.7,0.329,7.1,12.2,0.582,3.6,4.8,0.75,1.7,5.7,7.4,8.8,2.4,0.6,3.4,3.2,25.4,116,105
63,55,Jaron Blossomgame,SF,25,CLE,27,4,439,5.3,12,0.443,1.1,4.4,0.256,4.2,7.6,0.552,1.1,1.5,0.769,2.9,8.1,11.1,1.5,0.8,0.9,1.2,2.3,12.9,108,118
64,56,Bogdan Bogdanovic,SG,26,SAC,70,17,1947,8.6,20.6,0.418,3.2,8.9,0.36,5.4,11.7,0.462,3.2,3.9,0.827,1,4.9,5.8,6.4,1.7,0.4,2.8,3.4,23.7,107,113
65,57,Bojan Bogdanovic,SF,29,IND,81,81,2573,9.9,20,0.497,3.1,7.3,0.425,6.8,12.6,0.538,4.7,5.8,0.807,0.6,5.7,6.3,3.1,1.3,0,2.5,2.6,27.6,114,110
66,58,Andrew Bogut,C,34,GSW,11,5,134,6.4,12.8,0.5,0,0,,6.4,12.8,0.5,1.1,1.1,1,4.3,15.3,19.5,3.9,1.1,2.8,2.8,7.8,13.8,107,104
67,59,Jonah Bolden,PF,23,PHI,44,10,639,5.9,12,0.494,2.5,7.1,0.354,3.4,4.9,0.697,1,2,0.481,3.5,8.7,12.2,3,1.3,2.9,2.7,7.3,15.3,111,107
68,60,Isaac Bonga,PG,19,LAL,22,0,120,1.9,12.8,0.152,0,3.1,0,1.9,9.7,0.2,3.5,5.8,0.6,3.5,6.2,9.7,5.8,3.5,1.6,2.3,3.5,7.4,73,105
69,61,Devin Booker,SG,22,PHO,64,64,2242,12.5,26.7,0.467,2.9,8.8,0.326,9.6,17.9,0.536,8.4,9.7,0.866,0.8,4.8,5.6,9.2,1.2,0.3,5.6,4.3,36.2,109,118
70,62,Chris Boucher,PF,26,TOR,28,0,163,10,22.3,0.447,3.5,10.9,0.324,6.5,11.5,0.564,3.8,4.4,0.867,4.7,11.8,16.5,0.6,1.8,7.1,2.1,9.1,27.3,112,97
71,63,Avery Bradley,SG,28,TOT,63,63,1905,6.2,15.2,0.408,2.2,6.1,0.351,4.1,9.1,0.446,1.1,1.3,0.86,1.1,3.3,4.4,3.8,1,0.4,2.2,4.2,15.7,98,115
72,63,Avery Bradley,SG,28,LAC,49,49,1463,5.2,13.5,0.383,1.9,5.5,0.337,3.3,8,0.415,0.6,0.8,0.8,1.1,3.1,4.2,3.1,0.9,0.5,2,4.3,12.9,93,116
73,63,Avery Bradley,SG,28,MEM,14,14,442,9.8,21.1,0.463,3.1,8.2,0.384,6.6,12.9,0.513,2.6,2.8,0.92,0.9,4,4.9,6.3,1.6,0,3.1,3.8,25.3,107,112
74,64,Tony Bradley,C,21,UTA,3,0,36,10.6,21.3,0.5,0,0,,10.6,21.3,0.5,1.3,2.7,0.5,12,8,19.9,1.3,2.7,2.7,4,8,22.6,105,101
75,65,Corey Brewer,SF,32,TOT,31,3,492,5,11.7,0.431,1.3,4.2,0.318,3.7,7.5,0.494,2.9,4.1,0.721,2.5,4.7,7.2,3.7,3,0.7,1.8,6,14.3,112,109
76,65,Corey Brewer,SF,32,PHI,7,3,140,6.7,16.5,0.408,1.3,4.7,0.286,5.4,11.8,0.457,3,4.4,0.692,1.3,4.4,5.7,3.4,4,0.7,2.7,5.4,17.9,96,106
77,65,Corey Brewer,SF,32,SAC,24,0,352,4.4,9.8,0.446,1.3,4,0.333,3,5.8,0.523,2.9,4,0.733,2.9,4.9,7.8,3.8,2.6,0.7,1.5,6.2,13,121,110
78,66,Mikal Bridges,SF,22,PHO,82,56,2417,4.8,11.1,0.43,2.1,6.2,0.335,2.7,4.9,0.548,1.9,2.3,0.805,1.1,4.1,5.2,3.4,2.5,0.8,1.4,4,13.5,112,115
79,67,Miles Bridges,SF,20,CHO,80,25,1696,6.8,14.7,0.464,1.9,5.7,0.325,4.9,8.9,0.553,1.7,2.2,0.753,1.9,7.3,9.3,2.7,1.6,1.4,1.4,3.2,17.1,111,112
80,68,Isaiah Briscoe,PG,22,ORL,39,0,559,4.8,12.1,0.399,1,3,0.324,3.9,9.1,0.423,1.3,2.3,0.577,0.4,6,6.5,7.6,1,0.2,2.7,5.8,11.9,96,111
81,69,Ryan Broekhoff,SG,28,DAL,42,0,453,6.1,13.5,0.452,4.1,10,0.409,2,3.5,0.576,1.6,2,0.789,0.9,5.9,6.7,2.4,0.6,0.4,1.7,3.7,17.9,116,114
82,70,Malcolm Brogdon,SG,26,MIL,64,64,1832,9.6,19,0.505,2.6,6.2,0.426,7,12.8,0.544,3.6,3.9,0.928,1.6,5.7,7.3,5.2,1.2,0.3,2.3,2.6,25.4,121,108
83,71,Dillon Brooks,SF,23,MEM,18,0,330,7.4,18.4,0.402,2.3,6,0.375,5.1,12.3,0.415,3.3,4.5,0.733,1.4,3.3,4.7,2.4,1.5,0.6,2.9,7.5,20.3,94,112
84,72,MarShon Brooks,SG,30,MEM,29,0,387,9.8,21.7,0.45,1.9,6.9,0.278,7.8,14.8,0.53,3,4.2,0.697,1.5,4.2,5.8,3.2,1.2,0.5,2.7,4.2,24.4,98,113
85,73,Bruce Brown,SG,22,DET,74,56,1449,4.3,10.7,0.398,0.8,3.2,0.258,3.4,7.5,0.457,1.5,2,0.75,1.6,4.7,6.3,3.1,1.4,1.2,1.6,6.1,10.9,100,110
86,74,Jaylen Brown,SG,22,BOS,74,25,1913,9.3,19.9,0.465,2.4,6.9,0.344,6.9,13,0.529,3.3,5.1,0.658,1.6,6.2,7.9,2.5,1.7,0.8,2.5,4.7,24.3,104,109
87,75,Lorenzo Brown,PG,28,TOR,26,0,212,5.2,16.1,0.324,1.4,6.3,0.214,3.8,9.7,0.395,0.7,0.7,1,1.1,5.9,7,6.3,2.7,1.1,3.6,5,12.4,82,105
88,76,Sterling Brown,SG,23,MIL,58,7,1034,6.5,14,0.465,2.4,6.6,0.361,4.1,7.4,0.558,1.3,1.9,0.69,1.3,7,8.3,3.8,1.1,0.4,2.1,4,16.7,109,108
89,77,Troy Brown Jr.,SF,19,WAS,52,10,730,6.3,15.2,0.415,1.4,4.5,0.319,4.9,10.7,0.455,2.1,3,0.681,2.3,7.1,9.4,5.2,1.4,0.3,1.9,3.6,16.1,105,115
90,78,Jalen Brunson,PG,22,DAL,73,38,1591,8,17.2,0.467,1.9,5.5,0.348,6.1,11.7,0.523,2.7,3.7,0.725,0.8,4.4,5.2,7,1.1,0.1,2.7,3.9,20.7,110,114
91,79,Thomas Bryant,C,21,WAS,72,53,1496,9.8,15.9,0.616,1,3.1,0.333,8.7,12.8,0.685,3.4,4.3,0.781,3.6,10.8,14.4,2.9,0.8,2.1,1.9,4,24,130,112
92,80,Reggie Bullock,SG,27,TOT,63,60,1879,6.3,15.3,0.412,3.8,10.1,0.377,2.5,5.2,0.483,1.9,2.2,0.859,0.6,3.9,4.5,3.3,1,0.3,1.7,2.8,18.4,111,113
93,80,Reggie Bullock,SG,27,DET,44,44,1355,6.6,16,0.413,4.1,10.7,0.388,2.5,5.3,0.463,2,2.3,0.875,0.7,3.7,4.5,4,0.9,0.2,2,2.9,19.4,113,113
94,80,Reggie Bullock,SG,27,LAL,19,16,524,5.6,13.6,0.412,3,8.8,0.343,2.6,4.8,0.537,1.5,1.9,0.81,0.2,4.3,4.4,1.8,1.4,0.6,1,2.7,15.7,107,112
95,81,Trey Burke,PG,26,TOT,58,8,1125,10.1,23.5,0.431,2.4,6.8,0.352,7.7,16.7,0.463,4.4,5.3,0.831,1.2,3,4.3,6.8,1.4,0.3,2.1,2.5,27.1,110,116
96,81,Trey Burke,PG,26,NYK,33,7,689,10.4,25,0.413,2.1,6,0.349,8.3,19,0.434,4.3,5.2,0.827,1,3.3,4.3,6.6,1.5,0.3,2,2.3,27.1,106,117
97,81,Trey Burke,PG,26,DAL,25,1,436,9.8,21.1,0.463,2.9,8.1,0.356,6.9,13,0.53,4.6,5.5,0.837,1.4,2.7,4.1,7.2,1.3,0.2,2.2,2.8,27,119,114
98,82,Alec Burks,SG,27,TOT,64,24,1375,6.8,16.9,0.405,2.2,6,0.363,4.7,10.9,0.428,4.1,5,0.823,1.1,7.3,8.4,4.6,1.4,0.7,2.3,3.2,20,106,114
99,82,Alec Burks,SG,27,UTA,17,0,269,8.4,20.3,0.412,2.8,7.6,0.372,5.5,12.6,0.437,5.9,6.8,0.868,0.4,4.4,4.8,3.6,1.1,0.7,2.7,3.9,25.4,106,109
100,82,Alec Burks,SG,27,CLE,34,24,979,6.9,17.2,0.4,2.3,6,0.378,4.6,11.2,0.412,4,5,0.806,1.3,8.1,9.4,5,1.3,0.8,2.3,3.1,20.1,107,117
101,82,Alec Burks,SG,27,SAC,13,0,127,3.3,7.3,0.45,0,2.2,0,3.3,5.1,0.643,1.5,1.8,0.8,0.7,7.3,8.1,3.7,2.9,0.4,1.5,2.6,8.1,103,109
102,83,Deonte Burton,SG,25,OKC,32,0,240,6.4,15.9,0.402,1.6,5.3,0.296,4.9,10.7,0.455,1.6,2.3,0.667,0.8,4.7,5.4,1.8,1.2,1.6,1.8,6,15.9,94,109
103,84,Jimmy Butler,SF-SG,29,TOT,65,65,2185,9.1,19.6,0.462,1.5,4.2,0.347,7.6,15.4,0.494,6.8,7.9,0.855,2.6,4.8,7.4,5.7,2.7,0.8,2.1,2.4,26.3,121,110
104,84,Jimmy Butler,SG,29,MIN,10,10,361,9.8,20.8,0.471,2.3,6,0.378,7.6,14.9,0.509,6.4,8.1,0.787,2.1,4.8,6.9,5.7,3.2,1.3,1.9,2.4,28.3,122,111
105,84,Jimmy Butler,SF,29,PHI,55,55,1824,8.9,19.3,0.461,1.3,3.8,0.338,7.6,15.5,0.491,6.8,7.9,0.868,2.7,4.8,7.5,5.7,2.6,0.8,2.1,2.4,25.9,120,109
106,85,Bruno Caboclo,PF,23,MEM,34,19,800,6,14,0.427,3,8.1,0.369,3,5.9,0.505,2.6,3.1,0.84,2.6,7.2,9.8,3.1,0.9,2.1,2.4,5,17.5,109,109
107,86,José Calderón,PG,37,DET,49,0,632,3.5,9.4,0.375,1.1,4.4,0.246,2.4,4.9,0.492,0.7,0.9,0.818,0.9,3.8,4.7,9,1.2,0.2,2.7,5,8.8,102,112
108,87,Kentavious Caldwell-Pope,SG,25,LAL,82,23,2035,7.4,17.3,0.43,3.5,9.9,0.347,4,7.3,0.542,3.1,3.6,0.867,1.1,4.3,5.4,2.5,1.7,0.3,1.5,3.1,21.4,113,112
109,88,Isaiah Canaan,PG,27,TOT,30,16,629,4.9,12.4,0.39,2.6,7.3,0.354,2.3,5.2,0.441,1.4,1.8,0.792,0.5,3.9,4.4,6.4,1.1,0.2,2.7,3.9,13.7,102,118
110,88,Isaiah Canaan,PG,27,PHO,19,15,503,4.8,12.2,0.395,2.4,6.8,0.347,2.5,5.4,0.456,1.4,1.9,0.75,0.5,4.2,4.7,5.9,1.1,0,2.8,4.4,13.5,100,119
111,88,Isaiah Canaan,PG,27,MIN,7,1,95,5.5,14.6,0.379,3.5,9.6,0.368,2,5,0.4,2,2,1,0,2.5,2.5,9.6,1,0.5,2,2,16.6,117,118
112,88,Isaiah Canaan,PG,27,MIL,4,0,31,3,9,0.333,3,7.5,0.4,0,1.5,0,0,0,,1.5,4.5,6,4.5,0,1.5,3,3,9,95,110
113,89,Clint Capela,C,24,HOU,67,67,2249,10.3,16,0.648,0,0,,10.3,16,0.648,3.6,5.7,0.636,6.5,12,18.5,2.1,1,2.2,2.1,3.7,24.3,133,108
114,90,DeMarre Carroll,PF,32,BRK,67,8,1703,6.3,16.1,0.395,3,8.7,0.342,3.4,7.4,0.457,5.1,6.8,0.76,1.9,7.9,9.8,2.4,0.9,0.3,2,3.2,20.8,110,111
115,91,Jevon Carter,PG,23,MEM,39,3,577,4.8,15.9,0.303,2.9,8.8,0.333,1.9,7.1,0.265,2.2,2.8,0.813,1.2,4.5,5.7,5.9,2.2,0.9,2.8,4.7,14.8,90,109
116,92,Vince Carter,PF,42,ATL,76,9,1330,6.8,16.3,0.419,4.3,11,0.389,2.5,5.3,0.48,1.6,2.3,0.712,1.1,5.7,6.7,3,1.5,0.9,1.7,4.9,19.5,112,115
117,93,Wendell Carter Jr.,C,19,CHI,44,44,1110,7.9,16.2,0.485,0.3,1.4,0.188,7.6,14.8,0.513,3.9,4.9,0.795,3.8,9.6,13.4,3.4,1.1,2.5,2.8,6.6,19.9,107,110
118,94,Michael Carter-Williams,PG,27,TOT,28,1,372,6.1,16.2,0.374,1.3,5,0.263,4.7,11.2,0.424,4.2,7,0.604,2.5,6.7,9.2,9.2,2.6,2,2.6,6.3,17.6,106,106
119,94,Michael Carter-Williams,PG,27,HOU,16,1,145,8.5,20.6,0.41,2.4,6.4,0.368,6.1,14.2,0.429,4.1,8.8,0.462,1,3.4,4.4,7.1,3,2,3.4,9.1,23.3,99,109
120,94,Michael Carter-Williams,PG,27,ORL,12,0,227,4.5,13.4,0.339,0.6,4.1,0.158,3.9,9.3,0.419,4.3,5.8,0.741,3.4,8.8,12.3,10.6,2.4,1.9,2.2,4.5,14,111,104
121,95,Alex Caruso,PG,24,LAL,25,4,531,6.7,15.2,0.445,2.1,4.4,0.48,4.6,10.8,0.431,4.5,5.6,0.797,1.8,4.1,5.9,6.7,2.1,0.8,3.7,4.7,20.1,109,110
122,96,Omri Casspi,SF,30,MEM,36,0,520,8.2,15.4,0.534,1.4,4.1,0.349,6.8,11.3,0.602,3.7,5.5,0.672,1.6,9.4,11,2.5,1.9,0.9,2.2,3.3,21.6,112,107
123,97,Willie Cauley-Stein,C,25,SAC,81,81,2213,8.7,15.6,0.556,0,0,0.5,8.6,15.5,0.556,2.9,5.3,0.551,3.8,10.5,14.3,4.1,2,1.1,1.8,4.8,20.3,118,108
124,98,Troy Caupain,PG,23,ORL,4,0,16,12.2,24.5,0.5,6.1,9.2,0.667,6.1,15.3,0.4,0,0,,3.1,6.1,9.2,12.2,3.1,0,0,0,30.6,144,107
125,99,Tyler Cavanaugh,PF,24,UTA,11,0,39,3.7,12.3,0.3,1.2,6.1,0.2,2.5,6.1,0.4,2.5,2.5,1,3.7,6.1,9.8,1.2,0,0,1.2,3.7,11,97,112
126,100,Tyson Chandler,C,36,TOT,55,6,875,3.3,5.3,0.616,0,0.1,0,3.3,5.2,0.622,2.7,4.6,0.586,4.9,11.5,16.4,2,1.1,1.2,2.2,5.9,9.2,120,108
127,100,Tyson Chandler,C,36,PHO,7,0,89,4.3,6.4,0.667,0,0,,4.3,6.4,0.667,5.4,9.7,0.556,3.8,17.2,20.9,3.2,1.1,0.5,3.8,11.3,13.9,111,110
128,100,Tyson Chandler,C,36,LAL,48,6,786,3.1,5.2,0.609,0,0.1,0,3.1,5.1,0.616,2.4,4.1,0.594,5,10.8,15.9,1.8,1.1,1.3,2.1,5.3,8.7,121,108
129,101,Wilson Chandler,PF-SF,31,TOT,51,33,1177,4.6,11,0.418,2.4,6.3,0.373,2.2,4.6,0.478,0.7,1,0.72,1.9,6.7,8.6,3.3,1,0.8,1.8,4.9,12.2,107,112
130,101,Wilson Chandler,PF,31,PHI,36,32,951,4.5,10.3,0.44,2.3,5.9,0.39,2.2,4.4,0.506,0.6,0.9,0.722,2.2,6.2,8.3,3.6,1.1,0.9,1.9,4.7,12,111,112
131,101,Wilson Chandler,SF,31,LAC,15,1,226,4.8,13.8,0.348,2.7,8.4,0.325,2.1,5.4,0.385,1,1.5,0.714,0.8,9,9.8,2.1,0.6,0.6,1.5,6.1,13.4,94,112
132,102,Joe Chealey,PG,23,CHO,1,0,8,6.1,18.2,0.333,0,0,,6.1,18.2,0.333,0,0,,0,0,0,6.1,0,0,0,6.1,12.2,86,121
133,103,Chris Chiozza,PG,23,HOU,7,0,33,3,11.9,0.25,3,7.4,0.4,0,4.5,0,0,0,,1.5,4.5,5.9,5.9,1.5,1.5,1.5,3,8.9,97,112
134,104,Marquese Chriss,PF,21,TOT,43,2,499,6.7,17.9,0.372,1.6,7.1,0.222,5.1,10.7,0.472,3.2,4.5,0.711,4,10.1,14.1,2.2,1.7,1.1,3.6,8,18.1,92,113
135,104,Marquese Chriss,PF,21,HOU,16,0,104,5.2,16,0.324,0.5,7.1,0.067,4.7,9,0.526,2.8,3.3,0.857,3.3,9.9,13.2,2.8,0.9,1.9,5.7,8,13.7,75,109
136,104,Marquese Chriss,PF,21,CLE,27,2,395,7,18.4,0.384,1.9,7.2,0.263,5.2,11.2,0.461,3.3,4.8,0.684,4.1,10.2,14.3,2,1.9,0.9,3,8,19.2,96,114
137,105,Gary Clark,PF,24,HOU,51,2,641,3.8,11.6,0.331,3.1,10.6,0.297,0.7,1,0.692,0.5,0.5,1,1.8,7,8.9,1.4,1.5,2,0.5,3.6,11.3,108,110
138,106,Ian Clark,SG,27,NOP,60,6,973,7.2,18.3,0.394,3.2,9.6,0.327,4.1,8.6,0.47,1.6,1.8,0.892,0.6,3.6,4.3,4.5,1.1,0.4,2.8,4.5,19.2,98,116
139,107,Jordan Clarkson,SG,26,CLE,81,0,2214,11.9,26.5,0.448,3.2,10,0.324,8.6,16.5,0.524,3.6,4.3,0.844,1.8,4.2,6.1,4.4,1.3,0.3,3,2.5,30.6,107,119
140,108,John Collins,PF,21,ATL,61,59,1829,11.7,21,0.56,1.4,4,0.348,10.4,17,0.609,5.1,6.7,0.763,5.5,9.5,15,3.1,0.6,1,3,5,30,122,115
141,109,Zach Collins,C,21,POR,77,0,1356,6.8,14.3,0.473,1.4,4.3,0.331,5.3,10,0.534,3.4,4.5,0.746,3.9,7.7,11.6,2.5,0.9,2.4,2.8,6.2,18.3,112,110
142,110,Darren Collison,PG,31,IND,76,76,2143,7,15,0.467,1.8,4.4,0.407,5.2,10.6,0.492,3.6,4.3,0.832,0.8,4.5,5.3,10.5,2.5,0.2,2.9,3.1,19.5,118,108
143,111,Bonzie Colson,SF,23,MIL,8,2,98,6.2,18.5,0.333,2.4,10,0.238,3.8,8.5,0.444,3.8,4.3,0.889,3.8,10.4,14.2,1.4,2.4,0.5,1.4,1.4,18.5,100,103
144,112,Mike Conley,PG,31,MEM,70,70,2342,10.4,23.8,0.438,3.3,9,0.364,7.1,14.7,0.483,7.3,8.6,0.845,0.8,4.2,5.1,9.5,2,0.5,2.8,2.6,31.4,117,111
145,113,Pat Connaughton,SG,26,MIL,61,2,1261,6,12.9,0.466,2.4,7.4,0.33,3.6,5.5,0.647,1.1,1.5,0.725,2.2,7.3,9.5,4.5,1.2,0.9,1.2,3,15.5,122,107
146,114,Quinn Cook,PG,25,GSW,74,10,1059,9.2,19.7,0.465,3.6,9,0.405,5.5,10.7,0.515,0.9,1.2,0.769,1,6.1,7.1,5.2,0.9,0.1,2.2,4.1,22.9,110,113
147,115,DeMarcus Cousins,C,28,GSW,30,30,771,11,22.9,0.48,1.6,5.9,0.274,9.4,17,0.551,6.5,8.9,0.736,2.7,12.6,15.2,6.6,2.5,2.7,4.4,6.7,30.1,109,102
148,116,Robert Covington,SF,28,TOT,35,35,1203,6.2,14.3,0.431,3.4,8.9,0.378,2.8,5.4,0.518,2.7,3.5,0.764,1.1,6.5,7.6,1.8,2.9,1.9,1.9,5,18.4,110,108
149,116,Robert Covington,SF,28,PHI,13,13,440,5.4,12.6,0.427,3.2,8.3,0.39,2.1,4.3,0.5,1.8,2.5,0.739,0.8,6.4,7.2,1.5,2.6,2.5,2.4,4.8,15.8,102,106
150,116,Robert Covington,SF,28,MIN,22,22,763,6.7,15.4,0.433,3.5,9.3,0.372,3.2,6.1,0.526,3.2,4.1,0.773,1.3,6.6,7.9,2,3.1,1.5,1.6,5.1,20,115,109
151,117,Allen Crabbe,SG,26,BRK,43,20,1133,5.8,15.7,0.367,4.1,10.9,0.378,1.6,4.8,0.342,1.7,2.4,0.732,0.7,5.5,6.2,1.9,1,0.5,1.9,4.3,17.4,100,112
152,118,Torrey Craig,SF,28,DEN,75,37,1503,5.2,11.8,0.442,2,6.1,0.324,3.2,5.7,0.569,1.6,2.3,0.7,2.9,5.7,8.6,2.4,1.2,1.5,1.4,5.7,14.1,114,110
153,119,Jamal Crawford,SG,38,PHO,64,0,1211,6.9,17.3,0.397,2.6,8,0.332,4.2,9.3,0.453,3.7,4.3,0.845,0.3,3,3.4,9,1.3,0.5,3.9,3,20,102,119
154,120,Mitch Creek,SF,26,TOT,5,0,48,7.9,15.9,0.5,0,2,0,7.9,13.9,0.571,5,7,0.714,6,6,11.9,6,2,0,1,3,20.9,129,111
155,120,Mitch Creek,SF,26,BRK,4,0,36,6.6,13.2,0.5,0,1.3,0,6.6,11.9,0.556,6.6,9.3,0.714,6.6,6.6,13.2,6.6,1.3,0,0,4,19.8,145,111
156,120,Mitch Creek,SF,26,MIN,1,0,12,12,24,0.5,0,4,0,12,20,0.6,0,0,,4,4,8,4,4,0,4,0,24,96,111
157,121,Jae Crowder,SF,28,UTA,80,11,2166,7,17.6,0.399,3.8,11.5,0.331,3.2,6.1,0.527,3.1,4.4,0.721,1.3,7.2,8.5,2.9,1.4,0.7,1.9,3.8,21,107,107
158,122,Dante Cunningham,PF,31,SAS,64,21,928,3.9,8.3,0.475,1.6,3.4,0.462,2.4,4.9,0.484,0.7,0.9,0.778,2.5,7.4,9.9,2.6,1.4,0.7,1.2,3.7,10.2,121,111
159,123,Seth Curry,SG,28,POR,74,2,1399,7.3,16.1,0.456,3.9,8.7,0.45,3.4,7.4,0.463,1.5,1.8,0.846,0.9,3.2,4.2,2.3,1.2,0.4,2.1,3.4,20.1,113,114
160,124,Stephen Curry,PG,30,GSW,69,69,2331,12.9,27.3,0.472,7.2,16.5,0.437,5.7,10.8,0.525,5.4,5.9,0.916,0.9,6.6,7.5,7.4,1.9,0.5,3.9,3.4,38.4,120,110
161,125,Troy Daniels,SG,27,PHO,51,1,760,7.1,17.3,0.411,4.6,12.2,0.381,2.5,5.1,0.481,1.1,1.4,0.783,0.8,3.8,4.6,1.6,1.6,0.3,1.7,5,20,104,118
162,126,Anthony Davis,C,25,NOP,56,56,1850,13.3,25.8,0.517,1.2,3.6,0.331,12.1,22.1,0.547,8.6,10.9,0.794,4.4,12.5,16.9,5.5,2.2,3.4,2.8,3.3,36.5,122,105
163,127,Deyonta Davis,C,22,ATL,9,0,118,5.9,8.6,0.682,0,0.4,0,5.9,8.2,0.714,2.3,3.9,0.6,3.9,10.2,14.1,2,1.2,2,1.2,4.7,14.1,136,112
164,128,Ed Davis,C,29,BRK,81,1,1446,6.1,9.9,0.616,0,0.1,0,6.1,9.9,0.62,3.3,5.3,0.617,7.1,15.7,22.8,2,1.2,1.1,2.1,7.4,15.5,129,105
165,129,Tyler Davis,C,21,OKC,1,0,1,0,46.7,0,0,0,,0,46.7,0,0,0,,46.7,0,46.7,0,0,0,0,0,0,65,116
166,130,Dewayne Dedmon,C,29,ATL,64,52,1609,7.4,15.1,0.492,2.4,6.2,0.382,5.1,8.9,0.57,2.6,3.2,0.814,3,10.8,13.8,2.6,2,2,2.4,6.1,19.9,115,109
167,131,Sam Dekker,PF,24,TOT,47,5,788,7.3,15.5,0.469,1.2,3.8,0.306,6.1,11.8,0.521,1.7,2.8,0.609,3.2,5.8,9,2.8,2.3,0.4,1.5,2.9,17.4,109,114
168,131,Sam Dekker,PF,24,CLE,9,5,169,6.5,14.1,0.458,1.5,3.8,0.385,5,10.3,0.486,2.4,2.9,0.8,2.6,7.1,9.7,2.6,3.2,0,1.5,3.8,16.8,114,114
169,131,Sam Dekker,PF,24,WAS,38,0,619,7.5,15.9,0.471,1.1,3.7,0.286,6.4,12.2,0.528,1.5,2.8,0.556,3.4,5.4,8.8,2.8,2.1,0.5,1.5,2.6,17.6,108,114
170,132,Ángel Delgado,C,24,LAC,2,0,15,3.1,15.7,0.2,0,0,,3.1,15.7,0.2,3.1,6.3,0.5,6.3,6.3,12.6,0,3.1,0,0,6.3,9.4,78,109
171,133,Matthew Dellavedova,PG,28,TOT,48,0,812,5.9,14.7,0.405,2.7,7.9,0.338,3.3,6.8,0.482,2.5,3.2,0.808,0.4,4.3,4.7,11,0.8,0.1,4.1,4.6,17.1,107,119
172,133,Matthew Dellavedova,PG,28,MIL,12,0,97,2.9,9.1,0.316,1.9,5.3,0.364,1,3.8,0.25,1.9,1.9,1,0,4.8,4.8,13.9,1,0,5.3,4.3,9.6,99,110
173,133,Matthew Dellavedova,PG,28,CLE,36,0,715,6.4,15.5,0.413,2.8,8.3,0.336,3.6,7.2,0.5,2.6,3.3,0.792,0.4,4.2,4.7,10.6,0.8,0.1,4,4.6,18.2,107,121
174,134,Luol Deng,SF,33,MIN,22,2,392,7.2,14.4,0.5,1.7,5.4,0.318,5.5,9,0.608,3.1,4.3,0.714,2.4,6.5,8.9,2.2,1.8,1,1.7,2.9,19.2,117,113
175,135,DeMar DeRozan,SG,29,SAS,77,77,2688,11.5,23.9,0.481,0.1,0.8,0.156,11.3,23,0.492,6.6,8,0.83,1,7.4,8.4,8.6,1.6,0.7,3.6,3.2,29.7,110,111
176,136,Marcus Derrickson,PF,22,GSW,11,0,67,11.4,23.4,0.485,7.1,14.2,0.5,4.3,9.2,0.462,2.8,3.6,0.8,5.7,3.6,9.2,0.7,0,0.7,2.1,6.4,32.7,123,116
177,137,Cheick Diallo,PF,22,NOP,64,1,896,8.7,14.1,0.62,0.1,0.2,0.25,8.7,13.8,0.625,2.6,3.5,0.746,3.9,13.3,17.2,1.7,1.5,1.7,2.5,5.9,20.1,119,108
178,138,Hamidou Diallo,SG,20,OKC,51,3,526,6.7,14.6,0.455,0.4,2.1,0.167,6.3,12.5,0.504,3.2,5.2,0.61,3.4,5.2,8.6,1.5,1.9,0.9,2,6.8,16.9,103,108
179,139,Gorgui Dieng,C,29,MIN,76,2,1031,8.8,17.5,0.501,0.9,2.6,0.339,7.9,14.9,0.53,4.1,4.9,0.83,3.8,10.7,14.5,3.3,2.2,1.9,2.6,6.2,22.5,114,108
180,140,Spencer Dinwiddie,PG,25,BRK,68,4,1914,9.1,20.6,0.442,3.1,9.2,0.335,6,11.4,0.528,7.1,8.9,0.806,0.6,3.5,4.1,7.7,1,0.4,3.8,4.7,28.4,114,113
181,141,Donte DiVincenzo,SG,22,MIL,27,0,411,5.7,14,0.403,2.5,9.4,0.265,3.2,4.6,0.683,1,1.4,0.75,1.8,5.5,7.3,3.5,1.5,0.7,2.1,4.3,14.8,102,107
182,142,Luka Doncic,SG,19,DAL,72,72,2318,10.6,24.8,0.427,3.5,10.8,0.327,7.1,14.1,0.503,7.2,10.1,0.713,1.8,10,11.8,9,1.6,0.5,5.2,2.9,31.9,107,109
183,143,Tyler Dorsey,SG,22,TOT,48,11,698,7.4,18.3,0.405,3.1,9.2,0.333,4.4,9.2,0.477,2.6,4.2,0.623,1.9,6,7.8,3.9,1,0.1,1.9,3.7,20.5,104,114
184,143,Tyler Dorsey,SG,22,ATL,27,0,251,5.9,16.4,0.36,1.8,7.2,0.256,4.1,9.2,0.44,2.9,4.8,0.615,1.7,6.3,7.9,3.1,1.3,0.2,1.8,3.7,16.6,96,116
185,143,Tyler Dorsey,SG,22,MEM,21,11,447,8.3,19.5,0.429,3.8,10.3,0.366,4.6,9.1,0.5,2.4,3.9,0.629,2,5.8,7.8,4.3,0.8,0.1,1.9,3.7,22.9,108,113
186,144,Damyean Dotson,SG,24,NYK,73,40,2004,7,16.8,0.415,3,8.2,0.368,3.9,8.6,0.461,1.8,2.4,0.745,0.8,5.5,6.3,3.2,1.4,0.2,1.7,3.2,18.7,105,116
187,145,PJ Dozier,SG,22,BOS,6,0,51,7.6,19.8,0.381,1.9,7.6,0.25,5.7,12.3,0.462,0.9,1.9,0.5,5.7,10.4,16.1,4.7,1.9,0,0,1.9,17.9,112,107
188,146,Goran Dragic,PG,32,MIA,36,22,991,8.8,21.3,0.413,2.8,8.1,0.348,6,13.3,0.454,3.9,5,0.782,1,4.5,5.5,8.6,1.5,0.2,3.5,4,24.4,106,111
189,147,Andre Drummond,C,25,DET,79,79,2647,10.4,19.6,0.533,0.1,0.7,0.132,10.4,18.9,0.548,4.5,7.7,0.59,7.9,15.1,22.9,2.1,2.5,2.6,3.3,5.1,25.5,113,100
190,148,Jared Dudley,PF,33,BRK,59,25,1220,3.9,9.3,0.423,2.1,5.9,0.351,1.9,3.4,0.545,1.2,1.8,0.696,1.3,4.7,6,3.2,1.4,0.6,1.7,5.1,11.2,110,111
191,149,Kris Dunn,PG,24,CHI,46,44,1389,7.5,17.7,0.425,1.2,3.4,0.354,6.3,14.3,0.441,1.9,2.4,0.797,0.7,5.9,6.5,9.7,2.4,0.7,3.6,5.8,18.1,99,112
192,150,Kevin Durant,SF,30,GSW,78,78,2702,12.7,24.4,0.521,2.4,6.8,0.353,10.3,17.5,0.587,7.9,8.9,0.885,0.6,8.2,8.8,8,1,1.5,4,2.7,35.7,121,110
193,151,Trevon Duval,PG,20,MIL,3,0,6,15.5,23.2,0.667,7.7,7.7,1,7.7,15.5,0.5,0,0,,0,7.7,7.7,15.5,0,0,0,0,38.7,179,110
194,152,Vince Edwards,SF,22,HOU,2,0,16,3.1,12.3,0.25,3.1,12.3,0.25,0,0,,0,0,,3.1,3.1,6.1,0,0,0,0,0,9.2,95,118
195,153,Henry Ellenson,PF,22,TOT,19,0,259,7.3,17.7,0.411,3.2,7.1,0.447,4.1,10.6,0.386,3.5,4.7,0.76,0.9,11.4,12.3,3,1.3,0.4,1.7,5,21.3,108,112
196,153,Henry Ellenson,PF,22,DET,2,0,25,7.9,19.7,0.4,3.9,7.9,0.5,3.9,11.8,0.333,3.9,3.9,1,0,17.7,17.7,2,0,0,0,3.9,23.7,120,108
197,153,Henry Ellenson,PF,22,NYK,17,0,234,7.2,17.5,0.412,3.1,7,0.441,4.1,10.5,0.392,3.5,4.7,0.739,1,10.7,11.7,3.1,1.4,0.4,1.9,5.1,21,107,112
198,154,Wayne Ellington,SG,31,TOT,53,38,1297,7,17.3,0.403,5.2,14.1,0.371,1.7,3.2,0.541,1.5,1.9,0.796,0.5,3.5,4.1,2.7,2,0.2,1.5,3.5,20.6,112,110
199,154,Wayne Ellington,SG,31,MIA,25,12,533,6.3,16.9,0.375,5.2,14.2,0.368,1.1,2.7,0.414,1.3,1.5,0.875,0.6,3.8,4.3,2.7,2.2,0.3,1.3,3.7,19.2,110,109
200,154,Wayne Ellington,SG,31,DET,28,26,764,7.4,17.6,0.421,5.2,14,0.373,2.2,3.6,0.607,1.6,2.1,0.758,0.5,3.4,3.9,2.8,1.9,0.2,1.7,3.4,21.7,114,111
201,155,Joel Embiid,C,24,PHI,64,64,2154,12.7,26.3,0.484,1.7,5.8,0.3,11,20.5,0.535,11.4,14.2,0.804,3.5,15.6,19.1,5.1,1,2.7,5,4.6,38.6,114,104
202,156,James Ennis,SF,28,TOT,58,27,1230,5.5,11.6,0.469,2.2,6.2,0.353,3.3,5.5,0.601,2.3,3.2,0.716,2.4,4.8,7.2,1.6,1.6,0.9,1.3,5.9,15.4,119,112
203,156,James Ennis,SF,28,HOU,40,25,949,5.4,10.9,0.493,2.3,6.2,0.367,3.1,4.7,0.659,2.2,3,0.724,1.9,4.1,6,1.4,2,0.8,1.2,5.7,15.2,124,112
204,156,James Ennis,SF,28,PHI,18,2,281,5.7,13.9,0.41,1.8,6.1,0.306,3.9,7.9,0.489,2.7,3.9,0.696,3.9,7.1,10.9,2.4,0.5,1.2,1.8,6.6,16,108,112
205,157,Drew Eubanks,PF,21,SAS,23,0,113,6.5,11.2,0.577,0,0,,6.5,11.2,0.577,4.8,5.6,0.846,2.6,12.1,14.7,3,0.9,2.2,3.5,4.8,17.7,114,108
206,158,Jacob Evans,SG,21,GSW,30,1,204,4.2,12.4,0.34,0.9,3.5,0.267,3.3,8.9,0.368,0,0.2,0,1.4,4.4,5.8,5.4,1.2,0.7,2.6,6.5,9.3,85,113
207,159,Jawun Evans,PG,22,TOT,8,0,65,2.2,10.3,0.214,0,2.2,0,2.2,8.1,0.273,0,0,,0.7,8.1,8.8,7.3,2.2,0,4.4,5.9,4.4,58,114
208,159,Jawun Evans,PG,22,PHO,7,0,64,2.2,9.7,0.231,0,1.5,0,2.2,8.2,0.273,0,0,,0.7,8.2,9,7.5,2.2,0,4.5,6,4.5,60,114
209,159,Jawun Evans,PG,22,OKC,1,0,1,0,46.7,0,0,46.7,0,0,0,,0,0,,0,0,0,0,0,0,0,0,0,0,116
210,160,Tyreke Evans,SG,29,IND,69,18,1402,9,23,0.389,2.7,7.5,0.356,6.3,15.5,0.405,4,5.6,0.719,1.2,5.9,7,5.8,2,0.6,4.1,4.1,24.6,94,107
211,161,Dante Exum,PG,23,UTA,42,1,664,7.3,17.4,0.419,1.3,4.5,0.29,6,12.9,0.464,4.9,6.2,0.791,1.2,3.7,4.9,7.9,1,0.4,3.7,5,20.8,104,110
212,162,Kenneth Faried,C,29,TOT,37,13,728,10.5,17.8,0.589,0.5,1.7,0.32,9.9,16.1,0.617,4.3,6.6,0.646,6.5,10.3,16.8,1.3,1.1,1.5,2.2,5.5,25.7,125,109
213,162,Kenneth Faried,C,29,BRK,12,0,118,10.1,16.9,0.595,0.4,2,0.2,9.7,14.9,0.649,4,6.5,0.625,6.1,11.7,17.7,0.8,0.8,1.6,2.4,3.2,24.6,120,107
214,162,Kenneth Faried,C,29,HOU,25,13,610,10.5,17.9,0.587,0.6,1.6,0.35,10,16.3,0.611,4.3,6.7,0.651,6.6,10,16.6,1.4,1.2,1.5,2.2,6,26,126,109
215,163,Derrick Favors,C,27,UTA,76,70,1766,9.8,16.8,0.586,0.5,2.1,0.218,9.4,14.7,0.64,4.2,6.2,0.675,5.6,9.6,15.2,2.4,1.5,2.9,2.3,4.4,24.3,124,103
216,164,Cristiano Felício,C,26,CHI,60,0,746,6.2,11.6,0.531,0,0.3,0,6.2,11.4,0.543,3.3,4.7,0.685,5.1,9,14.2,2.4,0.7,0.5,2.1,4.5,15.6,116,114
217,165,Raymond Felton,PG,34,OKC,33,0,379,6.8,16.6,0.407,2.5,7.5,0.328,4.3,9.1,0.473,1.5,1.6,0.923,0.5,3.7,4.2,6.4,1.2,0.7,1.7,3.6,17.5,110,111
218,166,Terrance Ferguson,SG,20,OKC,74,74,1931,4.5,10.4,0.429,2.6,7,0.366,1.9,3.4,0.56,0.9,1.2,0.725,0.8,2.6,3.4,1.7,1,0.4,1.1,5.6,12.4,112,112
219,167,Yogi Ferrell,PG,25,SAC,71,3,1067,6.7,15.4,0.435,2.4,6.5,0.362,4.3,8.9,0.488,2.6,2.9,0.896,0.6,4.2,4.8,6,1.6,0.2,1.7,2.8,18.3,114,114
220,168,Dorian Finney-Smith,SF,25,DAL,81,26,1985,5.6,12.9,0.432,1.9,6.2,0.311,3.6,6.7,0.544,1.8,2.5,0.709,3.4,6.1,9.5,2.3,1.7,0.9,1.8,4.5,14.9,109,111
221,169,Bryn Forbes,SG,25,SAS,82,81,2293,7.7,16.8,0.456,3.7,8.8,0.426,3.9,8.1,0.489,1.5,1.7,0.885,0.4,4.7,5.1,3.7,1,0.1,1.7,3.4,20.6,113,114
222,170,Evan Fournier,SG,26,ORL,81,81,2553,9,20.5,0.438,2.9,8.6,0.34,6,11.9,0.509,2.6,3.3,0.806,0.7,4.2,4.9,5.7,1.4,0.2,3,4.3,23.5,104,111
223,171,De'Aaron Fox,PG,21,SAC,81,81,2546,9.2,20.1,0.458,1.6,4.2,0.371,7.7,15.9,0.482,5.5,7.6,0.727,0.8,4.8,5.6,10.8,2.4,0.8,4.1,3.7,25.6,110,111
224,172,Melvin Frazier,SG,22,ORL,10,0,44,7.8,23.4,0.333,0,6.7,0,7.8,16.7,0.467,1.1,4.4,0.25,3.3,2.2,5.6,1.1,1.1,0,1.1,6.7,16.7,75,113
225,173,Tim Frazier,PG,28,TOT,59,19,1120,4.8,10.8,0.444,1.5,4.2,0.366,3.3,6.6,0.494,1.7,2.2,0.759,1.7,5.3,7,10.3,1.2,0.2,3.2,4.6,12.9,114,114
226,173,Tim Frazier,PG,28,NOP,47,17,909,4.5,10,0.451,1.4,3.9,0.351,3.1,6,0.517,1.6,2.1,0.78,1.6,5.4,7,10.5,1.3,0.2,3.1,4.8,12,115,115
227,173,Tim Frazier,PG,28,MIL,12,2,211,6.2,14.5,0.424,2.2,5.3,0.417,4,9.3,0.429,2,2.9,0.692,2,4.8,6.8,9.3,1.1,0.2,3.5,4.2,16.5,109,109
228,174,Jimmer Fredette,SG,29,PHO,6,0,65,5.9,21.3,0.276,0,9.5,0,5.9,11.8,0.5,4.4,4.4,1,0.7,4.4,5.1,5.9,2.2,0,3.7,3.7,16.2,75,117
229,175,Channing Frye,C,35,CLE,36,6,341,6.3,17,0.368,4.7,11.5,0.405,1.6,5.5,0.289,1.6,2,0.786,0.6,7,7.6,2.9,0.9,0.7,1.9,6.4,18.8,104,118
230,176,Markelle Fultz,SG,20,PHI,19,15,427,7.2,17.1,0.419,0.4,1.5,0.286,6.7,15.6,0.433,2.3,4.1,0.568,2.9,4.9,7.7,6.5,1.9,0.6,2.8,5.8,17.1,99,111
231,177,Danilo Gallinari,SF,30,LAC,68,68,2059,9.4,20.3,0.463,3.7,8.5,0.433,5.7,11.7,0.484,8.4,9.3,0.904,1.2,8.3,9.6,4.1,1.1,0.5,2.3,3,30.9,125,112
232,178,Langston Galloway,SG,27,DET,80,4,1745,6.4,16.6,0.388,3.8,10.7,0.355,2.6,5.8,0.449,2.3,2.7,0.844,1.4,3.4,4.8,2.4,1,0.2,0.7,3.8,19,115,113
233,179,Billy Garrett,SG,24,NYK,4,0,63,8.4,20.7,0.407,0,6.1,0,8.4,14.5,0.579,3.1,3.1,1,0,2.3,2.3,5.4,0.8,0.8,1.5,2.3,19.9,97,118
234,180,Marc Gasol,C,34,TOT,79,72,2436,7.9,17.6,0.448,2,5.5,0.363,5.9,12.1,0.487,3.9,5.1,0.759,1.6,11.1,12.7,7.1,1.7,1.7,3.1,4.4,21.6,108,105
235,180,Marc Gasol,C,34,MEM,53,53,1788,8.4,19,0.444,2.1,6.1,0.344,6.3,12.8,0.491,4.2,5.6,0.756,1.6,11.1,12.6,6.9,1.7,1.8,3.3,4.1,23.2,106,106
236,180,Marc Gasol,C,34,TOR,26,19,648,6.4,13.8,0.465,1.7,3.8,0.442,4.7,10,0.474,3,3.8,0.769,1.8,10.9,12.7,7.5,1.8,1.7,2.7,5.2,17.5,116,104
237,181,Pau Gasol,C,38,TOT,30,6,360,5.7,12.7,0.447,0.8,1.8,0.462,4.9,10.9,0.444,3.8,5.4,0.7,3,15.5,18.5,7,0.7,2,2.2,3.9,15.9,116,106
238,181,Pau Gasol,C,38,SAS,27,6,330,6.1,13,0.466,0.7,1.5,0.5,5.3,11.5,0.462,4,5.6,0.711,3.3,15.5,18.8,7.4,0.7,2.1,2.1,4.1,16.9,120,107
239,181,Pau Gasol,C,38,MIL,3,0,30,1.5,9.3,0.167,1.5,4.6,0.333,0,4.6,0,1.5,3.1,0.5,0,15.5,15.5,3.1,0,1.5,3.1,1.5,6.2,59,104
240,182,Rudy Gay,PF,32,SAS,69,51,1842,10,19.8,0.504,2,4.9,0.402,8,14.9,0.537,3.2,3.9,0.816,1.7,10.8,12.5,4.8,1.4,0.9,3,4.2,25.1,111,109
241,183,Paul George,SF,28,OKC,77,77,2841,11.6,26.5,0.438,4.8,12.4,0.386,6.8,14.1,0.484,7.4,8.9,0.839,1.7,8.6,10.3,5.2,2.8,0.6,3.4,3.5,35.5,116,105
242,184,Taj Gibson,PF,33,MIN,70,57,1686,8.6,15.3,0.566,0.3,1,0.324,8.3,14.3,0.583,3.8,5,0.757,4.9,8.1,13,2.4,1.5,1.1,2.1,5.3,21.4,123,112
243,185,Harry Giles,PF,20,SAC,58,0,820,9.9,19.8,0.503,0,0.3,0,9.9,19.4,0.512,3.3,5.2,0.637,3.7,8.9,12.6,4.8,1.8,1.2,4.1,8.5,23.2,102,109
244,186,Shai Gilgeous-Alexander,PG,20,LAC,82,73,2174,7.4,15.5,0.476,1.1,3,0.367,6.3,12.5,0.503,3.4,4.2,0.8,1.2,3.8,5,5.9,2.1,1,3.1,3.8,19.3,108,112
245,187,Rudy Gobert,C,26,UTA,81,80,2577,8.8,13.2,0.669,0,0,,8.8,13.2,0.669,6.2,9.7,0.636,5.7,13.6,19.3,3,1.2,3.5,2.4,4.3,23.8,133,100
246,188,Brandon Goodwin,PG,23,DEN,16,0,57,5.2,19.8,0.261,1.7,5.2,0.333,3.4,14.6,0.235,7.8,9.5,0.818,0.9,1.7,2.6,12.1,0,0,2.6,6,19.8,103,117
247,189,Aaron Gordon,PF,23,ORL,78,78,2633,8.7,19.4,0.449,2.2,6.4,0.349,6.5,13,0.499,3.4,4.7,0.731,2.4,8.3,10.7,5.4,1.1,1,3,3.2,23.2,107,109
248,190,Eric Gordon,SG,30,HOU,68,53,2158,8.7,21.3,0.409,4.9,13.6,0.36,3.8,7.7,0.497,2.7,3.5,0.783,0.4,3,3.4,2.9,0.9,0.6,2,3.3,25.1,108,115
249,191,Marcin Gortat,C,34,LAC,47,43,751,6.2,11.7,0.532,0,0,,6.2,11.7,0.532,2.2,3,0.729,4.2,12.2,16.4,4.1,0.4,1.5,3.1,5.8,14.6,110,110
250,192,Devonte' Graham,PG,23,CHO,46,3,676,5.3,15.5,0.343,2.4,8.7,0.281,2.9,6.8,0.421,2.5,3.3,0.761,0.7,3.8,4.5,8.7,1.7,0.1,2.2,3.5,15.6,104,115
251,193,Treveon Graham,SG,25,BRK,35,21,715,4.3,12.7,0.335,2.5,8.5,0.297,1.7,4.2,0.413,1.2,1.5,0.818,1.5,5.6,7.1,2.3,0.9,0.5,1.1,4.5,12.2,99,112
252,194,Jerami Grant,PF,24,OKC,80,77,2612,7.3,14.7,0.497,2.1,5.2,0.392,5.3,9.5,0.555,2.8,3.9,0.71,1.7,5.7,7.5,1.4,1.1,1.8,1.2,3.8,19.5,119,108
253,195,Jerian Grant,PG,26,ORL,60,1,939,4.8,11.5,0.418,2.1,5.7,0.364,2.7,5.7,0.473,1.4,2.1,0.65,1,4.1,5.1,8.1,2.3,0.3,2.7,4.1,13,108,109
254,196,Donte Grantham,SF,23,OKC,3,0,2,0,46.7,0,0,46.7,0,0,0,,0,0,,0,0,0,0,0,0,0,0,0,0,116
255,197,Danny Green,SG,31,TOR,80,80,2216,6.3,13.6,0.465,4.3,9.4,0.455,2.1,4.2,0.487,0.8,1,0.841,1.3,5.6,6.9,2.7,1.6,1.1,1.6,3.7,17.8,119,108
256,198,Draymond Green,PF,28,GSW,66,66,2065,4.3,9.7,0.445,1.1,3.8,0.285,3.2,5.9,0.549,1.5,2.1,0.692,1.4,9.7,11.1,10.5,2.2,1.6,3.9,4.5,11.2,108,106
257,199,Gerald Green,SG,33,HOU,73,0,1473,7.7,19.2,0.4,5.2,14.7,0.354,2.5,4.6,0.547,1.9,2.3,0.838,1,5.1,6.1,1.3,1.1,0.9,1.8,4.2,22.5,107,113
258,200,JaMychal Green,PF,28,TOT,65,6,1371,8.2,16.9,0.483,2.5,6.3,0.403,5.7,10.7,0.53,2.8,3.6,0.792,3.7,10.9,14.6,1.8,1.6,1.2,3.1,6.9,21.8,108,107
259,200,JaMychal Green,PF,28,MEM,41,4,900,8.3,17.2,0.484,2.1,5.3,0.396,6.2,11.9,0.523,3.5,4.4,0.788,4,9.9,13.9,2,1.8,1.4,3.5,6.8,22.3,105,106
260,200,JaMychal Green,PF,28,LAC,24,2,471,7.9,16.4,0.482,3.3,8,0.413,4.6,8.4,0.548,1.7,2.1,0.81,3.2,12.5,15.7,1.4,1.2,0.8,2.3,7,20.8,113,109
261,201,Jeff Green,PF,32,WAS,77,44,2097,7.4,15.5,0.475,2.5,7.2,0.347,4.9,8.3,0.586,4.1,4.7,0.888,1.3,5.7,7,3.1,1,0.9,2.3,3.6,21.4,115,116
262,202,Blake Griffin,PF,29,DET,75,75,2622,11.6,25.2,0.462,3.6,9.8,0.362,8.1,15.4,0.525,7.8,10.3,0.753,1.9,8.7,10.6,7.6,1,0.5,4.8,3.7,34.6,113,110
263,203,Daniel Hamilton,SG,23,ATL,19,3,204,5.2,13.6,0.383,1.8,5.2,0.348,3.4,8.4,0.405,0.7,1.4,0.5,2.3,8.4,10.6,5,1.4,0.2,3.6,4.3,12.9,91,114
264,204,Dusty Hannahs,SG,25,MEM,2,0,26,5.7,22.9,0.25,0,9.6,0,5.7,13.4,0.429,3.8,3.8,1,0,1.9,1.9,9.6,1.9,0,1.9,1.9,15.3,78,113
265,205,Tim Hardaway Jr.,SG,26,TOT,65,63,2057,9.2,23.3,0.393,3.8,11.2,0.34,5.4,12.1,0.442,5.4,6.5,0.841,0.8,4.4,5.2,3.7,1.3,0.2,2.5,3.3,27.6,105,116
266,205,Tim Hardaway Jr.,SG,26,NYK,46,46,1499,9.1,23.3,0.388,3.8,10.8,0.347,5.3,12.5,0.424,6.4,7.5,0.854,0.8,4.3,5.2,3.9,1.4,0.2,2.6,3.4,28.3,106,116
267,205,Tim Hardaway Jr.,SG,26,DAL,19,17,558,9.4,23.2,0.404,3.9,12.2,0.321,5.5,11,0.496,2.9,3.7,0.767,0.6,4.7,5.3,3.2,1,0.2,2.1,3,25.6,102,114
268,206,James Harden,PG,29,HOU,78,78,2867,14.4,32.7,0.442,6.5,17.6,0.368,8,15.1,0.528,12.9,14.7,0.879,1.1,7.7,8.9,10,2.7,1,6.6,4.2,48.2,118,108
269,207,Maurice Harkless,SF,25,POR,60,53,1415,6.5,13.3,0.487,1.1,4.1,0.275,5.3,9.2,0.582,1.7,2.5,0.671,2.6,6.6,9.2,2.5,2.3,1.8,1.5,5.6,15.7,114,108
270,208,Montrezl Harrell,C,25,LAC,82,5,2158,11.9,19.4,0.615,0.1,0.4,0.176,11.9,19,0.623,5.8,9.1,0.643,4,7.7,11.7,3.5,1.6,2.4,2.9,5.6,29.8,122,109
271,209,Devin Harris,PG,35,DAL,68,2,1071,6,15.7,0.38,2.8,9.1,0.31,3.2,6.7,0.476,4.6,6.1,0.761,0.5,4.5,5.1,5.5,1.6,0.7,2.5,6,19.4,107,112
272,210,Gary Harris,SG,24,DEN,57,48,1639,8.1,19.1,0.424,2.5,7.3,0.339,5.6,11.8,0.476,3.4,4.3,0.799,1.2,3.6,4.8,3.8,1.6,0.6,2,3.4,22.1,108,111
273,211,Joe Harris,SG,27,BRK,76,76,2293,7.8,15.5,0.5,3.8,8,0.474,4,7.5,0.528,2.3,2.8,0.827,1.1,5,6,3.8,0.8,0.4,2.5,3.8,21.6,119,113
274,212,Tobias Harris,PF,26,TOT,82,82,2847,10.1,20.8,0.487,2.6,6.5,0.397,7.5,14.3,0.528,4.4,5.1,0.866,1.1,9.6,10.7,3.8,0.8,0.6,2.5,3.1,27.3,114,111
275,212,Tobias Harris,PF,26,LAC,55,55,1903,10.5,21.2,0.496,2.8,6.4,0.434,7.7,14.8,0.523,4.8,5.4,0.877,0.9,9.8,10.7,3.7,1,0.6,2.7,3.1,28.6,115,111
276,212,Tobias Harris,PF,26,PHI,27,27,944,9.4,20,0.469,2.2,6.8,0.326,7.2,13.2,0.542,3.7,4.4,0.841,1.6,9.1,10.7,4,0.6,0.7,2.1,3.1,24.6,112,112
277,213,Andrew Harrison,PG,24,TOT,17,0,187,4.2,13.9,0.302,1.3,6.5,0.2,2.9,7.3,0.393,4.5,4.7,0.944,1.6,3.7,5.2,6.3,1,0.5,3.1,8.9,14.1,95,119
278,213,Andrew Harrison,PG,24,MEM,1,0,5,9.9,19.9,0.5,0,9.9,0,9.9,9.9,1,0,0,,0,0,0,0,0,0,0,9.9,19.9,97,118
279,213,Andrew Harrison,PG,24,CLE,10,0,144,4.1,13.5,0.308,1,4.8,0.214,3.1,8.6,0.36,5.5,5.5,1,1.4,3.8,5.2,5.9,1.4,0.7,3.4,9,14.8,97,119
280,213,Andrew Harrison,PG,24,NOP,6,0,38,3.7,14.7,0.25,2.4,12.2,0.2,1.2,2.4,0.5,1.2,2.4,0.5,2.4,3.7,6.1,8.6,0,0,2.4,8.6,11,91,119
281,214,Shaquille Harrison,SG,25,CHI,73,11,1430,6.2,14.4,0.432,0.8,3,0.27,5.4,11.4,0.475,2.8,4.2,0.667,1.1,6.4,7.5,4.7,3,1,2,4.2,16.1,101,110
282,215,Josh Hart,SG,23,LAL,67,22,1715,5.1,12.6,0.407,2.5,7.4,0.336,2.6,5.2,0.511,1.5,2.2,0.688,0.9,5.8,6.7,2.5,1.7,1.1,1.6,4,14.2,103,110
283,216,Isaiah Hartenstein,PF,20,HOU,28,0,221,4.4,9.1,0.488,0.4,1.3,0.333,4,7.8,0.514,2.4,3.1,0.786,4.7,5.8,10.4,3.3,1.6,2.7,2.9,12.4,11.8,114,109
284,217,Udonis Haslem,C,38,MIA,10,1,74,7.3,21.8,0.333,0,7.9,0,7.3,13.9,0.524,2,2.6,0.75,2,15.8,17.8,1.3,0,0,2,5.9,16.5,77,107
285,218,Gordon Hayward,PF,28,BOS,72,18,1863,7.7,16.4,0.466,2,6,0.333,5.7,10.4,0.542,4,4.8,0.834,1.3,7,8.3,6.3,1.6,0.6,2.7,2.7,21.3,114,109
286,219,John Henson,C,28,MIL,14,0,188,7.7,16.6,0.463,2.7,7.7,0.355,4.9,8.9,0.556,1.5,2.5,0.6,4,13.6,17.6,3.5,1.7,2.7,3,4,19.5,108,99
287,220,Juan Hernangómez,PF,23,DEN,70,25,1358,5,11.4,0.439,2.4,6.5,0.365,2.6,4.8,0.541,2.4,3.1,0.767,2.3,7.3,9.6,2,1,0.9,1.3,3.4,14.8,118,110
288,221,Willy Hernangómez,C,24,CHO,58,3,812,9.2,17.7,0.519,0.9,2.3,0.385,8.3,15.3,0.539,6,8.6,0.694,7,11.6,18.6,3.6,1,1.2,3.5,5.9,25.2,118,111
289,222,Mario Hezonja,SF,23,NYK,58,24,1206,7.6,18.5,0.412,1.7,6.1,0.276,6,12.5,0.478,3.5,4.6,0.763,1.1,8.4,9.6,3.5,2.3,0.3,3.5,4.4,20.4,94,112
290,223,Isaiah Hicks,PF,24,NYK,3,0,32,6,12,0.5,0,0,,6,12,0.5,6,7.5,0.8,3,7.5,10.5,3,1.5,4.5,1.5,7.5,18.1,123,109
291,224,Buddy Hield,SG,26,SAC,82,82,2615,11.1,24.2,0.458,4.9,11.6,0.427,6.1,12.6,0.487,3,3.4,0.886,1.9,5.4,7.3,3.6,1,0.6,2.6,3.6,30.2,113,114
292,225,Haywood Highsmith,SF,22,PHI,5,0,40,4.7,11.8,0.4,1.2,5.9,0.2,3.5,5.9,0.6,0,2.4,0,0,5.9,5.9,2.4,1.2,0,1.2,1.2,10.6,83,113
293,226,Nenê,C,36,HOU,42,2,546,5.4,10.4,0.517,0,0.3,0,5.4,10.2,0.531,2.8,4.2,0.66,3.1,8,11.1,2.3,1.6,1.3,1,7.8,13.6,122,110
294,227,George Hill,PG,32,TOT,60,13,1302,6.2,13.7,0.452,1.7,5.6,0.314,4.4,8.1,0.547,2.5,3.1,0.824,1.4,4,5.4,4.9,1.9,0.3,1.9,3.7,16.6,114,110
295,227,George Hill,PG,32,CLE,13,13,344,7.9,15.4,0.514,1.9,4,0.464,6.1,11.4,0.532,2.5,2.9,0.85,1.7,2.2,3.9,5.2,1.7,0.1,2.9,5.1,20.2,115,120
296,227,George Hill,PG,32,MIL,47,0,958,5.6,13,0.428,1.7,6.1,0.28,3.9,7,0.556,2.6,3.2,0.815,1.3,4.6,5.9,4.8,1.9,0.3,1.5,3.3,15.4,113,107
297,228,Solomon Hill,SF,27,NOP,44,15,878,3.6,9.4,0.382,1.7,5.3,0.317,1.9,4.1,0.468,1.2,1.7,0.719,1.8,5.2,7,2.9,1.2,0.5,1.6,4.2,10.1,103,115
298,229,Aaron Holiday,PG,22,IND,50,0,646,8,19.8,0.401,3.3,9.6,0.339,4.7,10.2,0.459,3.1,3.8,0.82,0.4,4.7,5.1,6.6,1.6,1,3,5.4,22.3,102,108
299,230,Jrue Holiday,SG,28,NOP,67,67,2402,10.6,22.4,0.472,2.3,7,0.325,8.3,15.4,0.539,4,5.2,0.768,1.5,5,6.5,10,2.1,1,4.1,2.9,27.5,111,112
300,231,Justin Holiday,SG,29,TOT,82,77,2607,5.6,14.6,0.386,3,8.8,0.348,2.6,5.9,0.442,1.8,2,0.896,0.9,5.2,6.1,2.7,2.3,0.7,2,3.1,16.1,100,111
301,231,Justin Holiday,SG,29,CHI,38,38,1325,5.5,14.4,0.383,3.6,9.9,0.359,2,4.5,0.435,1.5,1.7,0.891,0.7,5.5,6.2,3.1,2.5,0.8,1.7,2.9,16.1,103,112
302,231,Justin Holiday,SG,29,MEM,44,39,1282,5.8,14.8,0.389,2.5,7.6,0.333,3.3,7.3,0.447,2.1,2.3,0.9,1,4.9,6,2.4,2.1,0.6,2.2,3.3,16.2,96,110
303,232,John Holland,SF,30,CLE,1,0,1,0,0,,0,0,,0,0,,0,0,,0,0,0,0,0,0,0,0,0,,125
304,233,Rondae Hollis-Jefferson,SF,24,BRK,59,21,1234,7.7,18.8,0.411,0.3,1.9,0.184,7.4,16.9,0.436,4.6,7.1,0.645,3.2,8.8,12,3.7,1.7,1,2.6,4.1,20.3,99,108
305,234,Richaun Holmes,C,25,PHO,70,4,1184,9,14.7,0.608,0,0,,9,14.7,0.608,5.2,7.1,0.731,4.6,8.7,13.3,2.4,1.7,3.2,2.1,7.8,23.1,127,111
306,235,Rodney Hood,SG,26,TOT,72,49,1893,7.6,17.5,0.435,2.2,6.1,0.356,5.4,11.3,0.478,3.6,4,0.884,0.7,3.4,4.1,3.3,1.5,0.3,1.4,3.8,20.9,112,117
307,235,Rodney Hood,SG,26,CLE,45,45,1234,7.8,18.3,0.427,2.2,6.1,0.362,5.6,12.2,0.46,4.2,4.6,0.912,0.7,3.8,4.5,3.7,1.5,0.2,1.4,4.1,22,113,119
308,235,Rodney Hood,SG,26,POR,27,4,659,7.2,15.9,0.452,2.1,6.2,0.345,5.1,9.8,0.519,2.4,3,0.805,0.5,2.8,3.3,2.5,1.5,0.5,1.4,3.3,19,112,113
309,236,Al Horford,C,32,BOS,68,68,1973,9.4,17.7,0.535,1.8,5,0.36,7.7,12.7,0.604,1.9,2.3,0.821,2.9,8.3,11.2,6.9,1.4,2.1,2.5,3.1,22.6,122,107
310,237,Danuel House,SF,25,HOU,39,13,979,5.9,12.6,0.468,3.7,8.9,0.416,2.2,3.7,0.595,2.8,3.6,0.789,1.3,5.8,7,2,1.1,0.6,1.8,4,18.3,123,113
311,238,Dwight Howard,C,33,WAS,9,9,230,8.9,14.2,0.623,0,0,,8.9,14.2,0.623,6,9.9,0.604,4.9,12.1,17.1,0.8,1.4,0.8,3.3,7,23.7,116,111
312,239,Kevin Huerter,SG,20,ATL,75,59,2048,6.2,14.8,0.419,3.1,8,0.385,3.1,6.9,0.457,0.9,1.3,0.732,1.4,4.2,5.5,4.8,1.5,0.6,2.5,3.5,16.4,106,116
313,240,Isaac Humphries,C,21,ATL,5,1,56,5,17.3,0.286,2.5,9.1,0.273,2.5,8.3,0.3,0,0,,3.3,5.8,9.1,0,0.8,0,0,5.8,12.4,87,117
314,241,R.J. Hunter,SG,25,BOS,1,0,26,11.1,24.1,0.462,7.4,18.5,0.4,3.7,5.6,0.667,1.9,3.7,0.5,1.9,3.7,5.6,5.6,1.9,0,0,5.6,31.5,131,111
315,242,Chandler Hutchison,SF,22,CHI,44,14,895,5.2,11.3,0.459,0.8,2.7,0.28,4.4,8.6,0.516,1.2,2.1,0.605,1.7,8.3,10,1.8,1.2,0.3,1.4,3.2,12.4,101,114
316,243,Serge Ibaka,C,29,TOR,74,51,2010,11.1,20.9,0.529,1.2,4,0.29,9.9,16.9,0.586,3.2,4.2,0.763,3.7,10.6,14.3,2.4,0.7,2.5,2.7,5,26.5,113,105
317,244,Andre Iguodala,SF,35,GSW,68,13,1578,4.6,9.1,0.5,1.4,4.3,0.333,3.1,4.8,0.652,1.2,2,0.582,1.4,6.2,7.6,6.5,1.8,1.5,1.6,2.9,11.7,124,109
318,245,Ersan Ilyasova,PF,31,MIL,67,7,1231,6.3,14.4,0.438,2.2,6,0.363,4.1,8.3,0.493,2.3,2.8,0.824,3.5,7.9,11.4,2,1.2,0.8,1.8,6.5,17.1,112,106
319,246,Joe Ingles,PF,31,UTA,82,82,2568,6.7,14.9,0.448,3.5,9,0.391,3.2,5.9,0.533,1.6,2.3,0.707,0.7,5.5,6.1,8.7,1.8,0.4,3.6,3.4,18.5,110,107
320,247,Andre Ingram,SG,33,LAL,4,0,15,0,18.6,0,0,9.3,0,0,9.3,0,0,0,,3.1,3.1,6.2,0,3.1,0,3.1,0,0,12,110
321,248,Brandon Ingram,SF,21,LAL,52,52,1760,9.6,19.3,0.497,0.8,2.5,0.33,8.8,16.8,0.521,5.2,7.6,0.675,1.1,6,7.1,4.1,0.7,0.8,3.4,3.9,25.1,104,112
322,249,Kyrie Irving,PG,26,BOS,67,67,2214,13.1,27,0.487,3.8,9.4,0.401,9.4,17.6,0.533,4.7,5.3,0.873,1.5,5.7,7.3,10.1,2.2,0.7,3.7,3.6,34.7,118,108
323,250,Jonathan Isaac,PF,21,ORL,75,64,1996,6.4,15,0.429,2.1,6.5,0.323,4.3,8.5,0.51,2.7,3.3,0.815,2.4,7.6,10.1,2,1.4,2.4,1.8,3.5,17.7,107,106
324,251,Wesley Iwundu,SF,24,ORL,68,13,1233,4.5,10.9,0.412,1.2,3.1,0.367,3.3,7.7,0.431,3.3,4.1,0.816,1.5,5.8,7.3,2.9,1.1,0.9,1.7,4.9,13.5,107,110
325,252,Demetrius Jackson,PG,24,PHI,6,0,39,9.7,18.2,0.533,2.4,7.3,0.333,7.3,10.9,0.667,4.8,4.8,1,2.4,1.2,3.6,6.1,2.4,0,1.2,4.8,26.6,138,112
326,253,Frank Jackson,PG,20,NOP,61,16,1169,7.7,17.8,0.434,2.1,6.7,0.314,5.6,11.1,0.507,2.1,2.9,0.74,1,4.3,5.3,2.7,1,0.1,1.9,3.7,19.7,102,117
327,254,Jaren Jackson Jr.,PF,19,MEM,58,56,1515,9.8,19.3,0.506,1.7,4.7,0.359,8.1,14.7,0.553,5,6.5,0.766,2.4,6.5,8.9,2.1,1.7,2.7,3.2,7.2,26.2,108,107
328,255,Josh Jackson,SG,21,PHO,79,29,1988,8.3,20.2,0.413,1.8,5.4,0.324,6.6,14.8,0.445,3.4,5.1,0.671,1.6,6.7,8.3,4.4,1.8,1.3,4.2,5,21.9,91,114
329,256,Justin Jackson,SF,23,TOT,81,14,1614,6.3,14.2,0.447,2.5,7.2,0.355,3.8,7,0.542,1.8,2.3,0.785,1.3,4.9,6.2,2.8,0.9,0.4,0.8,2.9,17,117,114
330,256,Justin Jackson,SF,23,SAC,52,3,1083,5.4,12.7,0.424,2.4,6.8,0.346,3,5.8,0.515,1.8,2.1,0.82,1.1,5.2,6.3,2.9,1,0.6,0.9,2.9,14.9,114,114
331,256,Justin Jackson,SF,23,DAL,29,11,531,8.4,17.4,0.484,2.9,7.9,0.372,5.5,9.5,0.577,1.9,2.6,0.724,1.7,4.3,6,2.6,0.8,0.1,0.6,2.9,21.6,121,115
332,257,Reggie Jackson,PG,28,DET,82,82,2289,9.5,22.6,0.421,3.7,10.1,0.369,5.8,12.4,0.464,4.4,5.1,0.864,1,3.7,4.7,7.4,1.2,0.2,3.2,4.5,27.1,111,112
333,258,LeBron James,SF,34,LAL,55,55,1937,13.4,26.3,0.51,2.7,7.9,0.339,10.7,18.4,0.582,6.7,10,0.665,1.4,9.8,11.2,10.9,1.7,0.8,4.7,2.3,36.2,114,108
334,259,Amile Jefferson,PF,25,ORL,12,0,68,7.2,11.5,0.625,0,0,,7.2,11.5,0.625,5,5.8,0.875,4.3,10.8,15.1,2.2,2.2,2.2,0.7,5.8,19.4,146,103
335,260,John Jenkins,SG,27,TOT,26,0,333,6.1,15.2,0.4,3.2,8.4,0.379,2.9,6.8,0.426,2.2,2.6,0.833,0.9,4.5,5.4,3.2,0,0.3,1.3,1.4,17.5,109,119
336,260,John Jenkins,SG,27,WAS,4,0,14,6.8,6.8,1,6.8,6.8,1,0,0,,0,0,,0,3.4,3.4,3.4,0,0,0,0,20.3,285,121
337,260,John Jenkins,SG,27,NYK,22,0,319,6,15.6,0.388,3,8.5,0.357,3,7.1,0.426,2.3,2.7,0.833,0.9,4.5,5.4,3.2,0,0.3,1.4,1.5,17.4,107,119
338,261,Jonas Jerebko,PF,31,GSW,73,6,1218,6.4,13.9,0.459,2.7,7.3,0.367,3.7,6.5,0.563,2.5,3.1,0.8,2.8,8.4,11.2,3.7,1.1,0.7,1.7,5.4,17.9,120,111
339,262,Alize Johnson,PF,22,IND,14,0,64,3.1,12.2,0.25,0.8,1.5,0.5,2.3,10.7,0.214,3.1,6.1,0.5,3.1,11.5,14.5,0.8,0.8,2.3,0,5.4,9.9,86,105
340,263,Amir Johnson,C,31,PHI,51,6,529,7.1,14,0.503,1.1,3.6,0.3,6,10.4,0.573,2.8,3.7,0.756,4.2,8.9,13.1,5.4,1.4,1.2,4,8.8,17.9,109,109
341,264,B.J. Johnson,SF,23,TOT,7,0,49,8.5,17,0.5,2.8,6.6,0.429,5.7,10.4,0.545,1.9,1.9,1,1.9,5.7,7.6,0,1.9,0,1.9,3.8,21.7,111,115
342,264,B.J. Johnson,SF,23,ATL,6,0,43,8.6,17.2,0.5,3.2,6.4,0.5,5.4,10.7,0.5,2.1,2.1,1,2.1,6.4,8.6,0,2.1,0,2.1,3.2,22.6,112,114
343,264,B.J. Johnson,SF,23,SAC,1,0,6,7.8,15.5,0.5,0,7.8,0,7.8,7.8,1,0,0,,0,0,0,0,0,0,0,7.8,15.5,101,120
344,265,James Johnson,PF,31,MIA,55,33,1164,6.9,15.9,0.433,2.1,6.3,0.336,4.8,9.7,0.496,2.1,2.9,0.714,0.9,6.5,7.4,5.7,1.5,1.1,3.1,4.8,18,102,108
345,266,Stanley Johnson,SF,22,TOT,66,7,1208,6.9,17.7,0.389,2.5,8.7,0.288,4.4,9.1,0.484,2,2.6,0.781,1.4,7.4,8.7,3.5,2.4,0.6,3.3,4.6,18.3,94,108
346,266,Stanley Johnson,SF,22,DET,48,7,961,6.8,17.9,0.381,2.6,9.3,0.282,4.2,8.6,0.488,2.1,2.6,0.804,1.3,7.7,9,3.1,2.5,0.7,2.8,4.7,18.4,95,107
347,266,Stanley Johnson,SF,22,NOP,18,0,247,7.2,17.1,0.418,2.1,6.4,0.324,5.1,10.7,0.474,1.7,2.4,0.692,1.7,6.2,7.9,5.3,2.3,0.2,4.9,4.1,18.1,90,112
348,267,Tyler Johnson,PG,26,TOT,57,22,1529,6.9,16.7,0.413,2.9,8.3,0.346,4,8.4,0.477,3,4,0.748,1.1,4.4,5.5,5.3,1.7,0.9,2.4,3.1,19.7,107,111
349,267,Tyler Johnson,PG,26,MIA,44,10,1123,7.4,17.4,0.426,3.1,8.9,0.353,4.3,8.6,0.503,2.7,3.8,0.693,0.8,4.4,5.3,4.9,1.7,0.9,2.7,3.1,20.7,105,109
350,267,Tyler Johnson,PG,26,PHO,13,12,406,5.4,14.7,0.368,2.1,6.6,0.321,3.3,8.1,0.406,4,4.6,0.872,1.8,4.4,6.1,6.4,1.6,0.7,1.6,2.9,16.9,112,117
351,268,Wesley Johnson,SF,31,TOT,38,13,534,3.9,11.2,0.352,2.2,6.7,0.329,1.8,4.6,0.385,1.1,1.7,0.684,1.1,5.3,6.3,2,1.2,1.1,1.6,5.5,11.2,94,115
352,268,Wesley Johnson,SF,31,NOP,26,13,377,4.3,10.8,0.398,2.3,6.2,0.38,2,4.7,0.421,0.7,1.1,0.667,1.2,5.4,6.7,2,1.5,0.9,1.5,5.5,11.7,102,114
353,268,Wesley Johnson,SF,31,WAS,12,0,157,3,12.1,0.25,1.8,7.8,0.231,1.2,4.2,0.286,2.1,3,0.7,0.6,4.8,5.4,2.1,0.6,1.5,1.8,5.4,10,77,117
354,269,Nikola Jokic,C,23,DEN,80,80,2504,12.1,23.7,0.511,1.6,5.3,0.307,10.5,18.4,0.569,5.7,6.9,0.821,4.5,12.5,17,11.4,2.1,1.1,4.9,4.5,31.5,119,105
355,270,Damian Jones,C,23,GSW,24,22,410,6.1,8.6,0.716,0,0,,6.1,8.6,0.716,2.8,4.3,0.649,3.6,5.1,8.7,3.2,1.4,2.9,1.9,7.3,15.1,137,109
356,271,Derrick Jones Jr.,SF,21,MIA,60,14,1153,6.8,13.7,0.494,1.2,3.9,0.308,5.6,9.9,0.567,3.1,5.2,0.607,4.1,6.1,10.2,1.6,1.9,1.8,1.8,5.2,17.9,113,107
357,272,Jalen Jones,SF,25,CLE,16,0,214,6,14.4,0.419,2.3,6.5,0.357,3.7,7.9,0.471,4.4,6.3,0.704,2.6,5.3,7.9,1.6,2.1,0.5,1.9,6.3,18.8,111,117
358,273,Jemerrio Jones,SF,23,LAL,6,2,143,3.9,10.7,0.364,0.7,3.3,0.2,3.3,7.5,0.435,0.3,0.7,0.5,5.2,10.7,15.9,4.2,2.3,1.6,1.6,3.3,8.8,102,105
359,274,Terrence Jones,PF,27,HOU,2,0,5,9.8,39.2,0.25,0,19.6,0,9.8,19.6,0.5,0,9.8,0,0,39.2,39.2,0,0,0,9.8,9.8,19.6,38,95
360,275,Tyus Jones,PG,22,MIN,68,23,1560,5.7,13.7,0.415,1.2,3.9,0.317,4.5,9.8,0.453,1.8,2.1,0.841,0.7,3.4,4.1,10,2.5,0.2,1.4,2.4,14.4,116,114
361,276,DeAndre Jordan,C,30,TOT,69,69,2047,6.8,10.6,0.641,0,0,,6.8,10.6,0.641,4.4,6.2,0.705,5.3,16,21.3,3.7,1,1.7,3.6,4,17.9,122,106
362,276,DeAndre Jordan,C,30,DAL,50,50,1554,6.5,10.1,0.644,0,0,,6.5,10.1,0.644,4.2,6.2,0.682,5,16.4,21.4,3.1,1,1.7,3.5,3.9,17.2,121,105
363,276,DeAndre Jordan,C,30,NYK,19,19,493,7.6,12,0.634,0,0,,7.6,12,0.634,5,6.5,0.773,6.3,14.9,21.1,5.6,0.9,2,4.1,4.1,20.2,125,109
364,277,Cory Joseph,PG,27,IND,82,9,2063,5.4,13,0.412,1.3,4.1,0.322,4.1,8.9,0.454,0.7,1,0.698,0.9,5.7,6.6,7.6,2.2,0.5,1.9,3.1,12.7,105,107
365,278,Frank Kaminsky,C,25,CHO,47,0,755,8.9,19.2,0.463,3.2,9,0.36,5.7,10.2,0.553,5.1,6.9,0.738,2.5,8,10.5,4.1,0.8,0.8,2.6,4.4,26.1,115,114
366,279,Enes Kanter,C,26,TOT,67,31,1640,11,20.1,0.549,0.3,1,0.294,10.7,19.1,0.562,4.6,5.8,0.787,7.6,11.8,19.4,3.4,0.9,0.8,3.5,4.9,26.9,118,111
367,279,Enes Kanter,C,26,NYK,44,23,1128,10.7,20,0.536,0.3,0.9,0.318,10.4,19.1,0.547,4.5,5.5,0.814,7.3,12.4,19.7,3.6,0.8,0.7,3.4,4.5,26.2,117,112
368,279,Enes Kanter,C,26,POR,23,8,512,11.7,20.3,0.577,0.3,1.1,0.25,11.4,19.2,0.596,4.7,6.4,0.735,8.1,10.6,18.7,3,1.3,0.9,3.7,5.8,28.5,122,109
369,280,Luke Kennard,SG,22,DET,63,10,1437,7.8,17.8,0.438,3.6,9.2,0.394,4.2,8.6,0.486,1.7,2.1,0.836,0.4,5.9,6.3,3.9,0.9,0.3,2,3.2,21,110,112
370,281,Michael Kidd-Gilchrist,PF,25,CHO,64,3,1179,6.5,13.7,0.476,0.7,1.9,0.34,5.9,11.8,0.498,3.9,5.1,0.772,3.6,6.5,10.1,2.5,1.3,1.6,1.8,6.4,17.6,115,112
371,282,George King,SF,25,PHO,1,0,6,0,0,,0,0,,0,0,,0,0,,0,8,8,0,0,0,0,0,0,,119
372,283,Maxi Kleber,PF,27,DAL,71,18,1502,5.7,12.5,0.453,2.5,7,0.353,3.2,5.4,0.583,1.9,2.4,0.784,2.9,7.7,10.6,2.3,1.2,2.5,1.7,4.6,15.7,115,109
373,284,Brandon Knight,PG,27,TOT,39,26,736,6.7,17.5,0.381,2.8,8.7,0.318,3.9,8.8,0.443,1.8,2.3,0.794,0.7,3.3,4,4.8,1.4,0.1,2,4.2,17.9,101,119
374,284,Brandon Knight,PG,27,HOU,12,0,118,4.6,19.5,0.234,2.1,13.3,0.156,2.5,6.2,0.4,3.7,4.6,0.818,0.4,3.3,3.7,3.7,0.8,0,2.1,5.8,15,78,116
375,284,Brandon Knight,PG,27,CLE,27,26,618,7.1,17.1,0.413,2.9,7.8,0.371,4.2,9.3,0.448,1.4,1.8,0.783,0.7,3.3,4,5,1.5,0.2,2,3.9,18.5,106,119
376,285,Kevin Knox,PF,19,NYK,75,57,2158,7.5,20.4,0.37,2.8,8.1,0.343,4.8,12.3,0.387,3.6,5,0.717,1.4,6.1,7.5,1.8,1,0.5,2.5,3.9,21.5,93,116
377,286,Furkan Korkmaz,SG,21,PHI,48,7,679,6.8,17,0.4,3.3,10,0.326,3.5,7,0.505,2.5,3.1,0.818,1.1,6.3,7.4,3.6,2,0.1,1.7,4.3,19.4,108,110
378,287,Luke Kornet,PF,23,NYK,46,18,784,6.6,17.4,0.378,4.3,11.9,0.363,2.3,5.5,0.411,2.3,2.8,0.826,1.7,6.6,8.3,3.3,1.7,2.6,1.5,2.5,19.8,110,111
379,288,Kyle Korver,SG-PF,37,TOT,70,0,1334,7.3,17.4,0.416,5,12.6,0.397,2.3,4.9,0.467,2.2,2.6,0.822,0.3,5.5,5.9,2.9,0.9,0.4,2.1,3.8,21.7,109,111
380,288,Kyle Korver,PF,37,CLE,16,0,251,6.9,15,0.461,4.9,10.7,0.463,2,4.4,0.455,2.6,3.2,0.813,0,5.7,5.7,3.4,0.6,0.4,3.4,4.4,21.4,112,120
381,288,Kyle Korver,SG,37,UTA,54,0,1083,7.3,18,0.408,5,13,0.384,2.3,5,0.469,2.1,2.5,0.825,0.4,5.5,5.9,2.8,1,0.4,1.9,3.7,21.7,109,109
382,289,Kosta Koufos,C,29,SAC,42,1,502,6.8,14.2,0.477,0,0,,6.8,14.2,0.477,0.9,2.2,0.417,4.8,11.6,16.4,3.3,1.4,1.7,2.5,6.3,14.5,101,108
383,290,Rodions Kurucs,SF,20,BRK,63,46,1294,7.4,16.5,0.45,2.1,6.8,0.315,5.3,9.7,0.543,2.6,3.4,0.783,2.1,7,9,1.9,1.5,0.9,2.8,5.4,19.6,102,109
384,291,Kyle Kuzma,PF,23,LAL,70,68,2314,10,21.9,0.456,2.6,8.5,0.303,7.4,13.4,0.553,3.8,5,0.752,1.2,6.5,7.7,3.6,0.8,0.5,2.7,3.4,26.3,106,112
385,292,Skal Labissière,PF,22,TOT,22,1,176,7,13.1,0.531,1.6,3.5,0.462,5.4,9.7,0.556,2.4,4.6,0.529,2.4,9.1,11.5,3,1.3,1.6,3,7.8,18,108,109
386,292,Skal Labissière,PF,22,SAC,13,0,113,5.4,12.4,0.433,1.6,4.5,0.364,3.7,7.8,0.474,2.5,4.5,0.545,1.6,8.2,9.9,2.5,0.8,1.2,2.9,8.6,14.8,96,112
387,292,Skal Labissière,PF,22,POR,9,1,63,10,14.6,0.684,1.5,1.5,1,8.5,13.1,0.647,2.3,4.6,0.5,3.8,10.8,14.6,3.8,2.3,2.3,3.1,6.2,23.8,129,105
388,293,Jeremy Lamb,SG,26,CHO,79,55,2250,9.3,21.2,0.44,2.5,7.1,0.348,6.8,14,0.487,5,5.6,0.888,1.4,8,9.4,3.7,1.9,0.7,1.7,3,26.1,113,111
389,294,Zach LaVine,SG,23,CHI,63,62,2171,11.8,25.4,0.467,2.7,7.2,0.374,9.2,18.2,0.504,7,8.4,0.832,0.9,5.7,6.6,6.3,1.3,0.6,4.8,3.1,33.3,106,115
390,295,Jake Layman,SF,24,POR,71,33,1327,7.9,15.5,0.509,2.2,6.6,0.326,5.7,8.9,0.646,1.8,2.6,0.704,2,5.9,7.9,1.9,1.1,1.1,1.7,4.2,19.7,118,112
391,296,T.J. Leaf,PF,21,IND,58,1,522,9.3,17.1,0.541,0.7,2.9,0.258,8.5,14.2,0.599,1.8,2.9,0.613,4,7.7,11.7,2.2,0.8,1.8,1.1,3.3,21.1,119,107
392,297,Courtney Lee,SG,33,TOT,34,6,428,6,14.6,0.411,1.8,6.2,0.291,4.2,8.4,0.5,1.6,2.4,0.667,1,5.1,6.1,4.2,2.4,0.3,1.6,3.6,15.4,103,112
393,297,Courtney Lee,SG,33,NYK,12,2,160,6.3,14.2,0.447,1.5,4.8,0.313,4.8,9.3,0.516,2.7,4.2,0.643,1.8,6.3,8.1,4.8,2.4,0.6,1.5,3.9,16.9,112,112
394,297,Courtney Lee,SG,33,DAL,22,4,268,5.8,14.8,0.39,2,7.1,0.282,3.8,7.8,0.488,0.9,1.3,0.714,0.5,4.3,4.9,3.8,2.4,0.2,1.6,3.4,14.5,97,111
395,298,Damion Lee,SG,26,GSW,32,0,375,7.1,16.1,0.441,3.4,8.6,0.397,3.7,7.5,0.492,2.4,2.8,0.864,1,7.1,8.1,1.6,1.6,0,1.4,3.6,20,112,111
396,299,Walt Lemon Jr.,PG,26,CHI,6,3,167,11,25.3,0.437,0.6,1.5,0.4,10.5,23.8,0.439,2.3,3.2,0.727,1.2,6.7,7.8,8.7,3.2,0.3,2.9,4.1,25,98,110
397,300,Alex Len,C,25,ATL,77,31,1544,9.6,19.4,0.494,2.2,6.1,0.363,7.4,13.3,0.554,4.2,6.5,0.648,4.7,8,12.7,2.6,0.8,2.1,2.9,6,25.6,113,113
398,301,Kawhi Leonard,SF,27,TOR,60,60,2040,13.2,26.5,0.496,2.6,7.1,0.371,10.5,19.4,0.542,8.6,10,0.854,1.8,8.5,10.3,4.7,2.5,0.6,2.8,2,37.5,119,105
399,302,Meyers Leonard,C,26,POR,61,2,878,7.3,13.3,0.545,2.8,6.1,0.45,4.5,7.2,0.626,2.4,2.8,0.843,2.7,10.1,12.9,4.1,0.7,0.5,2.4,5.8,19.7,129,111
400,303,Jon Leuer,PF,29,DET,41,1,402,8.1,13.9,0.584,0.1,1.3,0.091,8,12.5,0.637,2.8,3.8,0.742,3.3,8.6,11.9,1.7,1.5,0.5,2.8,7.4,19.1,113,109
401,304,Caris LeVert,SF,24,BRK,40,25,1063,9.3,21.6,0.429,2.1,6.9,0.312,7.1,14.7,0.483,3.8,5.5,0.691,1.6,5.2,6.8,7,1.9,0.6,3.1,3.4,24.5,105,110
402,305,Damian Lillard,PG,28,POR,80,80,2838,11.6,26.2,0.444,4,11,0.369,7.6,15.2,0.499,8,8.8,0.912,1.2,5.2,6.3,9.4,1.5,0.6,3.6,2.5,35.3,121,112
403,306,Jeremy Lin,PG,30,TOT,74,4,1436,7.7,17.6,0.44,1.8,6.1,0.294,6,11.5,0.517,5.7,6.8,0.838,0.7,5.1,5.8,7.5,1.5,0.4,4,4.7,23,108,114
404,306,Jeremy Lin,PG,30,ATL,51,1,1003,8.3,17.8,0.466,2,6.1,0.333,6.3,11.7,0.535,6.5,7.7,0.845,0.7,4.7,5.5,8.3,1.8,0.3,4.5,4.4,25.2,112,115
405,306,Jeremy Lin,PG,30,TOR,23,3,433,6.4,17.2,0.374,1.2,6.1,0.2,5.2,11.1,0.47,3.8,4.6,0.81,0.7,6,6.6,5.5,1,0.7,2.9,5.3,17.8,96,110
406,307,Shaun Livingston,PG,33,GSW,64,0,967,5.4,10.3,0.519,0,0.1,0,5.4,10.2,0.524,2,2.5,0.784,2.1,3.7,5.8,5.6,1.5,1.3,1.9,3.6,12.7,118,112
407,308,Zach Lofton,SG,26,DET,1,0,4,0,12.3,0,0,12.3,0,0,0,,0,0,,0,0,0,0,12.3,0,12.3,0,0,0,90
408,309,Kevon Looney,C,22,GSW,80,24,1481,7,11.1,0.625,0,0.3,0.1,6.9,10.8,0.641,2.1,3.4,0.619,6.2,7.2,13.4,4,1.5,1.7,1.6,6.8,16.1,135,109
409,310,Brook Lopez,C,30,MIL,81,81,2322,7.1,15.7,0.452,3.7,10.2,0.365,3.4,5.5,0.613,2.2,2.7,0.842,0.7,7.3,7.9,2,1,3.6,1.6,3.8,20.2,113,103
410,311,Robin Lopez,C,30,CHI,74,36,1606,9.2,16.2,0.568,0.2,0.9,0.226,9,15.2,0.589,2.7,3.7,0.724,4.2,4.4,8.6,2.7,0.3,2.4,2.9,3.7,21.3,113,115
411,312,Kevin Love,PF,30,CLE,22,21,598,9.1,23.5,0.385,4.4,12.2,0.361,4.7,11.3,0.412,8.6,9.5,0.904,2.7,17.1,19.9,4,0.5,0.4,3.5,4.5,31.1,112,114
412,313,Kyle Lowry,PG,32,TOR,65,65,2213,6.6,16,0.411,3.4,9.8,0.347,3.2,6.2,0.514,3.5,4.2,0.83,0.9,5.9,6.8,12.2,2,0.7,3.9,3.6,20.1,115,108
413,314,Jordan Loyd,PG,25,TOR,12,0,55,7,15.7,0.444,3.5,7,0.5,3.5,8.7,0.4,7.8,9.6,0.818,0.9,7,7.8,5.2,0,0,1.7,4.4,25.3,130,112
414,315,Kalin Lucas,PG,29,DET,1,0,6,0,8.2,0,0,8.2,0,0,0,,16.4,16.4,1,0,24.6,24.6,8.2,0,0,0,8.2,16.4,140,104
415,316,Timothé Luwawu-Cabarrot,SF,23,TOT,50,7,669,5.9,15.7,0.376,2.6,8.3,0.31,3.3,7.3,0.451,2.2,3,0.756,0.8,6.2,7,1.9,1.4,0.6,1.5,5.3,16.6,97,113
416,316,Timothé Luwawu-Cabarrot,SF,23,OKC,21,1,123,4.9,16.3,0.302,1.9,8.3,0.227,3,8,0.381,1.5,2.3,0.667,1.5,5.3,6.8,1.5,1.5,0.4,1.9,5.3,13.3,82,109
417,316,Timothé Luwawu-Cabarrot,SF,23,CHI,29,6,546,6.1,15.5,0.394,2.8,8.3,0.33,3.4,7.2,0.469,2.4,3.1,0.771,0.6,6.4,7,2,1.3,0.6,1.4,5.2,17.4,101,114
418,317,Tyler Lydon,PF,22,DEN,25,0,94,4.7,9.4,0.5,2.1,5.2,0.4,2.6,4.2,0.625,0.5,1.6,0.333,3.7,5.7,9.4,3.1,1,0,2.1,5.2,12,116,112
419,318,Trey Lyles,PF,23,DEN,64,2,1120,9.1,21.7,0.418,2.2,8.8,0.255,6.8,12.9,0.529,3.6,5.1,0.698,1.9,8.9,10.8,3.8,1.3,1,3,4.1,23.9,100,109
420,319,Scott Machado,PG,28,LAL,4,0,19,9.8,14.7,0.667,2.4,2.4,1,7.3,12.2,0.6,2.4,2.4,1,0,0,0,7.3,2.4,0,0,4.9,24.5,165,113
421,320,Shelvin Mack,PG,28,TOT,57,3,1246,6.5,16.1,0.404,1.8,5.2,0.354,4.7,10.9,0.429,2.3,3.3,0.69,0.7,3.4,4.1,7.3,1.9,0.2,2.6,3.3,17.1,100,112
422,320,Shelvin Mack,PG,28,MEM,53,3,1204,6.6,16.1,0.414,1.9,5.3,0.359,4.7,10.8,0.441,2.2,3.1,0.707,0.7,3.5,4.2,7.5,1.9,0.2,2.6,3.3,17.4,102,112
423,320,Shelvin Mack,PG,28,CHO,4,0,42,2.3,16.2,0.143,0,2.3,0,2.3,13.9,0.167,5.8,10.4,0.556,0,2.3,2.3,1.2,2.3,0,4.6,3.5,10.4,47,115
424,321,Daryl Macon,SG,23,DAL,8,0,90,5.4,14.6,0.37,2.7,5.9,0.455,2.7,8.6,0.313,2.2,3.8,0.571,1.1,5.4,6.5,3.8,0.5,0,3.2,4.3,15.6,92,115
425,322,J.P. Macura,SG,23,CHO,2,0,17,8.6,25.7,0.333,0,11.4,0,8.6,14.3,0.6,0,0,,0,8.6,8.6,5.7,0,0,0,0,17.2,81,116
426,323,Ian Mahinmi,C,32,WAS,34,6,498,4.5,9.9,0.452,0.3,1.5,0.188,4.2,8.4,0.5,4,5.8,0.689,4.6,7.6,12.2,2.4,2.4,1.5,2,8,13.2,113,111
427,324,Thon Maker,C-PF,21,TOT,64,5,972,5.4,13.3,0.407,2.4,7.6,0.32,3,5.7,0.522,2.8,4.2,0.667,2,8,10,2.2,1,2.5,1.6,5.2,16,108,106
428,324,Thon Maker,C,21,MIL,35,0,409,6.7,15.2,0.44,3,8.9,0.333,3.7,6.4,0.589,2.3,4.2,0.541,1.9,9,10.9,2,1.1,2,1,6.2,18.6,112,104
429,324,Thon Maker,PF,21,DET,29,5,563,4.4,11.7,0.373,2,6.6,0.307,2.4,5.2,0.458,3.2,4.1,0.766,2.1,7.2,9.3,2.4,1,2.9,2.1,4.4,13.9,104,107
430,325,Boban Marjanovic,C,30,TOT,58,12,681,11.1,18,0.615,0.3,0.7,0.4,10.8,17.3,0.624,6.8,9.1,0.748,6,12.3,18.4,3.7,1.1,1.9,4.1,6.2,29.3,123,107
431,325,Boban Marjanovic,C,30,LAC,36,9,376,10.7,17.6,0.607,0,0.3,0,10.7,17.3,0.616,9,11.9,0.758,6.9,12.2,19.1,2.8,1.4,2.1,4.6,7.2,30.4,122,107
432,325,Boban Marjanovic,C,30,PHI,22,3,305,11.6,18.6,0.625,0.6,1.2,0.5,11,17.3,0.634,4,5.6,0.722,5,12.5,17.5,5,0.8,1.5,3.4,5.1,27.9,125,108
433,326,Lauri Markkanen,PF,21,CHI,52,51,1682,9.9,22.9,0.43,3.5,9.6,0.361,6.4,13.3,0.479,4.9,5.6,0.872,2.1,11.4,13.6,2.2,1.1,1,2.5,3.5,28.1,107,112
434,327,Jarell Martin,PF,24,ORL,42,1,328,6.4,15.5,0.413,3,8.5,0.351,3.4,7,0.489,1.3,1.6,0.818,1.6,9.3,10.9,2.7,0.4,1.2,1.6,7.6,17.2,105,109
435,328,Frank Mason III,PG,24,SAC,38,0,435,7.6,18.1,0.42,1.5,6.8,0.219,6.1,11.2,0.543,4.2,6.1,0.684,0.6,4,4.6,9,1.7,0.4,3.9,3.6,20.9,102,114
436,329,Yante Maten,PF,22,MIA,2,0,13,3.8,15,0.25,0,3.8,0,3.8,11.3,0.333,0,0,,3.8,7.5,11.3,0,3.8,0,0,0,7.5,70,104
437,330,Wesley Matthews,SF-SG,32,TOT,69,68,2091,6.5,16.2,0.4,3.5,9.4,0.372,3,6.9,0.437,3.1,3.8,0.81,0.7,3.2,4,3.7,1.3,0.4,2.1,3.7,19.5,107,113
438,330,Wesley Matthews,SF,32,DAL,44,44,1312,7.2,17.3,0.414,3.7,9.7,0.38,3.5,7.6,0.456,3.2,4.1,0.791,0.7,3,3.8,3.7,1.2,0.4,2.1,3.8,21.3,109,114
439,330,Wesley Matthews,SG,32,NYK,2,1,54,3.6,17,0.211,1.8,8.9,0.2,1.8,8,0.222,3.6,4.5,0.8,0.9,1.8,2.7,4.5,0.9,0.9,1.8,1.8,12.5,78,118
440,330,Wesley Matthews,SG,32,IND,23,23,725,5.5,14.2,0.386,3.2,8.8,0.369,2.2,5.4,0.413,2.8,3.2,0.854,0.7,3.6,4.4,3.7,1.3,0.3,2.1,3.8,16.9,106,111
441,331,Luc Mbah a Moute,PF,32,LAC,4,0,61,6.2,13.9,0.444,1.5,4.6,0.333,4.6,9.3,0.5,1.5,3.9,0.4,1.5,3.9,5.4,1.5,0.8,0.8,1.5,6.2,15.5,98,115
442,332,Tahjere McCall,SG,24,BRK,1,0,8,11.9,17.8,0.667,0,5.9,0,11.9,11.9,1,0,5.9,0,0,5.9,5.9,0,0,0,0,11.9,23.8,108,114
443,333,Patrick McCaw,SG,23,TOT,29,1,397,3.2,7.6,0.413,1.1,3.4,0.321,2.1,4.2,0.486,1.6,1.8,0.867,0.8,5,5.8,3.5,2.8,0.2,2.1,4.6,9,102,108
444,333,Patrick McCaw,SG,23,CLE,3,0,53,1.9,8.4,0.222,0.9,3.7,0.25,0.9,4.7,0.2,0,0,,0,2.8,2.8,1.9,1.9,0,2.8,0.9,4.7,52,119
445,333,Patrick McCaw,SG,23,TOR,26,1,344,3.3,7.5,0.444,1.1,3.3,0.333,2.2,4.2,0.533,1.8,2.1,0.867,1,5.3,6.3,3.8,2.9,0.3,2,5.2,9.6,110,106
446,334,CJ McCollum,SG,27,POR,70,70,2375,11.6,25.3,0.459,3.4,9.1,0.375,8.2,16.3,0.506,3.2,3.9,0.828,1.3,4.5,5.8,4.2,1.1,0.6,2.2,3.5,29.9,113,113
447,335,T.J. McConnell,PG,26,PHI,76,3,1470,7.1,13.5,0.525,0.4,1.3,0.333,6.6,12.1,0.546,0.9,1.2,0.784,0.9,4.7,5.6,8.3,2.5,0.5,2.9,3.4,15.5,110,110
448,336,Doug McDermott,SF,27,IND,77,1,1340,7.6,15.4,0.491,3.1,7.5,0.408,4.5,7.9,0.569,2.4,2.9,0.835,0.6,3.4,4,2.4,0.7,0.3,1.5,3.8,20.6,117,112
449,337,JaVale McGee,C,31,LAL,75,62,1671,11.1,17.9,0.624,0,0.3,0.083,11.1,17.5,0.634,2.7,4.2,0.632,5.4,10.3,15.8,1.4,1.3,4.1,3,5.8,25,117,104
450,338,Rodney McGruder,SG,27,MIA,66,45,1550,5.9,14.5,0.403,2.5,7.1,0.351,3.4,7.4,0.453,1.6,2.3,0.722,1.9,5.6,7.5,3.5,1.1,0.4,2,3.6,15.9,104,111
451,339,Alfonzo McKinnie,SF,26,GSW,72,5,1003,6.4,13,0.487,2,5.6,0.356,4.4,7.4,0.586,1.3,2.3,0.563,3.8,7.9,11.7,1.5,0.9,0.7,1.4,6.4,16,116,111
452,340,Ben McLemore,SG,25,SAC,19,0,158,7.4,18.9,0.391,5,12.1,0.415,2.4,6.8,0.348,2.4,3.5,0.667,0.9,4.1,5,1.2,1.8,0.9,1.5,6.5,22.1,105,113
453,341,Jordan McRae,SG,27,WAS,27,0,333,8.7,18.5,0.469,1.4,5,0.286,7.3,13.5,0.537,4,5,0.8,0.9,4.8,5.7,4.3,1.8,1,2.1,3.7,22.8,109,114
454,342,Jodie Meeks,SG,31,TOR,8,0,104,9.7,18,0.538,3.7,8.3,0.444,6,9.7,0.619,0.5,0.5,1,0.5,5.1,5.5,3.7,0.5,0.5,0.9,2.3,23.5,127,112
455,343,Salah Mejri,C,32,DAL,36,4,399,6.7,13.6,0.491,1.3,4.1,0.324,5.3,9.5,0.564,2.4,3.9,0.625,4.4,11.5,15.9,4.3,1.2,3.2,2.6,6.7,17.1,114,106
456,344,De'Anthony Melton,PG,20,PHO,50,31,984,4.9,12.4,0.391,1.4,4.6,0.305,3.4,7.8,0.441,1,1.4,0.75,1.2,5.3,6.5,7.7,3.3,1.1,3.6,5.5,12.1,93,112
457,345,Chimezie Metu,PF,21,SAS,29,0,145,6.4,19.5,0.328,0,0.7,0,6.4,18.9,0.339,4.4,5.7,0.765,3,9.1,12.1,4.4,2,0.7,5.1,4.7,17.2,79,109
458,346,Khris Middleton,SF,27,MIL,77,77,2393,9.8,22.3,0.441,3.5,9.2,0.378,6.4,13.1,0.485,4.2,5,0.837,1,8,9,6.4,1.6,0.1,3.4,3.3,27.3,109,106
459,347,C.J. Miles,SF,31,TOT,53,1,856,6.3,17.6,0.36,3.8,11.5,0.33,2.6,6.1,0.417,2.7,3.3,0.828,0.7,4.6,5.4,2,1.5,0.9,1.7,4.5,19.2,99,110
460,347,C.J. Miles,SF,31,TOR,40,1,562,6,17.6,0.34,3.7,11.7,0.314,2.3,5.9,0.391,3,3.8,0.795,1,4.8,5.8,1.9,1.5,0.9,1.8,5.3,18.6,97,109
461,347,C.J. Miles,SF,31,MEM,13,0,294,7.1,17.7,0.4,4.1,11.2,0.364,3,6.6,0.462,2.2,2.4,0.929,0.2,4.4,4.6,2.4,1.4,0.8,1.5,2.9,20.5,104,112
462,348,Darius Miller,SF,28,NOP,69,15,1757,5,12.8,0.39,3.5,9.6,0.365,1.5,3.2,0.467,1.5,1.9,0.789,0.4,3,3.4,3.9,1.1,0.6,1.6,4.4,15,110,116
463,349,Malcolm Miller,SF,25,TOR,10,0,67,7.9,18.6,0.423,7.2,15,0.476,0.7,3.6,0.2,2.1,2.9,0.75,0.7,2.9,3.6,0.7,0.7,0.7,0.7,3.6,25,122,112
464,350,Patty Mills,PG,30,SAS,82,1,1908,7.2,17,0.425,4.1,10.3,0.394,3.1,6.6,0.475,2.3,2.6,0.854,0.6,4,4.7,6.3,1.3,0.3,2.4,3.3,20.8,112,114
465,351,Paul Millsap,PF,33,DEN,70,65,1895,8.3,17.2,0.484,1.5,4.1,0.365,6.8,13.1,0.522,4.7,6.5,0.727,4,9.1,13.1,3.7,2.2,1.4,2.5,4.7,22.9,116,106
466,352,Shake Milton,SG,22,PHI,20,0,268,6,15.3,0.391,2.5,7.8,0.318,3.5,7.6,0.465,0.9,1.2,0.714,1.6,4.6,6.2,3.2,1.4,1.4,1.1,5.1,15.3,105,111
467,353,Nikola Mirotic,PF,27,TOT,46,25,1245,8.9,20.2,0.439,4.3,11.9,0.365,4.6,8.4,0.545,3.9,4.6,0.847,2.2,10.4,12.7,2.1,1.2,1.3,1.8,4,26,115,109
468,353,Nikola Mirotic,PF,27,NOP,32,22,925,9.1,20.5,0.447,4.3,11.6,0.368,4.9,8.8,0.551,4.3,5.1,0.842,2.3,11,13.3,1.8,1.1,1.3,1.9,4.3,26.8,116,111
469,353,Nikola Mirotic,PF,27,MIL,14,3,320,8.1,19.6,0.415,4.5,12.6,0.356,3.6,7,0.521,2.9,3.3,0.87,2,8.9,10.9,2.9,1.5,1.3,1.6,3,23.7,113,105
470,354,Donovan Mitchell,SG,22,UTA,77,77,2598,12.2,28.2,0.432,3.5,9.6,0.362,8.7,18.6,0.468,5.9,7.3,0.806,1.1,4.7,5.8,5.9,2,0.6,4,3.8,33.7,104,107
471,355,Naz Mitrou-Long,SG,25,UTA,14,0,84,3.4,11.4,0.3,1.1,6.3,0.182,2.3,5.1,0.444,1.1,1.1,1,0.6,2.8,3.4,8.5,0.6,0.6,4.6,5.7,9.1,81,111
472,356,Malik Monk,SG,20,CHO,73,0,1258,8.8,22.7,0.387,4.2,12.8,0.33,4.6,9.9,0.461,3.5,3.9,0.882,0.6,4.7,5.3,4.5,1.4,0.7,3.3,4.1,25.2,99,114
473,357,Greg Monroe,C,28,TOT,43,2,480,9.2,18.8,0.487,0.1,0.5,0.2,9.1,18.3,0.495,4.5,7.2,0.625,6.7,10.5,17.1,2.4,1.4,0.8,3.2,6.6,22.9,107,106
474,357,Greg Monroe,C,28,TOR,38,2,423,8.4,18.2,0.46,0,0.5,0,8.4,17.8,0.471,4,6.9,0.574,6.8,10.9,17.7,1.8,1.5,0.9,3.5,6.9,20.7,101,105
475,357,Greg Monroe,C,28,BOS,2,0,5,28.9,48.2,0.6,0,0,,28.9,48.2,0.6,0,0,,28.9,0,28.9,9.6,0,0,0,0,57.8,142,118
476,357,Greg Monroe,C,28,PHI,3,0,52,13.6,20.9,0.652,0.9,0.9,1,12.7,20,0.636,9.1,10,0.909,3.6,8.2,11.8,6.4,0.9,0,0.9,4.5,37.2,154,112
477,358,E'Twaun Moore,SG,29,NOP,53,36,1463,8.1,16.9,0.481,2.4,5.6,0.432,5.7,11.3,0.506,1.4,1.9,0.763,1.1,2.9,4,3.2,1.3,0.3,1.9,3.6,20.1,110,117
478,359,Eric Moreland,PF,27,TOT,5,0,43,3.3,7.8,0.429,1.1,1.1,1,2.2,6.7,0.333,0,0,,4.5,17.8,22.3,4.5,1.1,1.1,5.6,10,7.8,86,102
479,359,Eric Moreland,PF,27,PHO,1,0,5,0,0,,0,0,,0,0,,0,0,,0,28.6,28.6,0,0,0,0,9.5,0,,106
480,359,Eric Moreland,PF,27,TOR,4,0,38,3.8,8.8,0.429,1.3,1.3,1,2.5,7.6,0.333,0,0,,5,16.4,21.4,5,1.3,1.3,6.3,10.1,8.8,86,102
481,360,Jaylen Morris,SG,23,MIL,4,0,29,6.4,16,0.4,1.6,4.8,0.333,4.8,11.2,0.429,1.6,3.2,0.5,0,8,8,6.4,3.2,0,1.6,1.6,16,100,103
482,361,Marcus Morris,PF,29,BOS,75,53,2091,8.7,19.4,0.447,3.4,9,0.375,5.3,10.5,0.508,3.4,4,0.844,1.8,8.8,10.6,2.5,1,0.6,2.1,4.2,24.1,110,109
483,362,Markieff Morris,PF,29,TOT,58,16,1270,7.6,18,0.421,2.5,7.5,0.335,5,10.4,0.484,2.6,3.4,0.772,2.3,7.6,9.8,2.9,1.3,0.8,2,6.5,20.3,106,112
484,362,Markieff Morris,PF,29,WAS,34,15,883,7.7,17.6,0.436,2.6,7.7,0.333,5.1,9.9,0.516,3.1,3.9,0.781,2.2,7.1,9.3,3.2,1.3,1.1,2.5,6.3,21,106,114
485,362,Markieff Morris,PF,29,OKC,24,1,387,7.4,18.8,0.391,2.4,7.1,0.339,4.9,11.7,0.423,1.7,2.3,0.737,2.4,8.6,11,2.3,1.3,0.2,0.8,7,18.8,106,108
486,363,Monte Morris,PG,23,DEN,82,6,1970,8.6,17.5,0.493,2.3,5.7,0.414,6.3,11.8,0.531,1.6,2,0.802,0.9,4,4.8,7.4,1.8,0.1,1.3,2.5,21.2,124,111
487,364,Donatas Motiejunas,PF,28,SAS,3,0,13,11.3,22.5,0.5,0,0,,11.3,22.5,0.5,0,7.5,0,7.5,3.8,11.3,3.8,0,3.8,11.3,22.5,22.5,72,111
488,365,Johnathan Motley,PF,23,LAC,22,0,156,11.8,22.1,0.534,0,0.9,0,11.8,21.2,0.557,7.3,12.1,0.6,5.4,10,15.4,3.3,1.5,0.9,4.8,8.2,30.9,106,109
489,366,Emmanuel Mudiay,PG,22,NYK,59,42,1607,9.9,22.2,0.446,2.1,6.3,0.329,7.8,15.9,0.492,4.3,5.6,0.774,1,4.9,5.9,6.8,1.3,0.6,4.2,3.1,26.2,102,116
490,367,Jamal Murray,PG,21,DEN,75,74,2447,10.3,23.5,0.437,3.1,8.3,0.367,7.2,15.2,0.476,3.8,4.5,0.848,1.3,5.1,6.4,7.3,1.3,0.5,3.2,3.1,27.4,110,111
491,368,Danan Musa,SG,19,BRK,9,0,39,11,26.8,0.409,1.2,12.2,0.1,9.8,14.6,0.667,0,2.4,0,1.2,4.9,6.1,2.4,2.4,0,4.9,1.2,23.2,75,110
492,369,Mike Muscala,PF,27,TOT,64,10,1306,5.2,13,0.402,3.2,9.2,0.348,2,3.8,0.533,2.5,3.1,0.824,2.1,6.7,8.8,2.7,0.8,1.4,1.7,4.7,16.2,113,111
493,369,Mike Muscala,PF,27,PHI,47,6,1041,4.9,12.6,0.392,3.1,9,0.342,1.9,3.6,0.519,2.9,3.5,0.818,2.3,6.8,9.1,2.8,0.8,1.2,2,5.1,15.8,112,111
494,369,Mike Muscala,PF,27,LAL,17,4,265,6.3,14.6,0.434,3.7,10,0.368,2.6,4.6,0.577,1.2,1.4,0.875,1.1,6.7,7.7,2.5,0.7,1.9,0.9,3.2,17.6,117,111
495,370,Sviatoslav Mykhailiuk,SF,21,TOT,42,0,440,4.9,14.8,0.329,3.1,9.4,0.326,1.8,5.4,0.333,1.3,2.1,0.6,1,2.9,3.8,3.9,1.5,0.1,2.2,2.7,14.1,92,113
496,370,Sviatoslav Mykhailiuk,SF,21,LAL,39,0,420,4.9,14.6,0.333,3,9.4,0.318,1.9,5.2,0.362,1.3,2.2,0.6,0.9,2.9,3.8,3.7,1.4,0.1,2.2,2.8,14.1,91,114
497,370,Sviatoslav Mykhailiuk,SF,21,DET,3,0,20,4.9,19.7,0.25,4.9,9.9,0.5,0,9.9,0,0,0,,2.5,2.5,4.9,9.9,2.5,0,2.5,0,14.8,96,111
498,371,Abdel Nader,SF,25,OKC,61,1,694,6.1,14.5,0.423,2.2,6.7,0.32,4,7.7,0.513,1.8,2.4,0.75,0.9,6.9,7.8,1.3,1.3,0.8,1.7,4.6,16.2,102,108
499,372,Larry Nance Jr.,C,26,CLE,67,30,1795,6.9,13.3,0.52,0.9,2.7,0.337,6,10.5,0.567,2.7,3.7,0.716,4.6,10.6,15.3,5.9,2.8,1.1,2.7,5.3,17.3,120,112
500,373,Shabazz Napier,PG,27,BRK,56,2,983,8.2,21.1,0.389,3.7,11,0.333,4.5,10,0.449,5.6,6.7,0.833,0.9,4,4.8,6.9,2,0.8,3.2,3.2,25.6,109,110
501,374,Raul Neto,PG,26,UTA,37,1,474,7.5,16.3,0.46,2,6.1,0.333,5.5,10.2,0.535,2.8,3.3,0.848,0.6,5.7,6.3,9.4,1.4,0.4,3.5,4.9,19.8,111,108
502,375,Georges Niang,PF,25,UTA,59,0,516,8,16.8,0.475,4,9.7,0.41,4,7,0.566,1.9,2.2,0.833,1,7,8.1,3.2,0.9,0.6,2.1,5.3,21.8,115,108
503,376,Joakim Noah,C,33,MEM,42,1,693,7.9,15.3,0.516,0,0.1,0,7.9,15.2,0.519,5.6,7.8,0.716,4.2,12.9,17.1,6.4,1.4,2.2,3.6,6.9,21.4,113,105
504,377,Nerlens Noel,C,24,OKC,77,2,1055,7.2,12.2,0.587,0,0,,7.2,12.2,0.587,2.4,3.5,0.684,5.6,8.8,14.4,2,2.9,4.2,2.1,7.3,16.7,122,99
505,378,Dirk Nowitzki,PF,40,DAL,51,20,795,8.2,22.9,0.359,3.9,12.5,0.312,4.3,10.4,0.415,2.4,3.1,0.78,0.3,9.3,9.6,2.1,0.5,1.1,1.1,4.6,22.8,96,111
506,379,Frank Ntilikina,PG,20,NYK,43,16,904,5.1,15,0.337,1.8,6.1,0.287,3.3,8.9,0.371,1.2,1.6,0.767,0.6,4,4.6,6.5,1.6,0.7,3,5.5,13.1,88,115
507,380,James Nunnally,SF,28,TOT,15,0,102,5.7,16.1,0.353,3.8,11.8,0.32,1.9,4.3,0.444,1.9,1.9,1,0,2.4,2.4,3.3,0.5,0,0.5,4.7,17.1,110,119
508,380,James Nunnally,SF,28,MIN,13,0,64,6.7,15.7,0.429,3.7,9.7,0.385,3,6,0.5,3,3,1,0,3,3,3.7,0.7,0,0.7,3,20.2,124,119
509,380,James Nunnally,SF,28,HOU,2,0,38,3.9,16.8,0.231,3.9,15.5,0.25,0,1.3,0,0,0,,0,1.3,1.3,2.6,0,0,0,7.7,11.6,83,119
510,381,Jusuf Nurkic,C,24,POR,72,72,1974,10.3,20.3,0.508,0.1,0.7,0.103,10.2,19.6,0.523,6.9,9,0.773,6,12.4,18.4,5.7,1.7,2.5,4.1,6.1,27.6,116,105
511,382,David Nwaba,SF,26,CLE,51,14,984,6.4,13.2,0.481,1.2,3.8,0.32,5.1,9.4,0.545,2.9,4.3,0.682,2.1,6.2,8.2,2.7,1.8,0.9,1.5,5.4,16.9,115,116
512,383,Royce O'Neale,SF,25,UTA,82,16,1671,4.7,9.8,0.475,1.9,5,0.386,2.7,4.8,0.569,0.9,1.2,0.762,0.6,7.5,8.2,3.6,1.5,0.7,2,4.9,12.2,108,106
513,384,Kyle O'Quinn,C,28,IND,45,3,371,9.1,17.9,0.507,0.1,1.6,0.083,9,16.3,0.548,2.2,2.8,0.81,3.8,11.9,15.7,7.4,1.2,3.3,4.1,9,20.6,106,102
514,385,Semi Ojeleye,PF,24,BOS,56,3,594,5.4,12.8,0.424,2.3,7.2,0.315,3.2,5.6,0.565,1.9,3.2,0.615,1.9,5,7,1.9,0.8,0.3,1.5,3.5,15.1,106,112
515,386,Jahlil Okafor,C,23,NOP,59,24,935,10.5,18,0.586,0,0.2,0.2,10.5,17.7,0.591,2.9,4.4,0.663,4.1,9.7,13.8,2,0.7,2,2.6,4.8,24.1,115,112
516,387,Elie Okobo,PG,21,PHO,53,16,958,5.7,14.5,0.393,1.9,6.6,0.295,3.7,7.9,0.475,1.8,2.3,0.787,0.6,4.3,4.9,6.3,1.6,0.3,3.4,5.4,15.2,94,117
517,388,Josh Okogie,SG,20,MIN,74,52,1757,5.3,13.9,0.386,1.6,5.9,0.279,3.7,8,0.464,3.2,4.4,0.728,1.1,4.8,5.9,2.5,2.4,0.9,1.7,4.5,15.5,101,113
518,389,Victor Oladipo,SG,26,IND,36,36,1147,10.6,25.1,0.423,3.2,9.2,0.343,7.5,15.9,0.47,4.4,6,0.73,0.9,7.7,8.6,7.9,2.6,0.5,3.5,3.1,28.8,104,105
519,390,Kelly Olynyk,PF,27,MIA,79,36,1812,7,15.2,0.463,3,8.6,0.354,4,6.6,0.604,4.1,5,0.822,1.9,8.2,10.1,3.8,1.4,1,3.1,4.9,21.2,114,108
520,391,Cedi Osman,SF,23,CLE,76,75,2444,7.3,17.2,0.427,2.6,7.6,0.348,4.7,9.6,0.489,2.9,3.7,0.779,0.9,6.3,7.3,4,1.2,0.2,2.3,4,20.1,106,118
521,392,Kelly Oubre Jr.,SF,23,TOT,69,19,1935,9.2,20.7,0.445,2.7,8.3,0.32,6.6,12.4,0.53,4.6,6,0.775,1.7,6.2,8,2.1,2.1,1.5,2.5,4.5,25.8,105,113
522,392,Kelly Oubre Jr.,SF,23,WAS,29,7,755,8.3,19.1,0.433,2.6,8.3,0.311,5.7,10.9,0.526,4.3,5.3,0.8,1.5,6.6,8.1,1.3,1.7,1.3,1.9,4.5,23.4,105,113
523,392,Kelly Oubre Jr.,SF,23,PHO,40,12,1180,9.8,21.7,0.453,2.7,8.3,0.325,7.1,13.4,0.532,4.9,6.4,0.761,1.9,6,7.9,2.6,2.3,1.6,3,4.5,27.3,105,113
524,393,Zaza Pachulia,C,34,DET,68,3,878,4.8,10.8,0.44,0,0.2,0,4.8,10.6,0.45,5.4,7,0.782,5.6,9.3,14.9,5.1,1.7,1,3.2,8.5,15,114,107
525,394,Jabari Parker,PF,23,TOT,64,17,1724,10.3,20.9,0.493,1.7,5.4,0.313,8.6,15.4,0.556,3.7,5.1,0.712,2.2,9.5,11.7,4.2,1.3,0.8,4.2,4,25.9,102,113
526,394,Jabari Parker,PF,23,CHI,39,17,1042,10.2,21.6,0.474,1.7,5.3,0.325,8.5,16.3,0.523,3.7,5,0.731,1.9,9.3,11.2,3.9,1.1,0.7,3.9,4,25.9,100,113
527,394,Jabari Parker,PF,23,WAS,25,0,682,10.3,19.8,0.523,1.7,5.6,0.296,8.7,14.2,0.613,3.6,5.3,0.684,2.6,9.9,12.5,4.7,1.6,1.1,4.7,4,26,105,112
528,395,Tony Parker,PG,36,CHO,56,0,1003,10.3,22.4,0.46,0.6,2.5,0.255,9.7,20,0.485,4.4,6,0.734,0.7,3.3,4,10,1,0.3,3.6,2.6,25.7,106,117
529,396,Chandler Parsons,SF,30,MEM,25,3,496,6.8,18.2,0.374,2.9,9.4,0.309,3.9,8.8,0.443,2.2,2.5,0.88,0.4,6.6,7,4.3,1.9,0.5,3.2,4.5,18.7,91,109
530,397,Patrick Patterson,PF,29,OKC,63,5,861,4.4,11.9,0.374,2.5,7.4,0.336,2,4.4,0.439,1,1.6,0.633,2.3,5.7,8,1.7,0.9,0.7,1.2,2.5,12.4,106,110
531,398,Justin Patton,C,21,PHI,3,0,21,4.5,15.7,0.286,0,4.5,0,4.5,11.2,0.4,2.2,4.5,0.5,4.5,9,13.5,6.7,4.5,0,0,11.2,11.2,99,103
532,399,Chris Paul,PG,33,HOU,58,58,1857,8,19,0.419,3.4,9.4,0.358,4.6,9.6,0.479,4.6,5.4,0.862,1,6,7,12.5,3,0.5,4,3.9,23.9,118,109
533,400,Cameron Payne,PG,24,TOT,40,13,712,6.6,15.3,0.43,1.7,5.8,0.298,4.9,9.5,0.511,2.3,2.8,0.805,0.9,4,4.9,7.3,1.9,0.6,3.1,4.4,17.1,103,115
534,400,Cameron Payne,PG,24,CHI,31,12,536,6.2,15.2,0.411,1.4,5.3,0.271,4.8,9.9,0.486,2,2.3,0.88,0.9,3.9,4.8,7.5,1.8,0.5,3.1,4.4,15.9,99,115
535,400,Cameron Payne,PG,24,CLE,9,1,176,7.6,15.5,0.491,2.5,7.1,0.36,5.1,8.5,0.6,3.1,4.5,0.688,0.8,4.5,5.4,6.5,2.3,0.8,3.1,4.2,20.9,114,116
536,401,Elfrid Payton,PG,24,NOP,42,42,1250,6.7,15.3,0.434,1.2,3.9,0.314,5.4,11.4,0.476,2,2.8,0.743,1.8,6.4,8.2,11.9,1.6,0.6,4.2,3,16.6,106,113
537,402,Gary Payton II,PG,26,WAS,3,0,16,14.8,23.7,0.625,3,5.9,0.5,11.8,17.8,0.667,0,0,,3,3,5.9,11.8,8.9,3,3,5.9,32.6,135,97
538,403,Theo Pinson,SG,23,BRK,18,0,211,5.6,16.5,0.342,2.7,10.4,0.261,2.9,6.1,0.481,4.3,5,0.864,0.9,7.2,8.1,4.7,1.4,0,4.1,3.4,18.3,94,111
539,404,Mason Plumlee,C,28,DEN,82,17,1731,7.4,12.5,0.593,0.1,0.3,0.2,7.4,12.3,0.602,3.1,5.6,0.561,4.7,10.2,14.9,6.9,1.9,2.2,3.6,7.2,18.1,117,105
540,405,Miles Plumlee,C,30,ATL,18,0,173,8.5,12.8,0.667,0,0,,8.5,12.8,0.667,4.3,8,0.533,4.3,6.1,10.4,4.5,1.6,1.1,2.7,3.7,21.4,125,114
541,406,Jakob Poeltl,C,23,SAS,77,24,1273,7.2,11.1,0.645,0,0,,7.2,11.1,0.645,1.9,3.5,0.533,6.8,8.9,15.7,3.6,1.1,2.6,1.8,4.8,16.2,133,108
542,407,Quincy Pondexter,SF,30,SAS,53,0,292,4.9,9.7,0.5,1,3,0.333,3.8,6.7,0.575,5.7,7,0.81,1.3,6.4,7.7,4,1.8,0.2,2.2,4,16.4,123,111
543,408,Otto Porter,SF,25,TOT,56,43,1683,8.5,18.2,0.465,2.9,7.3,0.406,5.5,11,0.504,2.2,2.7,0.813,1.5,7.4,8.9,3.4,2.3,0.9,1.8,3.1,22.1,111,112
544,408,Otto Porter,SF,25,WAS,41,28,1191,8,17.6,0.457,2.6,7,0.369,5.4,10.6,0.515,1.9,2.5,0.766,1.6,7.6,9.2,3.2,2.5,0.9,1.6,3.1,20.6,110,111
545,408,Otto Porter,SF,25,CHI,15,15,492,9.6,19.8,0.483,3.8,7.9,0.488,5.7,11.9,0.479,2.9,3.2,0.906,1.4,6.8,8.2,3.9,1.8,0.9,2.5,2.9,25.8,115,113
546,409,Bobby Portis,PF,23,TOT,50,28,1299,10.3,23.1,0.444,2.8,7,0.393,7.5,16.1,0.467,2.8,3.6,0.794,4,10.8,14.8,2.7,1.3,0.7,2.7,5.3,26.1,104,112
547,409,Bobby Portis,PF,23,CHI,22,6,531,11.1,24.8,0.45,2.5,6.6,0.375,8.7,18.2,0.477,3.6,4.6,0.78,4.2,10.5,14.7,2.6,1,0.7,2.6,5.6,28.3,105,113
548,409,Bobby Portis,PF,23,WAS,28,22,768,9.7,22,0.44,3,7.3,0.403,6.7,14.7,0.458,2.3,2.9,0.809,3.9,11,14.9,2.7,1.5,0.7,2.8,5.2,24.7,104,112
549,410,Dwight Powell,C,27,DAL,77,22,1662,8.5,14.2,0.597,1.1,3.7,0.307,7.3,10.5,0.699,5.7,7.4,0.772,4.1,7.9,12,3.3,1.3,1.5,2,5.9,23.8,135,110
550,411,Norman Powell,SG,25,TOR,60,3,1126,8.2,17,0.483,2.9,7.2,0.4,5.3,9.8,0.543,2.6,3.2,0.827,0.7,5.2,5.9,3.9,1.7,0.6,2.8,4.1,22,110,109
551,412,Alex Poythress,PF,25,ATL,21,1,305,6.1,12.3,0.494,1.4,3.5,0.391,4.7,8.8,0.534,2.7,4.4,0.621,4.4,7.1,11.5,2.6,0.6,1.5,2,7.1,16.2,117,115
552,413,Taurean Prince,SF,24,ATL,55,47,1552,7.8,17.7,0.441,3.7,9.4,0.39,4.1,8.3,0.498,2.8,3.5,0.819,0.7,5.3,5.9,3.5,1.6,0.6,3,4.2,22.1,106,115
553,414,Zhou Qi,PF,23,HOU,1,0,1,49.1,49.1,1,0,0,,49.1,49.1,1,0,0,,0,0,0,0,0,0,0,0,98.1,200,120
554,415,Ivan Rabb,PF,21,MEM,49,13,721,8,14.6,0.547,0.2,1,0.2,7.8,13.6,0.574,3.4,4.8,0.71,4.8,9.4,14.2,3.7,1.2,1,2.4,6.2,19.6,117,109
555,416,Chasson Randle,PG,25,WAS,49,2,743,5.8,13.8,0.419,2.9,7.3,0.4,2.9,6.5,0.441,2.7,4,0.694,0.6,2.9,3.6,6.2,1.6,0.2,2.7,5.8,17.3,108,117
556,417,Julius Randle,PF,24,NOP,73,49,2232,11.9,22.7,0.524,1.4,4.1,0.344,10.5,18.6,0.564,7.4,10.1,0.731,3.4,9.8,13.2,4.8,1.1,0.9,4.3,5.1,32.6,113,112
557,418,J.J. Redick,SG,34,PHI,76,63,2379,9,20.4,0.44,4.8,12,0.397,4.2,8.4,0.502,4.5,5.1,0.894,0.4,3.3,3.7,4.1,0.6,0.3,2,2.6,27.2,118,115
558,419,Davon Reed,SG,23,IND,10,0,47,5.2,12.5,0.417,2.1,4.2,0.5,3.1,8.3,0.375,0,0,,2.1,4.2,6.2,3.1,1,0,1,3.1,12.5,107,111
559,420,Cameron Reynolds,SG,23,MIN,19,0,259,6.1,14.4,0.423,3.9,9.4,0.412,2.2,5,0.444,1.5,1.7,0.889,0.7,5,5.7,2.4,1.1,0.4,0.9,4.8,17.6,118,116
560,421,Josh Richardson,SG,25,MIA,73,73,2539,8.1,19.7,0.412,3.2,8.9,0.357,5,10.9,0.458,3.8,4.4,0.861,1,4,5.1,5.7,1.5,0.7,2.2,3.8,23.3,111,110
561,422,Malachi Richardson,SG,23,TOR,22,0,103,4.2,13.5,0.31,3.7,11.6,0.32,0.5,1.9,0.25,1.9,2.3,0.8,0.9,5.1,6,0,0.5,0,3.7,6,14,79,112
562,423,Austin Rivers,SG,26,TOT,76,15,2028,5.5,13.7,0.406,2.5,7.8,0.318,3.1,5.9,0.522,1.2,2.3,0.526,0.6,3.3,3.9,4,1.1,0.5,1.6,4.9,14.8,104,116
563,423,Austin Rivers,SG,26,WAS,29,2,683,5.3,13.5,0.392,2.3,7.3,0.311,3,6.1,0.489,1.7,3.2,0.543,0.7,4.2,4.9,4,1.2,0.7,2.5,5,14.6,95,116
564,423,Austin Rivers,SG,26,HOU,47,13,1345,5.7,13.8,0.413,2.6,8.1,0.321,3.1,5.7,0.541,0.9,1.8,0.51,0.5,2.8,3.3,4,1.1,0.5,1.2,4.9,14.9,109,115
565,424,Devin Robinson,SF,23,WAS,7,0,95,9.5,16,0.594,0,1,0,9.5,15,0.633,4.5,7,0.643,3,7,10,3,2,3,1,5.5,23.4,127,110
566,425,Duncan Robinson,SF,24,MIA,15,1,161,5.5,14,0.391,3,10.6,0.286,2.4,3.3,0.727,1.2,1.8,0.667,0.6,5.2,5.8,1.5,1.5,0,1.2,3.3,15.2,102,111
567,426,Glenn Robinson III,SF,25,DET,47,18,610,6,14.2,0.42,1.5,5,0.29,4.5,9.2,0.491,2.6,3.2,0.8,1.4,4.4,5.7,1.7,1.1,0.6,1.5,3.6,16,104,112
568,427,Jerome Robinson,SG,21,LAC,33,0,320,6.5,16.2,0.4,2.7,8.4,0.316,3.8,7.8,0.491,0.9,1.3,0.667,0.4,5.6,6,2.8,1.6,0.4,1.9,6.8,16.5,96,112
569,428,Mitchell Robinson,C,20,NYK,66,19,1360,7.2,10.3,0.694,0,0,,7.2,10.3,0.694,2.9,4.8,0.6,6.3,8.7,15,1.3,1.8,5.7,1.2,7.7,17.2,140,106
570,429,Rajon Rondo,PG,32,LAL,46,29,1369,5.9,14.7,0.405,1.7,4.8,0.359,4.2,9.9,0.428,0.8,1.2,0.639,1.2,7.1,8.3,12.5,1.9,0.2,4.3,3.4,14.4,100,110
571,430,Derrick Rose,PG,30,MIN,51,13,1392,12.5,25.9,0.482,1.9,5,0.37,10.6,20.9,0.509,4.7,5.5,0.856,1.1,3.7,4.8,7.6,1.1,0.4,2.8,2,31.6,114,117
572,431,Terrence Ross,SG,27,ORL,81,0,2150,10,23.4,0.428,4.9,12.9,0.383,5.1,10.5,0.484,2.9,3.3,0.875,0.6,5.8,6.4,3.1,1.6,0.7,2,2.7,27.8,108,109
573,432,Terry Rozier,PG,24,BOS,79,14,1791,6.9,17.9,0.387,3.2,9.1,0.353,3.7,8.8,0.422,2,2.5,0.785,0.9,7.4,8.3,6.2,1.8,0.6,1.8,2.7,19,106,108
574,433,Ricky Rubio,PG,28,UTA,68,67,1899,7.4,18.4,0.404,2,6.4,0.311,5.4,12,0.454,4.9,5.7,0.855,0.8,5.3,6.1,10.5,2.3,0.3,4.5,4.5,21.8,105,107
575,434,D'Angelo Russell,PG,22,BRK,81,81,2448,12.8,29.5,0.434,4.5,12.3,0.369,8.3,17.1,0.482,3.1,4,0.78,1,5.1,6.1,10.9,1.9,0.4,4.9,2.7,33.3,107,110
576,435,Domantas Sabonis,C,22,IND,74,5,1838,11,18.6,0.59,0.2,0.5,0.529,10.8,18.2,0.592,5.5,7.7,0.715,5,13.4,18.4,5.6,1.3,0.8,4.3,6.4,27.8,118,104
577,436,Brandon Sampson,SG,21,CHI,14,2,214,6.3,13.6,0.467,2.5,6.6,0.379,3.9,7,0.548,0.9,1.4,0.667,0.7,2.9,3.6,2.3,1.8,0.7,2.7,4.3,16.1,98,115
578,437,JaKarr Sampson,SF,25,CHI,4,0,127,11.1,20.6,0.537,1.9,5.3,0.357,9.2,15.3,0.6,6.5,8,0.81,1.9,10.3,12.2,1.5,1.5,1.1,1.5,3.1,30.5,123,111
579,438,Dario aric,PF,24,TOT,81,41,2023,7.2,16.4,0.437,2.8,7.6,0.365,4.4,8.8,0.499,3.1,3.5,0.88,3,7.8,10.8,3,1.1,0.2,2.3,4.3,20.3,113,114
580,438,Dario aric,PF,24,PHI,13,13,396,5.7,15.7,0.364,2.5,8.3,0.3,3.2,7.4,0.435,3.2,3.6,0.9,2.5,7.8,10.3,3.1,0.5,0.4,3,4.7,17.2,99,113
581,438,Dario aric,PF,24,MIN,68,28,1627,7.5,16.6,0.454,2.9,7.5,0.383,4.7,9.2,0.511,3.1,3.5,0.875,3.1,7.8,10.9,3,1.2,0.2,2.1,4.2,21,116,114
582,439,Tomá Satoranský,PG,27,WAS,80,54,2164,5.6,11.6,0.485,1.4,3.5,0.395,4.2,8.1,0.524,2.9,3.5,0.819,1.8,4.3,6.1,8.7,1.8,0.3,2.6,3.8,15.5,121,116
583,440,Dennis Schröder,PG,25,OKC,79,14,2314,9.2,22.3,0.414,2.5,7.3,0.341,6.7,14.9,0.45,3.8,4.6,0.819,0.8,5,5.7,6.5,1.3,0.2,3.5,3.8,24.7,103,110
584,441,Mike Scott,PF,30,TOT,79,3,1395,5.7,14.2,0.4,3.4,8.5,0.401,2.3,5.7,0.399,0.7,1.1,0.667,1.5,7.9,9.3,2.2,0.9,0.4,1.5,5.3,15.5,105,112
585,441,Mike Scott,PF,30,LAC,52,0,748,5.8,14.5,0.4,3.3,8.4,0.391,2.5,6.1,0.412,0.8,1.1,0.667,1.5,9.5,11,2.8,1.1,0.5,1.7,5.6,15.6,104,111
586,441,Mike Scott,PF,30,PHI,27,3,647,5.5,13.9,0.4,3.6,8.7,0.412,2,5.2,0.38,0.7,1.1,0.667,1.4,6.1,7.4,1.6,0.7,0.4,1.2,5,15.4,107,113
587,442,Thabo Sefolosha,SF,34,UTA,50,2,609,5.6,11.7,0.477,2.7,6.1,0.436,2.9,5.6,0.521,1.1,1.7,0.636,0.6,9,9.7,2.1,3.4,0.4,2,3.2,14.9,107,102
588,443,Wayne Selden,SG,24,TOT,75,13,1439,6.7,16.4,0.406,1.9,5.9,0.316,4.8,10.5,0.456,2.3,3.1,0.728,1.3,4.9,6.1,3.7,1.1,0.4,2.7,4.4,17.5,95,115
589,443,Wayne Selden,SG,24,MEM,32,0,455,7.1,17.6,0.404,2.2,6.9,0.317,4.9,10.7,0.459,2.4,3.2,0.759,1.7,3.1,4.8,3.9,1.1,0.7,2.5,5.2,18.8,98,113
590,443,Wayne Selden,SG,24,CHI,43,13,984,6.5,15.9,0.407,1.7,5.5,0.315,4.7,10.4,0.455,2.2,3.1,0.714,1,5.7,6.7,3.6,1.1,0.3,2.8,4.1,16.9,94,115
591,444,Collin Sexton,PG,20,CLE,82,72,2605,9.9,23,0.43,2.3,5.6,0.402,7.6,17.4,0.44,4.1,4.9,0.839,1.1,3.4,4.5,4.6,0.8,0.1,3.5,3.5,26.1,101,121
592,445,Landry Shamet,SG,21,TOT,79,27,1802,6.3,14.6,0.431,4.4,10.4,0.422,1.9,4.2,0.453,2,2.4,0.806,0.6,3,3.5,3.1,1,0.3,1.2,4.1,18.9,120,115
593,445,Landry Shamet,SG,21,PHI,54,4,1108,6.5,14.8,0.441,4.2,10.4,0.404,2.3,4.3,0.529,1.9,2.3,0.815,0.6,2.7,3.3,2.5,1,0.3,1.1,4.5,19.1,119,114
594,445,Landry Shamet,SG,21,LAC,25,23,694,5.9,14.3,0.414,4.6,10.3,0.45,1.3,4,0.322,2.1,2.7,0.795,0.5,3.3,3.8,3.9,0.9,0.1,1.3,3.3,18.6,120,116
595,446,Iman Shumpert,SG,28,TOT,62,41,1481,5.3,14.2,0.374,3,8.7,0.348,2.3,5.5,0.416,1.1,1.4,0.8,0.9,5,5.8,3.6,1.9,0.8,1.6,4,14.8,103,112
596,446,Iman Shumpert,SG,28,SAC,42,40,1099,5.6,14.7,0.382,3.1,8.6,0.366,2.5,6.2,0.404,1.4,1.7,0.829,0.8,4.7,5.5,3.9,2,0.8,1.6,3.9,15.8,105,112
597,446,Iman Shumpert,SG,28,HOU,20,1,382,4.4,12.6,0.347,2.7,9.1,0.296,1.7,3.5,0.481,0.3,0.5,0.5,1,5.9,6.9,2.7,1.5,0.5,1.5,4.5,11.7,96,112
598,447,Pascal Siakam,PF,24,TOR,80,79,2548,9.8,17.8,0.549,1.5,4,0.369,8.3,13.7,0.602,4.5,5.7,0.785,2.3,8,10.3,4.7,1.4,1,2.9,4.5,25.5,120,107
599,448,Jordan Sibert,SG,26,ATL,1,0,4,11.6,11.6,1,11.6,11.6,1,0,0,,0,0,,0,0,0,0,0,0,0,0,34.7,300,123
600,449,Ben Simmons,PG,22,PHI,79,79,2700,9.4,16.8,0.563,0,0.1,0,9.4,16.7,0.566,4.5,7.5,0.6,3,9.2,12.2,10.7,2,1.1,4.8,3.7,23.4,114,108
601,450,Jonathon Simmons,SG-SF,29,TOT,56,9,1064,6.1,16,0.38,1.3,4.7,0.269,4.8,11.2,0.427,3.3,4.4,0.742,1.2,4.5,5.8,5.8,1.3,0.7,3.1,4.1,16.7,95,111
602,450,Jonathon Simmons,SG,29,ORL,41,9,845,6,16.6,0.364,1.1,4.8,0.229,4.9,11.8,0.419,3.2,4.2,0.778,1.3,4.5,5.8,5.5,1,0.8,3.2,3.9,16.4,91,111
603,450,Jonathon Simmons,SF,29,PHI,15,0,219,6.3,13.8,0.453,1.9,4.5,0.429,4.3,9.3,0.465,3.5,5.4,0.64,0.9,4.7,5.6,7.1,2.4,0.2,2.6,4.5,17.9,112,110
604,451,Kobi Simmons,PG,21,CLE,1,0,2,0,0,,0,0,,0,0,,0,0,,0,0,0,0,0,0,0,0,0,,125
605,452,Anfernee Simons,SG,19,POR,20,1,141,9.6,21.6,0.444,3.4,10,0.345,6.2,11.7,0.529,3.1,5.5,0.563,1,3.4,4.5,4.5,0.3,0,3.8,3.1,25.8,102,116
606,453,Marcus Smart,SG,24,BOS,80,60,2200,5.2,12.4,0.422,2.8,7.6,0.364,2.5,4.8,0.511,2.3,2.8,0.806,1.2,3.9,5.1,7,3.1,0.6,2.7,4.4,15.5,113,107
607,454,Dennis Smith Jr.,PG,21,TOT,53,50,1508,8.9,20.9,0.428,2.1,6.7,0.322,6.8,14.2,0.477,3.2,5,0.635,1,3.9,5,8.1,2.1,0.6,4.9,4.1,23.2,96,112
608,454,Dennis Smith Jr.,PG,21,DAL,32,32,908,8.4,19.1,0.44,2.3,6.7,0.344,6.1,12.4,0.491,3,4.4,0.695,1,4.2,5.2,7.4,2.1,0.6,5.3,4.4,22.1,96,111
609,454,Dennis Smith Jr.,PG,21,NYK,21,18,600,9.7,23.5,0.413,1.9,6.7,0.289,7.8,16.9,0.462,3.4,5.9,0.568,1.1,3.5,4.7,9.2,2.2,0.7,4.3,3.8,24.7,96,114
610,455,Ish Smith,PG,30,DET,56,0,1251,8.1,19.3,0.419,1.7,5.3,0.326,6.3,14,0.455,1.9,2.4,0.758,0.9,4.8,5.7,8,1.1,0.4,2.4,4.3,19.7,105,112
611,456,J.R. Smith,SG,33,CLE,11,4,222,6,17.7,0.342,2.7,8.7,0.308,3.4,8.9,0.375,1.8,2.2,0.8,0,4,4,4.7,2.5,0.7,2.5,4.3,16.6,91,116
612,457,Jason Smith,C-PF,32,TOT,20,1,190,5.2,14.6,0.356,2.2,6.4,0.346,3,8.2,0.364,3.5,4,0.875,4,8.9,12.9,3.5,0.7,1.7,3.2,7.4,16.1,100,111
613,457,Jason Smith,C,32,WAS,12,1,130,5.5,13.5,0.405,1.5,3.6,0.4,4,9.8,0.407,3.6,4.4,0.833,4,9.5,13.5,4.4,0.4,1.8,2.5,7.6,16,110,114
614,457,Jason Smith,PF,32,MIL,6,0,40,4.6,15.1,0.308,3.5,10.5,0.333,1.2,4.6,0.25,2.3,2.3,1,3.5,9.3,12.8,1.2,2.3,2.3,5.8,7,15.1,80,101
615,457,Jason Smith,C,32,NOP,2,0,20,4.6,20.9,0.222,4.6,16.3,0.286,0,4.6,0,4.6,4.6,1,4.6,4.6,9.3,2.3,0,0,2.3,7,18.6,93,118
616,458,Zhaire Smith,SG,19,PHI,6,2,111,6,14.5,0.412,2.6,6.8,0.375,3.4,7.7,0.444,2.6,3.4,0.75,1.3,4.3,5.5,4.3,0.9,0.9,2.6,3.4,17,105,113
617,459,Tony Snell,SF,27,MIL,74,12,1304,5.8,12.9,0.452,2.9,7.3,0.397,2.9,5.6,0.522,1.3,1.5,0.881,1,4.6,5.6,2.4,0.9,0.6,0.8,3.2,15.8,119,109
618,460,Ray Spalding,PF,21,TOT,14,3,148,8.1,15.2,0.532,0,1,0,8.1,14.2,0.568,1.3,3.9,0.333,4.8,10.6,15.5,1.6,2.9,2.6,2.9,7.4,17.4,99,108
619,460,Ray Spalding,PF,21,DAL,1,0,1,0,0,,0,0,,0,0,,0,0,,0,0,0,0,0,0,0,0,0,,119
620,460,Ray Spalding,PF,21,PHO,13,3,147,8.1,15.3,0.532,0,1,0,8.1,14.3,0.568,1.3,3.9,0.333,4.9,10.7,15.6,1.6,2.9,2.6,2.9,7.5,17.5,99,108
621,461,Omari Spellman,PF,21,ATL,46,11,805,5.6,14,0.402,2.5,7.3,0.344,3.1,6.7,0.466,1.8,2.6,0.711,4.1,7,11.1,2.7,1.5,1.4,1.8,3.8,15.6,110,113
622,462,Nik Stauskas,SG,25,TOT,68,0,1015,6.5,16.3,0.402,3.4,9,0.372,3.2,7.2,0.44,2.7,3.1,0.891,0.9,5.2,6.1,3.9,1,0.3,2.5,2.4,19.2,108,115
623,462,Nik Stauskas,SG,25,POR,44,0,673,6.9,16.5,0.419,3.1,9,0.344,3.8,7.5,0.51,2.3,2.6,0.889,0.7,5,5.8,4.5,1,0.3,2.9,2.2,19.2,106,114
624,462,Nik Stauskas,SG,25,CLE,24,0,342,5.8,15.8,0.367,3.9,9.1,0.429,1.9,6.7,0.283,3.6,4.1,0.893,1.2,5.7,6.8,2.8,1,0.4,1.6,2.8,19.2,111,119
625,463,D.J. Stephens,SG,28,MEM,1,0,7,7.1,14.2,0.5,0,0,,7.1,14.2,0.5,0,0,,0,0,0,0,7.1,0,7.1,0,14.2,60,102
626,464,Lance Stephenson,SG,28,LAL,68,3,1123,7.6,17.9,0.426,3,8.2,0.371,4.6,9.7,0.472,2.1,3,0.685,1.3,7.6,8.9,5.8,1.7,0.3,3.6,4.6,20.3,101,110
627,465,Edmond Sumner,PG,23,IND,23,2,210,5.1,14.9,0.344,1.6,6.3,0.259,3.5,8.6,0.405,3.5,5.6,0.625,2.1,3.5,5.6,2.3,2.8,1.2,2.3,6.1,15.4,91,106
628,466,Caleb Swanigan,PF,21,TOT,21,0,178,4.9,14.3,0.34,0.3,1.9,0.143,4.6,12.4,0.37,1.6,2.4,0.667,4.6,12.7,17.3,3,1.6,0.3,4.9,7.6,11.6,78,108
629,466,Caleb Swanigan,PF,21,POR,18,0,145,4.7,14.7,0.318,0.3,1.7,0.2,4.3,13,0.333,2,2.3,0.857,4.3,13,17.4,2.3,1.3,0,5.3,7.3,11.7,75,108
630,466,Caleb Swanigan,PF,21,SAC,3,0,33,5.6,12.7,0.444,0,2.8,0,5.6,9.9,0.571,0,2.8,0,5.6,11.3,16.9,5.6,2.8,1.4,2.8,8.5,11.3,96,105
631,467,Jayson Tatum,SF,20,BOS,79,79,2455,9.1,20.3,0.45,2.3,6.1,0.373,6.9,14.2,0.483,3.8,4.5,0.855,1.4,8,9.4,3.3,1.6,1.1,2.4,3.3,24.4,107,107
632,468,Jeff Teague,PG,30,MIN,42,41,1264,6.7,15.8,0.423,1.3,4,0.333,5.3,11.8,0.453,4.7,5.8,0.804,0.6,3.4,4,13,1.6,0.7,3.7,3.4,19.3,112,116
633,469,Garrett Temple,SG,32,TOT,75,55,2040,5,11.9,0.422,2.2,6.3,0.341,2.8,5.5,0.515,1.9,2.6,0.748,0.7,4.5,5.2,2.5,1.8,0.7,1.7,4.9,14.1,103,111
634,469,Garrett Temple,SG,32,MEM,49,49,1530,5.4,12.6,0.429,2.4,6.8,0.352,3,5.7,0.52,1.9,2.5,0.75,0.6,4.4,4.9,2.2,1.6,0.8,1.8,4.4,15,103,111
635,469,Garrett Temple,SG,32,LAC,26,6,510,3.9,9.8,0.396,1.5,5,0.296,2.4,4.8,0.5,2.1,2.9,0.742,0.9,5,5.9,3.4,2.4,0.5,1.5,6.5,11.4,106,111
636,470,Milo Teodosic,PG,31,LAC,15,0,150,5.3,12.6,0.425,3.1,8.5,0.37,2.2,4.1,0.538,1.3,2.2,0.571,0.9,4.1,5,10.1,0.9,0.3,6.6,8.5,15.1,94,115
637,471,Jared Terrell,SG,23,MIN,14,0,111,5.2,16.8,0.308,1.7,7.3,0.235,3.5,9.5,0.364,1.3,2.6,0.5,0.4,2.2,2.6,5.2,1.3,0.9,4.3,6.9,13.4,74,117
638,472,Emanuel Terry,PF,22,TOT,3,0,23,8.3,14.6,0.571,0,0,,8.3,14.6,0.571,4.2,8.3,0.5,6.2,8.3,14.6,4.2,6.2,0,4.2,8.3,20.8,107,104
639,472,Emanuel Terry,PF,22,PHO,2,0,20,9.5,14.3,0.667,0,0,,9.5,14.3,0.667,2.4,4.8,0.5,4.8,9.5,14.3,2.4,7.2,0,4.8,9.5,21.5,107,102
640,472,Emanuel Terry,PF,22,MIA,1,0,3,0,16.3,0,0,0,,0,16.3,0,16.3,32.6,0.5,16.3,0,16.3,16.3,0,0,0,0,16.3,105,117
641,473,Daniel Theis,C,26,BOS,66,2,908,7.7,14.1,0.549,1.4,3.6,0.388,6.4,10.6,0.603,3,4,0.737,4.6,7.3,11.9,3.6,1.1,2.2,1.8,8.5,19.8,128,107
642,474,Isaiah Thomas,SG,29,DEN,12,0,181,9.2,26.9,0.343,3.3,11.7,0.279,6,15.2,0.393,4.6,7.3,0.63,1.4,2.2,3.5,6.2,1.4,0.3,4.9,4.6,26.3,88,113
643,475,Khyri Thomas,SG,22,DET,26,0,195,5.6,17.4,0.319,2.5,8.8,0.286,3,8.6,0.353,1.8,2.8,0.636,1,4,5.1,2,1.8,1.3,1,5.6,15.4,91,109
644,476,Lance Thomas,PF,30,NYK,46,17,783,4.8,12.1,0.396,1.4,4.9,0.278,3.4,7.3,0.475,1.7,2.2,0.75,1.3,5.9,7.2,1.7,1,0.4,1.5,5.1,12.6,97,116
645,477,Klay Thompson,SG,28,GSW,78,78,2652,11.8,25.2,0.467,4.3,10.7,0.402,7.4,14.4,0.516,2.3,2.8,0.816,0.7,4.7,5.4,3.3,1.5,0.8,2.1,2.8,30.1,110,112
646,478,Tristan Thompson,C,27,CLE,43,40,1198,8.3,15.8,0.529,0,0,,8.3,15.8,0.529,2.8,4.4,0.642,7.2,11,18.2,3.6,1.2,0.7,2.4,3.7,19.5,117,116
647,479,Sindarius Thornwell,SG,24,LAC,64,1,313,2.6,7.4,0.347,0.5,2.3,0.2,2.1,5.1,0.412,3.8,5.1,0.735,0.8,5.9,6.6,2.7,2.1,1.1,3,6.2,9.3,88,110
648,480,Anthony Tolliver,PF,33,MIN,65,0,1079,4.4,11.5,0.382,3.6,9.5,0.377,0.8,2,0.409,2.1,2.7,0.783,0.7,7.2,7.9,2,0.8,0.9,1.6,4,14.5,110,115
649,481,Karl-Anthony Towns,C,23,MIN,77,77,2545,12.8,24.7,0.518,2.7,6.7,0.4,10.1,18.1,0.562,7.1,8.5,0.836,5,13,18,4.9,1.3,2.4,4.5,5.5,35.4,118,108
650,482,Gary Trent Jr.,SG,20,POR,15,1,111,7,21.8,0.32,2.2,9.2,0.238,4.8,12.7,0.379,1.3,3.1,0.429,0.4,4.4,4.8,2.2,0.4,0.9,1.7,1.7,17.5,81,115
651,483,Allonzo Trier,SG,23,NYK,64,3,1459,7.7,17.1,0.448,1.7,4.4,0.394,5.9,12.8,0.466,5.9,7.4,0.803,1,5.5,6.5,3.9,0.9,0.5,3.8,3.9,23,104,116
652,484,P.J. Tucker,PF,33,HOU,82,82,2802,3.6,9.2,0.396,2.6,6.8,0.377,1.1,2.4,0.449,0.7,1,0.695,2.1,6.3,8.4,1.7,2.3,0.7,1.1,4.4,10.5,114,110
653,485,Evan Turner,PG,30,POR,73,2,1605,6.2,13.4,0.46,0.3,1.6,0.212,5.8,11.8,0.494,2.3,3.2,0.708,1.1,8.8,9.9,8.5,1,0.5,3.4,3.3,14.9,105,111
654,486,Myles Turner,C,22,IND,74,74,2119,8.8,18,0.487,1.8,4.5,0.388,7,13.5,0.521,3.4,4.6,0.736,2.3,9.9,12.3,2.7,1.4,4.6,2.3,4.5,22.7,110,101
655,487,Ekpe Udoh,C,31,UTA,51,1,320,7.5,10.8,0.694,0,0,,7.5,10.8,0.694,2.8,4.5,0.633,4,9.4,13.5,4.2,1.5,4.6,1.9,5.4,17.8,135,100
656,488,Tyler Ulis,PG,23,CHI,1,0,1,0,0,,0,0,,0,0,,0,0,,0,0,0,0,0,0,0,0,0,,122
657,489,Jonas Valanciunas,C,26,TOT,49,27,1091,13.5,24,0.559,0.6,2.1,0.292,12.8,21.9,0.586,6.6,8.3,0.795,4.7,14,18.7,3.1,0.8,2.4,4,6.5,34.1,114,104
658,489,Jonas Valanciunas,C,26,TOR,30,10,564,12.7,22,0.575,0.8,2.5,0.3,11.9,19.5,0.611,6.5,8,0.819,4.6,13.8,18.4,2.5,1.1,2,3.3,7,32.6,121,103
659,489,Jonas Valanciunas,C,26,MEM,19,17,527,14.3,26.3,0.545,0.5,1.7,0.278,13.9,24.6,0.563,6.6,8.6,0.769,4.9,14.2,19.1,3.9,0.6,2.8,4.8,6,35.7,109,105
660,490,Jarred Vanderbilt,PF,19,DEN,17,0,69,6.4,13.5,0.474,0,0.7,0,6.4,12.8,0.5,4.3,7.1,0.6,5,11.4,16.4,2.1,4.3,0.7,5.7,5.7,17.1,90,101
661,491,Fred VanVleet,PG,24,TOR,64,28,1760,6.7,16.3,0.41,3,8.1,0.378,3.6,8.3,0.441,2.6,3.1,0.843,0.6,4,4.5,8.4,1.6,0.5,2.2,3,19.1,114,110
662,492,Noah Vonleh,PF,23,NYK,68,57,1722,5.8,12.3,0.47,1.3,3.8,0.336,4.5,8.5,0.531,3.1,4.4,0.712,3.2,11.6,14.8,3.6,1.3,1.4,2.5,4.9,16,111,111
663,493,Nikola Vucevic,C,28,ORL,80,80,2510,13.7,26.4,0.518,1.6,4.5,0.364,12,21.9,0.549,3.5,4.4,0.789,4.4,14.3,18.7,6,1.6,1.7,3.1,3.1,32.5,115,103
664,494,Dwyane Wade,SG,37,MIA,72,2,1885,10.8,24.9,0.433,2.2,6.8,0.33,8.6,18.1,0.472,4.3,6,0.708,1.8,5.6,7.4,7.8,1.5,1,4.3,3.1,28.1,102,109
665,495,Moritz Wagner,C,21,LAL,43,5,446,7.4,17.8,0.415,2.3,8,0.286,5.1,9.8,0.521,4.5,5.5,0.811,1.8,7.1,8.9,2.5,1.1,1.4,4.1,5.9,21.6,96,110
666,496,Dion Waiters,SG,27,MIA,44,28,1138,8.5,20.5,0.414,4.7,12.4,0.377,3.8,8.1,0.471,0.9,1.9,0.5,0.3,4.7,5,5.2,1.2,0.4,2.7,3.1,22.6,102,111
667,497,Kemba Walker,PG,28,CHO,82,82,2863,12.4,28.6,0.434,4.4,12.4,0.356,8,16.2,0.494,6.5,7.6,0.844,0.9,5.2,6.1,8.2,1.7,0.6,3.6,2.2,35.7,112,114
668,498,Lonnie Walker,SG,20,SAS,17,0,118,6.6,19,0.348,2.1,5.4,0.385,4.6,13.7,0.333,3.3,4.1,0.8,0,7,7,3.7,2.9,1.2,1.7,2.9,18.6,93,107
669,499,John Wall,PG,28,WAS,32,32,1104,10.5,23.7,0.444,2.2,7.2,0.302,8.3,16.4,0.507,5.2,7.5,0.697,0.6,4.3,5,12,2.1,1.2,5.2,3,28.4,104,114
670,500,Tyrone Wallace,PG,24,LAC,62,0,628,6.9,16.3,0.424,0.3,1.4,0.211,6.6,14.9,0.444,2.3,4.3,0.526,1.5,6.1,7.6,3.2,1.6,0.5,2.7,6.2,16.4,89,112
671,501,Brad Wanamaker,PG,29,BOS,36,0,343,7,14.7,0.476,2.2,5.5,0.41,4.8,9.3,0.515,3.4,3.9,0.857,0.4,5.3,5.8,7.9,1.7,0.3,2.7,4.8,19.7,118,110
672,502,T.J. Warren,SF,25,PHO,43,36,1360,10.4,21.5,0.486,2.7,6.3,0.428,7.7,15.1,0.51,3.5,4.4,0.815,1.1,5,6.1,2.2,1.8,1,1.8,4.2,27.1,111,116
673,503,Julian Washburn,SF,27,MEM,18,3,254,3.1,9.4,0.333,1,4.7,0.208,2.2,4.7,0.458,0.6,0.8,0.75,1.6,6.5,8,2.7,2.5,0.4,1.4,3.1,7.8,89,108
674,504,Yuta Watanabe,SF,24,MEM,15,0,174,4.3,14.6,0.294,0.6,4.6,0.125,3.7,10,0.371,2,2.9,0.7,1.1,7.7,8.9,2.3,1.1,0.3,1.7,3.1,11.1,76,111
675,505,Thomas Welsh,C,22,DEN,11,0,36,9.6,17.7,0.538,4.1,9.6,0.429,5.5,8.2,0.667,1.4,2.7,0.5,0,5.5,5.5,6.8,0,0,1.4,4.1,24.6,130,115
676,506,Russell Westbrook,PG,30,OKC,73,73,2630,11.2,26.1,0.428,2.1,7.3,0.29,9.1,18.8,0.481,5.3,8,0.656,1.9,12.4,14.3,13.9,2.5,0.6,5.8,4.3,29.7,105,103
677,507,Derrick White,PG,24,SAS,67,55,1728,7.3,15.3,0.479,1.4,4,0.338,6,11.3,0.529,2.7,3.5,0.772,1,6,7,7.4,1.9,1.3,2.7,4.1,18.7,111,110
678,508,Okaro White,PF,26,WAS,3,0,6,0,15.8,0,0,15.8,0,0,0,,0,0,,7.9,7.9,15.8,0,0,0,0,0,0,40,118
679,509,Hassan Whiteside,C,29,MIA,72,53,1674,11.3,19.8,0.571,0.1,0.5,0.125,11.3,19.4,0.581,3.2,7.1,0.449,7.5,16.3,23.8,1.6,1.3,4,2.8,5.6,25.9,112,99
680,510,Andrew Wiggins,SF,23,MIN,73,73,2543,9.4,22.8,0.412,2.2,6.6,0.339,7.2,16.2,0.441,3.9,5.6,0.699,1.6,5.1,6.6,3.5,1.3,0.9,2.6,2.9,24.9,100,115
681,511,Alan Williams,PF,26,BRK,5,0,26,14.6,23.8,0.615,0,1.8,0,14.6,22,0.667,3.7,7.3,0.5,7.3,27.5,34.8,5.5,1.8,0,1.8,3.7,33,128,98
682,512,C.J. Williams,SG,28,MIN,15,0,128,6.4,13.1,0.486,1.9,6,0.313,4.5,7.1,0.632,0,0.4,0,0.4,2.6,3,4.5,2.2,0,1.9,6,14.6,107,115
683,513,Johnathan Williams,C,23,LAL,24,0,372,8.1,13.8,0.591,0,0.3,0,8.1,13.5,0.602,3.4,6,0.563,6,6.4,12.4,1.6,1,0.9,2,7.8,19.6,120,111
684,514,Kenrich Williams,SF,24,NOP,46,29,1079,4.6,12,0.384,2.2,6.7,0.333,2.4,5.3,0.447,0.6,0.8,0.684,2.4,7.1,9.4,3.6,1.9,0.8,1.6,4.1,12,105,112
685,515,Lou Williams,SG,32,LAC,75,1,1993,11.5,26.9,0.425,2.5,6.9,0.361,9,20.1,0.447,10.1,11.5,0.876,0.9,4.3,5.3,9.5,1.3,0.3,4.3,1.9,35.5,112,114
686,516,Marvin Williams,PF,32,CHO,75,75,2133,6.3,14.9,0.422,3.2,8.7,0.366,3.1,6.2,0.5,1.5,2,0.767,1.7,7.5,9.3,2.1,1.6,1.4,1.1,3.6,17.2,112,111
687,517,Robert Williams,C,21,BOS,32,2,283,6.1,8.7,0.706,0,0,,6.1,8.7,0.706,1.5,2.6,0.6,4.6,9.2,13.8,1.2,1.5,6.8,1.7,6.1,13.8,132,100
688,518,Troy Williams,SF,24,SAC,21,0,312,6.6,14.6,0.449,2.1,6.6,0.318,4.5,8.1,0.556,1.3,2.2,0.6,1.8,7,8.8,1.6,1.5,1.2,1.3,5.5,16.6,106,111
689,519,D.J. Wilson,PF,22,MIL,48,3,882,5.5,13.2,0.414,2.4,6.7,0.362,3.1,6.5,0.468,1.4,2.5,0.553,2.4,9.3,11.7,2.7,0.9,1.1,1.7,4.5,14.8,106,106
690,520,Justise Winslow,SF,22,MIA,66,52,1959,8.1,18.7,0.433,2.4,6.4,0.375,5.7,12.3,0.462,2.1,3.4,0.628,1.6,7.3,8.9,7,1.8,0.5,3.5,4.4,20.7,102,108
691,521,Christian Wood,PF,23,TOT,21,2,251,11.3,21.7,0.521,1.7,4.8,0.346,9.6,16.9,0.571,7.6,10.4,0.732,3.1,12.2,15.4,1.5,1.3,1.9,3.1,3.1,31.8,114,107
692,521,Christian Wood,PF,23,MIL,13,0,62,9,18.7,0.48,2.2,3.7,0.6,6.7,15,0.45,7.5,11.2,0.667,3,12,15,1.5,0,0,2.2,2.2,27.7,115,108
693,521,Christian Wood,PF,23,NOP,8,2,189,12,22.6,0.533,1.5,5.2,0.286,10.6,17.5,0.606,7.6,10.1,0.756,3.2,12.3,15.5,1.5,1.7,2.5,3.4,3.4,33.2,114,107
694,522,Delon Wright,PG,26,TOT,75,13,1699,6.9,16,0.434,1.4,4.8,0.298,5.5,11.2,0.492,3.4,4.3,0.793,2,5.7,7.6,7.1,2.5,0.9,2.2,3,18.7,112,107
695,522,Delon Wright,PG,26,TOR,49,2,897,6.8,15.7,0.433,1.6,4.8,0.333,5.2,10.8,0.478,2.8,3.3,0.869,2.1,4.6,6.7,5.9,2.5,0.8,2,2.8,18,113,107
696,522,Delon Wright,PG,26,MEM,26,11,802,7.1,16.4,0.434,1.2,4.8,0.256,5.9,11.6,0.508,4.1,5.5,0.742,1.8,6.9,8.7,8.6,2.6,0.9,2.5,3.1,19.6,110,107
697,523,Guerschon Yabusele,PF,23,BOS,41,1,251,6.7,14.8,0.455,1.7,5.4,0.321,5,9.4,0.531,2.9,4.2,0.682,4.4,5.8,10.2,2.9,1.5,1.3,2.9,6.1,18,108,109
698,524,Nick Young,SG,33,DEN,4,0,37,4,11.9,0.333,4,10.6,0.375,0,1.3,0,0,0,,0,1.3,1.3,2.7,0,1.3,2.7,5.3,11.9,89,115
699,525,Thaddeus Young,PF,30,IND,81,81,2489,8.7,16.5,0.527,1,2.9,0.349,7.7,13.7,0.564,1.7,2.7,0.644,3.8,6.5,10.3,4,2.4,0.7,2.4,3.8,20.1,113,106
700,526,Trae Young,PG,20,ATL,81,81,2503,9.7,23.2,0.418,2.9,8.9,0.324,6.8,14.3,0.477,6.3,7.6,0.829,1.2,4.4,5.6,12.1,1.3,0.3,5.7,2.6,28.6,107,117
701,527,Cody Zeller,C,26,CHO,49,47,1243,7.4,13.5,0.551,0.2,0.9,0.273,7.2,12.6,0.57,4.3,5.5,0.787,4.3,8.7,13,4,1.5,1.6,2.4,6.4,19.4,123,111
702,528,Tyler Zeller,C,29,TOT,6,1,93,8.5,15.9,0.533,0,0.5,0,8.5,15.4,0.552,7.4,9.5,0.778,5.8,6.9,12.7,2.1,0.5,1.6,2.1,10.6,24.4,123,111
703,528,Tyler Zeller,C,29,ATL,2,0,11,0,8.4,0,0,4.2,0,0,4.2,0,0,0,,8.4,16.8,25.2,4.2,0,0,0,16.8,0,82,112
704,528,Tyler Zeller,C,29,MEM,4,1,82,9.7,17,0.571,0,0,,9.7,17,0.571,8.5,10.9,0.778,5.5,5.5,10.9,1.8,0.6,1.8,2.4,9.7,27.9,126,111
705,529,Ante iic,C,22,CLE,59,25,1082,8.4,15.2,0.553,0,0,,8.4,15.2,0.553,4.3,6.1,0.705,5,9.7,14.7,2.4,0.6,1,2.8,5.2,21.1,116,117
706,530,Ivica Zubac,C,21,TOT,59,37,1040,9.6,17.1,0.559,0,0,,9.6,17.1,0.559,4.6,5.7,0.802,5.2,11.1,16.3,2.8,0.6,2.3,3.2,6.2,23.7,116,108
707,530,Ivica Zubac,C,21,LAL,33,12,516,10.1,17.4,0.58,0,0,,10.1,17.4,0.58,5.1,6,0.864,4.9,9.7,14.6,2.3,0.4,2.4,3,6.6,25.3,120,109
708,530,Ivica Zubac,C,21,LAC,26,25,524,9,16.8,0.538,0,0,,9,16.8,0.538,4,5.4,0.733,5.5,12.5,18,3.4,0.9,2.2,3.3,5.8,22,113,108
