"","player","age","attempts_0_10","percent_0_10","attempts_dunk","x_of_fg_ast_d_2p","attempts_10_3p","percent_10_3p","attempts_corner","corner_3s_3p","attempted_3p","percentage_3p","x_of_fg_ast_d_3p","ft_rate","percentage_ft","ast","tov_percentage","blk_percentage","stl_percentage","pf","orb_percentage","drb_percentage","WEIGHT","FEET","INCHES","HEIGHT.in"
"1","Aaron Gordon",23,8.8658,0.569380743982494,2.1146,0.504,15.229,0.0940382165605095,1.6064,0.402,6.4,0.349,0.843,0.242,0.731,5.4,12.3,1.8,1.1,3.2,5.2,18.4,NA,NA,NA,NA
"2","Aaron Holiday",22,5.8212,0.506214285714286,0.2178,0.387,9.4446,0.183805031446541,0.9792,0.385,9.6,0.339,0.791,0.191,0.82,6.6,12.3,1.8,1.6,5.4,0.9,10.4,NA,NA,NA,NA
"3","Abdel Nader",25,7.279,0.528067729083665,0.406,0.492,12.3975,0.0111111111111111,2.68,0.375,6.7,0.32,0.969,0.167,0.75,1.3,10.1,1.5,1.3,4.6,2,15.7,NA,NA,NA,NA
"4","Al-Farouq Aminu",28,5.7,0.566789473684211,0.9875,0.516,10.0875,0.0168351920693928,1.8349,0.356,5.9,0.343,1,0.292,0.867,2.2,9.7,1.2,1.4,3,5.3,22.6,NA,NA,NA,NA
"5","Al Horford",32,7.9473,0.649412026726058,1.2744,0.752,12.2307,0.206422575976845,0.47,0.263,5,0.36,1,0.131,0.821,6.9,11.8,3.9,1.4,3.1,6.5,18.3,NA,NA,NA,NA
"6","Alec Burks",27,7.774,0.491071739130435,0.4225,0.42,12.6243,0.0678313253012048,1.176,0.364,6,0.363,0.77,0.297,0.823,4.6,10.8,1.3,1.4,3.2,2.3,17,NA,NA,NA,NA
"7","Álex Abrines",25,1.5875,0.5,0.075,0.8,2.8625,0.139834061135371,2.0705,0.385,10.1,0.323,0.951,0.083,0.923,1.6,7.9,0.9,1.3,4.2,0.9,7.8,NA,NA,NA,NA
"8","Alex Caruso",24,8.2536,0.489662983425414,0.6992,0.415,14.2272,0.0433333333333333,0.968,0.273,4.4,0.48,0.667,0.37,0.797,6.7,17.3,1.4,2.1,4.7,4,9,NA,NA,NA,NA
"9","Alex Len",25,12.125,0.5802208,4.171,0.72,21.8832,0.0149574468085106,2.928,0.378,6.1,0.363,0.986,0.333,0.648,2.6,11.5,3.9,0.8,6,10.5,18.5,NA,NA,NA,NA
"10","Alex Poythress",25,8.4993,0.553629522431259,2.2755,0.71,16.0884,0,2.436,0.438,3.5,0.391,1,0.358,0.621,2.6,12.2,2.8,0.6,7.1,9.8,16.6,NA,NA,NA,NA
"11","Alfonzo McKinnie",26,6.435,0.61789898989899,1.794,0.717,11.687,0.0322313681868743,2.8448,0.333,5.6,0.356,1,0.175,0.563,1.5,9.2,1.3,0.9,6.4,9,16.9,NA,NA,NA,NA
"12","Alize Johnson",22,8.3936,0.272723837209302,0,0,11.4436,0,0.75,1,1.5,0.5,1,0.5,0.5,0.8,0,4.2,0.8,5.4,7.1,25.5,NA,NA,NA,NA
"13","Allen Crabbe",26,2.1823,0.422043165467626,0,0.872,3.4383,0.207990867579909,2.1909,0.519,10.9,0.378,0.99,0.15,0.732,1.9,10.4,0.9,1,4.3,1.5,12.2,NA,NA,NA,NA
"14","Allonzo Trier",23,7.7121,0.530310421286031,0.2907,0.267,14.2443,0.130158463385354,0.6996,0.333,4.4,0.394,0.635,0.431,0.803,3.9,15.8,0.8,0.9,3.9,2.2,12.2,NA,NA,NA,NA
"15","Amile Jefferson",25,11.5,0.625,0,0.7,20.125,0,0,NA,0,NA,NA,0.5,0.875,2.2,4.9,3.7,2.2,5.8,9.3,24,NA,NA,NA,NA
"16","Amir Johnson",31,9.898,0.57690099009901,1.246,0.687,15.876,0.0167548500881834,0.63,0.143,3.6,0.3,1,0.261,0.756,5.4,20.5,1.9,1.4,8.8,9.7,19.5,NA,NA,NA,NA
"17","Andre Drummond",25,18.0908,0.56112676056338,3.6064,0.57,30.3212,0.00672527472527473,0.0924,0,0.7,0.132,0.8,0.392,0.59,2.1,12.4,4.4,2.5,5.1,16.8,34.7,NA,NA,NA,NA
"18","Andre Iguodala",35,3.5854,0.772751269035533,2.0748,0.757,6.7158,0.0493130081300813,1.763,0.407,4.3,0.333,0.958,0.222,0.582,6.5,13.6,2.7,1.8,2.9,3.4,13.2,NA,NA,NA,NA
"19","Andrew Bogut",34,11.0208,0.516087108013937,2.1376,0.611,18.8416,0.0377038043478261,0,NA,0,NA,NA,0.083,1,3.9,17.7,5,1.1,7.8,10,32.8,NA,NA,NA,NA
"20","Andrew Harrison",24,4.7121,0.499926253687316,0.2641,0.182,8.1176,0.0643835616438356,1.04,0.25,6.5,0.2,0.6,0.34,0.944,6.3,16.5,0.9,1.1,8.9,3.4,8.5,NA,NA,NA,NA
"21","Andrew Wiggins",23,9.348,0.521292682926829,0.8436,0.45,15.3672,0.149894658753709,1.0824,0.474,6.6,0.339,0.814,0.245,0.699,3.5,9.3,1.6,1.3,2.9,3.5,11.4,NA,NA,NA,NA
"22","Anfernee Simons",19,7.1928,0.571333333333333,0,0.222,9.5904,0.214,1.72,0.4,10,0.345,0.6,0.254,0.563,4.5,13.6,0,0.3,3.1,2.3,7.4,NA,NA,NA,NA
"23","Ante Žižic",22,12.996,0.575830409356725,1.2464,0.683,21.584,0.0426232394366197,0,NA,0,NA,NA,0.399,0.705,2.4,13.6,1.8,0.6,5.2,10.6,22.8,NA,NA,NA,NA
"24","Anthony Davis",25,15.093,0.625671794871795,4.128,0.618,24.5874,0.108440713536201,0.2232,0.556,3.6,0.331,1,0.422,0.794,5.5,8.4,6,2.2,3.3,9.9,27.5,NA,NA,NA,NA
"25","Anthony Tolliver",33,1.518,0.411363636363636,0.2185,0.611,2.5875,0.06852,2.5175,0.351,9.5,0.377,1,0.232,0.783,2,11.2,1.7,0.8,4,1.5,16.2,NA,NA,NA,NA
"26","Antonio Blakeney",22,7.5168,0.53108950617284,0.5336,0.385,11.1592,0.32564656964657,2.2154,0.5,5.3,0.396,0.833,0.192,0.658,2.5,7.5,0.9,0.7,2.4,0.9,13.1,NA,NA,NA,NA
"27","Aron Baynes",32,8.1089,0.536476575121163,1.5851,0.667,14.1611,0.0416281221091582,0.648,0.364,3.6,0.344,1,0.278,0.855,3.3,13.8,3.7,0.7,7.3,11.4,19.8,NA,NA,NA,NA
"28","Austin Rivers",26,5.3978,0.537631979695432,0.0411,0.313,8.3707,0.0190147299509002,1.6458,0.333,7.8,0.318,0.683,0.166,0.526,4,10,1,1.1,4.9,1.3,7.5,NA,NA,NA,NA
"29","Avery Bradley",28,3.9672,0.434061302681992,0.0456,0.611,6.4144,0.363184834123223,2.1899,0.386,6.1,0.351,0.86,0.082,0.86,3.8,12.4,0.7,1,4.2,2.5,7.3,NA,NA,NA,NA
"30","B.J. Johnson",23,5.661,0.5,0.952,0.5,9.435,0.300700900900901,2.8314,0.667,6.6,0.429,1,0.111,1,0,9.6,0,1.9,3.8,4.2,13.2,NA,NA,NA,NA
"31","Bam Adebayo",21,10.106,0.626253987730061,3.1868,0.7,17.1988,0.0429610670511896,0.1068,0,0.4,0.2,0.667,0.465,0.735,4.7,17.1,3,1.8,5.2,9.2,24,NA,NA,NA,NA
"32","Ben McLemore",25,3.5532,0.332446808510638,0.5859,0.875,5.9157,0.200012779552716,3.8357,0.308,12.1,0.415,0.941,0.188,0.667,1.2,6.7,1.6,1.8,6.5,1.9,9.4,NA,NA,NA,NA
"33","Ben Simmons",22,15.0696,0.602784838350056,2.604,0.435,24.6624,0.0149107629427793,0,NA,0.1,0,NA,0.446,0.6,10.7,19.3,1.8,2,3.7,6.9,20,NA,NA,NA,NA
"34","Billy Garrett",24,4.5954,0.833,0,0.455,9.1908,0.500333333333333,0,NA,6.1,0,NA,0.148,1,5.4,6.5,1.3,0.8,2.3,0,5.1,NA,NA,NA,NA
"35","Bismack Biyombo",26,8.4487,0.602791044776119,2.2407,0.764,14.7246,0.0295289855072464,0,NA,0,NA,NA,0.583,0.637,2,14.8,4.6,0.7,6.4,11,23.3,NA,NA,NA,NA
"36","Blake Griffin",29,13.2048,0.569639312977099,0.7812,0.34,20.3364,0.0279479553903346,1.7444,0.398,9.8,0.362,0.561,0.41,0.753,7.6,13.8,0.9,1,3.7,4,20.1,NA,NA,NA,NA
"37","Boban Marjanovic",30,14.76,0.647926829268293,2.844,0.66,24.804,0.0501930333817126,0.21,1,0.7,0.4,1,0.504,0.748,3.7,15.7,3.1,1.1,6.2,14,26.9,NA,NA,NA,NA
"38","Bobby Portis",23,11.7348,0.510748031496063,1.0626,0.534,18.018,0.0836717948717949,0.735,0.35,7,0.393,1,0.154,0.794,2.7,9.9,1.3,1.3,5.3,9,24.9,NA,NA,NA,NA
"39","Bogdan Bogdanovic",26,7.1688,0.489758620689655,0.103,0.383,10.6296,0.18,0.9345,0.359,8.9,0.36,0.791,0.188,0.827,6.4,11.1,0.7,1.7,3.4,2.1,11,NA,NA,NA,NA
"40","Bojan Bogdanovic",29,8.94,0.579677852348993,0.58,0.642,15,0.109434666666667,2.1024,0.495,7.3,0.425,0.921,0.29,0.807,3.1,10.2,0,1.3,2.6,1.5,12.7,NA,NA,NA,NA
"41","Bonzie Colson",23,7.104,0.467046875,1.4245,0.875,13.2645,0.0362622036262204,3.81,0.25,10,0.238,1,0.231,0.889,1.4,6.5,0.9,2.4,1.4,8.8,21.5,NA,NA,NA,NA
"42","Brad Wanamaker",29,5.586,0.6,0,0.412,8.379,0.1667,0.143,0,5.5,0.41,0.75,0.267,0.857,7.9,13.9,0.5,1.7,4.8,0.9,11.8,NA,NA,NA,NA
"43","Bradley Beal",25,9.6012,0.624821522309711,1.0584,0.425,16.6824,0.16112084592145,1.3113,0.417,9.3,0.351,0.718,0.278,0.808,7,11,1.6,1.9,3.5,3.1,11.7,NA,NA,NA,NA
"44","Brandon Goodwin",23,9.4644,0.363571129707113,0,0.25,13.761,0,0,NA,5.2,0.333,1,0.478,0.818,12.1,9.7,0,0,6,1.9,3.8,NA,NA,NA,NA
"45","Brandon Ingram",21,10.1325,0.595019047619048,1.2159,0.363,16.6945,0.162974566473988,1.0375,0.359,2.5,0.33,0.903,0.396,0.675,4.1,13.1,1.4,0.7,3.9,2.5,13,NA,NA,NA,NA
"46","Brandon Knight",27,4.4975,0.418054474708171,0,0.207,6.58,0.306851063829787,1.2789,0.211,8.7,0.318,0.585,0.131,0.794,4.8,9.8,0.2,1.4,4.2,1.4,7.7,NA,NA,NA,NA
"47","Brandon Sampson",21,6.5824,0.585993801652893,0.68,0.765,10.2136,0,2.046,0.444,6.6,0.379,0.909,0.1,0.667,2.3,16.1,1.2,1.8,4.3,1.5,6.7,NA,NA,NA,NA
"48","Brook Lopez",30,4.3018,0.651098540145985,0.8949,0.649,7.0179,0.0798322147651007,1.4586,0.397,10.2,0.365,0.952,0.169,0.842,2,8.9,6.5,1,3.8,1.5,15,NA,NA,NA,NA
"49","Bruce Brown",22,7.1155,0.46416992481203,0.7811,0.614,11.4383,0.0118101028999065,1.4464,0.357,3.2,0.258,0.958,0.191,0.75,3.1,11.9,2.1,1.4,6.1,3.5,10.7,NA,NA,NA,NA
"50","Bruno Caboclo",23,5.544,0.505787878787879,0.742,0.667,9.408,0.0193452380952381,3.24,0.327,8.1,0.369,0.979,0.222,0.84,3.1,13.3,3.9,0.9,5,5.8,16.5,NA,NA,NA,NA
"51","Bryn Forbes",25,3.6792,0.514876712328767,0.0672,0.546,5.4264,0.375578947368421,1.0208,0.563,8.8,0.426,0.847,0.099,0.885,3.7,8.8,0.1,1,3.4,0.9,10.4,NA,NA,NA,NA
"52","Buddy Hield",26,6.7518,0.533512544802867,0.6292,0.504,11.3498,0.224669509594883,2.2504,0.516,11.6,0.427,0.842,0.142,0.886,3.6,9.2,1.1,1,3.6,4.1,12.4,NA,NA,NA,NA
"53","C.J. Miles",31,3.6256,0.406597087378641,0.2288,0.667,5.896,0.182925373134328,2.6105,0.391,11.5,0.33,0.97,0.186,0.828,2,8.2,1.5,1.5,4.5,1.7,10.3,NA,NA,NA,NA
"54","C.J. Williams",28,4.8601,0.538390835579515,0.3799,0.5,7.4801,0.251138353765324,1.5,0,6,0.313,0.6,0.029,0,4.5,12.4,0,2.2,6,0.8,5.9,NA,NA,NA,NA
"55","Caleb Swanigan",21,9.438,0.457284848484848,0.8151,0.471,14.5574,0.0185373280943026,1.0849,0.25,1.9,0.143,1,0.17,0.667,3,24,0.5,1.6,7.6,10.2,27.6,NA,NA,NA,NA
"56","Cameron Payne",24,6.4566,0.563661137440758,0,0.296,10.2357,0.120711509715994,1.0382,0.4,5.8,0.298,0.64,0.184,0.805,7.3,15.7,1.1,1.9,4.4,2,9.2,NA,NA,NA,NA
"57","Cameron Reynolds",23,2.7648,0.4,0.7344,0.75,4.608,0.2408125,2.9516,0.375,9.4,0.412,0.952,0.115,0.889,2.4,5.7,0.7,1.1,4.8,1.6,11.3,NA,NA,NA,NA
"58","Caris LeVert",24,12.1608,0.507497335701598,0.756,0.314,19.0944,0.0491504524886878,0.6279,0.357,6.9,0.312,0.458,0.255,0.691,7,11.4,1,1.9,3.4,3.5,11.4,NA,NA,NA,NA
"59","Carmelo Anthony",34,4.343,0.576925581395349,0.3434,0.429,7.3528,0.295076923076923,0.5029,0.333,10.7,0.328,0.905,0.182,0.682,0.8,5.8,2,0.7,5.3,3.3,17.3,NA,NA,NA,NA
"60","Cedi Osman",23,6.966,0.523459259259259,0.2064,0.5,11.9024,0.0875361271676301,1.786,0.318,7.6,0.348,0.838,0.214,0.779,4,11,0.4,1.2,4,2,14.8,NA,NA,NA,NA
"61","Chandler Hutchison",22,7.8309,0.537528138528139,1.0283,0.622,12.7464,0.0168882978723404,1.188,0.273,2.7,0.28,1,0.182,0.605,1.8,10,0.6,1.2,3.2,3.7,18.9,NA,NA,NA,NA
"62","Chandler Parsons",30,5.4054,0.500037037037037,0.091,0.667,8.6086,0.139674418604651,2.0962,0.238,9.4,0.309,0.828,0.137,0.88,4.3,14.2,1,1.9,4.5,0.9,15.2,NA,NA,NA,NA
"63","Channing Frye",35,2.04,0.429116666666667,0.289,0.727,2.771,0.262699386503068,0.874,0.5,11.5,0.405,0.969,0.12,0.786,2.9,9.5,1.3,0.9,6.4,1.2,16.4,NA,NA,NA,NA
"64","Chasson Randle",25,5.3406,0.5,0.069,0.533,8.901,0.0214852713178295,1.5257,0.333,7.3,0.4,0.696,0.286,0.694,6.2,15,0.3,1.6,5.8,1.4,6.8,NA,NA,NA,NA
"65","Cheick Diallo",22,10.8852,0.665056994818653,1.3536,0.826,17.6532,0.0825111821086262,0.1,0,0.2,0.25,1,0.247,0.746,1.7,14,3,1.5,5.9,8.8,29.3,NA,NA,NA,NA
"66","Chimezie Metu",21,11.778,0.485367549668874,2.3595,0.632,15.483,0.0433249370277078,0,NA,0.7,0,NA,0.293,0.765,4.4,18.6,1.2,2,4.7,6.8,20.1,NA,NA,NA,NA
"67","Chris Boucher",26,11.15,0.5784,3.2335,0.636,19.3564,0,2.0601,0.429,10.9,0.324,1,0.197,0.867,0.6,7.8,12.2,1.8,9.1,10.9,25.8,NA,NA,NA,NA
"68","Chris Chiozza",23,2.975,0,0,NA,2.975,0,2.96,0.5,7.4,0.4,1,0,NA,5.9,11.1,2.6,1.5,3,3.3,10.3,NA,NA,NA,NA
"69","Chris Paul",33,4.066,0.467915887850467,0,0.057,5.605,0.484722033898305,1.5322,0.345,9.4,0.358,0.252,0.282,0.862,12.5,15.8,0.8,3,3.9,2.1,13.9,NA,NA,NA,NA
"70","Christian Wood",23,14.6475,0.594874074074074,4.4485,0.673,23.9134,0.0385508166969147,0.9216,0.2,4.8,0.346,1,0.479,0.732,1.5,10.7,3.2,1.3,3.1,7.2,26.5,NA,NA,NA,NA
"71","CJ McCollum",27,8.4249,0.506945945945946,0.2783,0.356,13.0548,0.30256976744186,0.819,0.5,9.1,0.375,0.731,0.154,0.828,4.2,7.4,0.9,1.1,3.5,2.9,9.7,NA,NA,NA,NA
"72","Clint Capela",24,15.84,0.654151515151515,5.616,0.812,27.84,0,0,NA,0,NA,NA,0.357,0.636,2.1,10,3.9,1,3.7,14.4,27.6,NA,NA,NA,NA
"73","Cody Zeller",26,11.7855,0.594441008018328,1.8765,0.745,19.143,0.0102976022566996,0,NA,0.9,0.273,1,0.409,0.787,4,13.2,2.9,1.5,6.4,9.4,19.7,NA,NA,NA,NA
"74","Collin Sexton",20,9.246,0.482378109452736,0.161,0.318,15.364,0.205904191616766,0.644,0.324,5.6,0.402,0.639,0.211,0.839,4.6,12.3,0.2,0.8,3.5,2.3,8,NA,NA,NA,NA
"75","Corey Brewer",32,6.5637,0.536475935828877,0.6669,0.718,11.5128,0.0166666666666667,1.6212,0.294,4.2,0.318,1,0.35,0.721,3.7,11.8,1.2,3,6,5.4,10.7,NA,NA,NA,NA
"76","Cory Joseph",27,4.004,0.509318181818182,0,0.269,5.902,0.342246696035242,0.8856,0.351,4.1,0.322,0.927,0.078,0.698,7.6,12.4,0.9,2.2,3.1,2.1,12.6,NA,NA,NA,NA
"77","Courtney Lee",33,3.5186,0.548597510373444,0.2336,0.649,5.8984,0.384720297029703,2.0274,0.5,6.2,0.291,0.813,0.163,0.667,4.2,9.2,0.6,2.4,3.6,2.2,11.2,NA,NA,NA,NA
"78","Cristiano Felício",26,10.3124,0.559456692913386,1.682,0.695,18.3512,0.0213337547408344,0,NA,0.3,0,NA,0.408,0.685,2.4,13.5,0.8,0.7,4.5,11.4,20.5,NA,NA,NA,NA
"79","D'Angelo Russell",22,8.673,0.495520408163265,0.0885,0.155,12.7145,0.311837587006961,0.9102,0.468,12.3,0.369,0.53,0.135,0.78,10.9,13.6,0.6,1.9,2.7,2.3,11.2,NA,NA,NA,NA
"80","D.J. Augustin",31,5.8984,0.539858910891089,0.0146,0.182,9.7966,0.0860014903129657,1.1658,0.519,6.7,0.421,0.641,0.309,0.866,9.2,14.3,0.1,1.1,2.5,1.9,7.8,NA,NA,NA,NA
"81","D.J. Wilson",22,4.7916,0.505512396694215,1.2672,0.776,7.9464,0.0797674418604651,2.6398,0.38,6.7,0.362,0.957,0.187,0.553,2.7,10.5,1.9,0.9,4.5,5.5,19.2,NA,NA,NA,NA
"82","Dairis Bertans",29,0.2751,0,0,0.5,0.2751,2.02785714285714,1.957,0.286,9.5,0.294,1,0,NA,2.8,4.1,0,0.3,1.9,1.3,4.3,NA,NA,NA,NA
"83","Damian Jones",23,8.0238,0.739021436227224,4.3,0.887,14.7662,0.0157251019219569,0,NA,0,NA,NA,0.5,0.649,3.2,15.1,5.1,1.4,7.3,8.4,11,NA,NA,NA,NA
"84","Damian Lillard",28,9.694,0.523159459459459,0.6026,0.194,17.4754,0.143775112443778,0.55,0.313,11,0.369,0.46,0.335,0.912,9.4,10.8,1,1.5,2.5,2.6,11.1,NA,NA,NA,NA
"85","Damion Lee",26,3.6708,0.517175438596491,0,0.793,5.8282,0.304414364640884,3.1648,0.52,8.6,0.397,0.889,0.173,0.864,1.6,7.4,0,1.6,3.6,2.4,15.3,NA,NA,NA,NA
"86","Damyean Dotson",24,3.8136,0.486665198237885,0.168,0.567,6.5856,0.317382653061225,1.2464,0.5,8.2,0.368,0.881,0.14,0.745,3.2,8.7,0.4,1.4,3.2,1.7,12.2,NA,NA,NA,NA
"87","Daniel Hamilton",23,6.8,0.4332,0,0.267,10.88,0.041375,2.4856,0.364,5.2,0.348,1,0.1,0.5,5,20.3,0.4,1.4,4.3,5,19.5,NA,NA,NA,NA
"88","Daniel Theis",26,8.4318,0.672882943143813,3.0174,0.792,15.0588,0.0456395131086142,0.216,0,3.6,0.388,0.962,0.286,0.737,3.6,9.9,4.1,1.1,8.5,10.2,16.2,NA,NA,NA,NA
"89","Danilo Gallinari",30,6.7599,0.550747747747748,1.0556,0.464,11.4695,0.172288495575221,0.4335,0.421,8.5,0.433,0.845,0.459,0.904,4.1,8.5,0.9,1.1,3,2.9,18.1,NA,NA,NA,NA
"90","Danny Green",31,2.72,0.50742,0.0408,0.621,4.2704,0.157509554140127,3.8916,0.5,9.4,0.455,0.914,0.07,0.841,2.7,10.4,2,1.6,3.7,3,12.2,NA,NA,NA,NA
"91","Dante Cunningham",31,3.6769,0.542505643340858,0.5229,0.578,6.0922,0.0601008174386921,2.1454,0.415,3.4,0.462,0.967,0.114,0.778,2.6,11.7,1.2,1.4,3.7,5.7,16.3,NA,NA,NA,NA
"92","Dante Exum",23,12.354,0.455839436619718,1.1484,0.337,20.0796,0.0179159445407279,2.322,0.313,4.5,0.29,0.944,0.357,0.791,7.9,15.7,0.6,1,5,2.7,8.3,NA,NA,NA,NA
"93","Danuel House",25,3.5028,0.614079136690648,0.7938,0.773,6.2496,0.00806451612903226,3.8003,0.395,8.9,0.416,0.919,0.282,0.789,2,11,1,1.1,4,2.8,13.3,NA,NA,NA,NA
"94","Dario Šaric",24,6.6256,0.565856435643564,0.2296,0.742,11.5784,0.0552889518413598,1.2464,0.321,7.6,0.365,0.966,0.216,0.88,3,11.3,0.4,1.1,4.3,6.6,17.5,NA,NA,NA,NA
"95","Darius Miller",28,0.896,0.559471428571429,0.0256,0.625,1.2928,0.75870297029703,1.6128,0.361,9.6,0.365,0.932,0.147,0.789,3.9,10.3,1.1,1.1,4.4,0.8,6.6,NA,NA,NA,NA
"96","Darren Collison",31,4.71,0.521554140127389,0.03,0.319,8.46,0.325744680851064,1.43,0.54,4.4,0.407,0.734,0.288,0.832,10.5,14.4,0.4,2.5,3.1,1.9,9.9,NA,NA,NA,NA
"97","Daryl Macon",23,2.701,0.4002,0,0.2,4.3216,0.37525,0.5369,0,5.9,0.455,0.6,0.259,0.571,3.8,16.6,0,0.5,4.3,2.4,11.8,NA,NA,NA,NA
"98","David Nwaba",26,8.5536,0.547481481481481,0.8052,0.49,13.9392,0.0325217803030303,1.824,0.361,3.8,0.32,1,0.324,0.682,2.7,8.8,1.5,1.8,5.4,4.4,14.4,NA,NA,NA,NA
"99","Davis Bertans",26,1.9584,0.553875,0.272,0.831,2.9512,0.233184331797235,1.4039,0.596,10.1,0.429,0.986,0.132,0.883,3,8.2,1.7,1,4,1.6,16,NA,NA,NA,NA
"100","Davon Reed",23,4.1625,0.75,0,0.333,8.325,0,0,NA,4.2,0.5,1,0,NA,3.1,7.7,0,1,3.1,4.8,9.2,NA,NA,NA,NA
"101","De'Aaron Fox",21,10.7133,0.529739212007505,0.7839,0.172,16.3212,0.120816502463054,0.5418,0.3,4.2,0.371,0.523,0.378,0.727,10.8,15,1.5,2.4,3.7,1.7,10.8,NA,NA,NA,NA
"102","De'Anthony Melton",20,5.4188,0.490821510297483,0.3844,0.338,8.9032,0.0874428969359331,1.2604,0.385,4.6,0.305,1,0.109,0.75,7.7,21.8,1.9,3.3,5.5,2.8,12.5,NA,NA,NA,NA
"103","DeAndre' Bembry",24,9.4521,0.535718506998445,1.3671,0.484,16.5669,0.0186690328305235,1.1357,0.271,4.1,0.289,0.94,0.221,0.64,4.8,17.4,1.8,2.5,4.5,2.9,16.9,NA,NA,NA,NA
"104","Deandre Ayton",20,13.205,0.677735251798561,3.097,0.711,22.287,0.0968934356351236,0.025,0,0.1,0,NA,0.217,0.746,2.7,11.7,2.6,1.3,4.6,11.1,26.1,NA,NA,NA,NA
"105","DeAndre Jordan",30,10.335,0.655131282051282,4.6322,0.713,18.9634,0.00127892677473449,0,NA,0,NA,NA,0.592,0.705,3.7,21.4,3,1,4,11.7,35.2,NA,NA,NA,NA
"106","Delon Wright",26,9.712,0.528102141680395,0.368,0.323,16.128,0.0232728174603175,1.056,0.405,4.8,0.298,0.76,0.269,0.793,7.1,11,1.6,2.5,3,4.4,12.8,NA,NA,NA,NA
"107","DeMar DeRozan",29,10.8028,0.58916814159292,0.3585,0.276,15.9652,0.312432634730539,0.3912,0.273,0.8,0.156,1,0.336,0.83,8.6,11.7,1.1,1.6,3.2,2.2,16.4,NA,NA,NA,NA
"108","DeMarcus Cousins",28,15.2514,0.574971471471472,1.5343,0.566,24.7549,0.0249158186864015,0.2478,0,5.9,0.274,1,0.388,0.736,6.6,14.2,4.8,2.5,6.7,6.2,27,NA,NA,NA,NA
"109","DeMarre Carroll",32,5.5384,0.504741279069768,0.0805,0.62,8.8067,0.0664954296160877,2.6361,0.362,8.7,0.342,0.962,0.421,0.76,2.4,9.7,0.5,0.9,3.2,4.2,17.3,NA,NA,NA,NA
"110","Demetrius Jackson",24,7.28,0.667,1.2194,0.5,13.3406,0.181991814461119,1.2191,1,7.3,0.333,1,0.267,1,6.1,5.6,0,2.4,4.8,5.6,2.6,NA,NA,NA,NA
"111","Deng Adel",21,2.0424,0.374950450450451,0,0.6,3.3212,0.154432132963989,1.2803,0.2,5.9,0.261,1,0.111,1,1.3,13.7,1.8,0.3,3.3,1.6,9.6,NA,NA,NA,NA
"112","Dennis Schröder",25,8.8308,0.478257575757576,0.0223,0.165,14.4281,0.173471406491499,0.9855,0.388,7.3,0.341,0.798,0.206,0.819,6.5,12.5,0.4,1.3,3.8,1.6,11.3,NA,NA,NA,NA
"113","Dennis Smith Jr.",21,10.1783,0.525145790554415,1.0659,0.251,18.2248,0.0795366972477064,0.5829,0.333,6.7,0.322,0.642,0.24,0.635,8.1,17.6,1.1,2.1,4.1,2.2,8.7,NA,NA,NA,NA
"114","Deonte Burton",25,8.3316,0.465547709923664,0.9699,0.72,15.3117,0.0635109034267913,2.3532,0.167,5.3,0.296,1,0.146,0.667,1.8,9.3,2.8,1.2,6,1.7,10.7,NA,NA,NA,NA
"115","Derrick Favors",27,12.5328,0.679656836461126,4.3344,0.754,22.3776,0.0389459459459459,1.6422,0.213,2.1,0.218,1,0.368,0.675,2.4,10.5,4.8,1.5,4.4,12.9,21.3,NA,NA,NA,NA
"116","Derrick Jones Jr.",21,9.4256,0.573873546511628,3.1647,0.652,16.9469,0.0101050929668553,2.4414,0.368,3.9,0.308,1,0.377,0.607,1.6,10.2,3.3,1.9,5.2,8.8,13.3,NA,NA,NA,NA
"117","Derrick Rose",30,12.0435,0.542989247311828,0.0259,0.249,19.5545,0.209235761589404,0.72,0.524,5,0.37,0.685,0.212,0.856,7.6,9.1,0.7,1.1,2,2.5,8.3,NA,NA,NA,NA
"118","Derrick White",24,7.3593,0.555744282744283,0.4437,0.429,11.3679,0.166200538358008,0.62,0.318,4,0.338,0.833,0.227,0.772,7.4,14,2.3,1.9,4.1,2.2,13.3,NA,NA,NA,NA
"119","Devin Booker",22,9.7188,0.589274725274725,0.4005,0.295,15.8331,0.244600337268128,0.616,0.345,8.8,0.326,0.578,0.362,0.866,9.2,15.4,0.5,1.2,4.3,1.9,11.3,NA,NA,NA,NA
"120","Devin Harris",35,5.338,0.516735294117647,0,0.571,8.635,0.0473872727272727,1.729,0.316,9.1,0.31,0.871,0.386,0.761,5.5,12.1,1.3,1.6,6,1.2,9.9,NA,NA,NA,NA
"121","Devin Robinson",23,10.992,0.727176128093159,3.504,0.737,17.488,0.0857291857273559,0,NA,1,0,NA,0.438,0.643,3,5,5.3,2,5.5,6.7,16.2,NA,NA,NA,NA
"122","Devonte' Graham",23,4.2315,0.474498168498169,0,0.3,7.2385,0.118546038543897,1.3659,0.421,8.7,0.281,0.765,0.213,0.761,8.7,11.3,0.3,1.7,3.5,1.6,8.6,NA,NA,NA,NA
"123","Dewayne Dedmon",29,7.2933,0.614260869565217,1.9177,0.801,12.5783,0.0458427370948379,1.86,0.446,6.2,0.382,0.976,0.215,0.814,2.6,12.7,3.8,2,6.1,6.7,25,NA,NA,NA,NA
"124","Deyonta Davis",22,7.0348,0.77821760391198,3.913,0.8,12.9,0.0303333333333333,0.4,0,0.4,0,NA,0.455,0.6,2,10.2,3.7,1.2,4.7,8.7,23.7,NA,NA,NA,NA
"125","Dillon Brooks",23,8.9056,0.44099173553719,0.2944,0.647,14.7936,0.0817126865671642,0.9,0.333,6,0.375,1,0.246,0.733,2.4,12.3,1.1,1.5,7.5,3,7.6,NA,NA,NA,NA
"126","Dion Waiters",27,5.781,0.518397163120567,0,0.281,10.414,0.0779350393700787,3.5588,0.434,12.4,0.377,0.826,0.092,0.5,5.2,11.4,0.7,1.2,3.1,0.7,10.2,NA,NA,NA,NA
"127","Dirk Nowitzki",40,1.7175,0.359173333333333,0.1145,0.817,1.9694,1.88843023255814,1.225,0.35,12.5,0.312,1,0.133,0.78,2.1,4.3,1.9,0.5,4.6,0.7,20.5,NA,NA,NA,NA
"128","Domantas Sabonis",22,14.2104,0.650238219895288,1.3206,0.656,23.343,0.0639298804780877,0.088,0.333,0.5,0.529,1,0.416,0.715,5.6,16.2,1.5,1.3,6.4,11.5,29.8,NA,NA,NA,NA
"129","Donovan Mitchell",22,12.8592,0.474947368421053,0.6768,0.237,19.0068,0.137654302670623,1.1136,0.367,9.6,0.362,0.58,0.259,0.806,5.9,11.3,0.9,2,3.8,2.5,10.5,NA,NA,NA,NA
"130","Donte DiVincenzo",22,4.06,0.723275862068965,0.56,0.679,7.56,0.0296148148148148,1.927,0.294,9.4,0.265,0.909,0.097,0.75,3.5,12.8,1.2,1.5,4.3,4.2,11.4,NA,NA,NA,NA
"131","Dorian Finney-Smith",25,5.8437,0.573611479028698,1.7157,0.591,10.5393,0.0281162790697674,2.1452,0.318,6.2,0.311,0.962,0.195,0.709,2.3,11.4,1.5,1.7,4.5,7.5,13.4,NA,NA,NA,NA
"132","Doug McDermott",27,5.3746,0.65941547277937,0.6622,0.919,9.5018,0.100150729335494,2.8725,0.456,7.5,0.408,1,0.187,0.835,2.4,8.4,0.5,0.7,3.8,1.4,7.5,NA,NA,NA,NA
"133","Dragan Bender",21,5.3808,0.710169491525424,0.8094,0.682,9.6672,0,1.4906,0.231,5.8,0.218,1,0.274,0.593,3.2,14.4,2.2,1,5.2,4.5,20.3,NA,NA,NA,NA
"134","Draymond Green",28,4.7821,0.596300202839756,0.6208,0.702,8.2547,0.047283196239718,0.5054,0.455,3.8,0.285,0.936,0.216,0.692,10.5,26.8,2.8,2.2,4.5,3.2,20.8,NA,NA,NA,NA
"135","Drew Eubanks",21,11.2,0.576848,0.4256,0.733,14.2128,0,0,NA,0,NA,NA,0.5,0.846,3,20.1,3.7,0.9,4.8,5.8,26.8,NA,NA,NA,NA
"136","Duncan Robinson",24,2.128,0.857171052631579,0.602,0.875,3.948,0.152482269503546,2.4274,0.375,10.6,0.286,1,0.13,0.667,1.5,7.6,0,1.5,3.3,1.3,11.2,NA,NA,NA,NA
"137","Dwayne Bacon",23,7.7055,0.566715203426124,0.4455,0.607,12.4575,0.082671523178808,1.6744,0.462,5.6,0.437,0.737,0.179,0.739,3,6.1,0.6,0.8,4.6,1.1,11.7,NA,NA,NA,NA
"138","Dwight Howard",33,11.928,0.672191666666667,2.6696,0.744,20.7746,0.0395276828434723,0,NA,0,NA,NA,0.696,0.604,0.8,15.1,1.5,1.4,7,11.1,28.3,NA,NA,NA,NA
"139","Dwight Powell",27,9.9542,0.730323823109843,3.0672,0.841,18.1618,0.0032017200938233,0.3219,0.364,3.7,0.307,1,0.523,0.772,3.3,10.1,2.6,1.3,5.9,9.1,17.3,NA,NA,NA,NA
"140","Dwyane Wade",37,10.3086,0.554478260869565,0.4731,0.333,16.434,0.173080303030303,1.8224,0.429,6.8,0.33,0.547,0.243,0.708,7.8,13.5,1.8,1.5,3.1,3.9,12.2,NA,NA,NA,NA
"141","Džanan Musa",19,10.9612,0.777750611246944,0,0.75,17.0448,0.0715408805031447,2.44,0,12.2,0.1,1,0.091,0,2.4,14.9,0,2.4,1.2,2.7,10.7,NA,NA,NA,NA
"142","E'Twaun Moore",29,7.8923,0.548394004282655,0.0338,0.694,11.4582,0.121945427728614,1.8144,0.333,5.6,0.432,0.921,0.111,0.763,3.2,9.6,0.4,1.3,3.6,2.5,6.4,NA,NA,NA,NA
"143","Ed Davis",29,9.7713,0.624276595744681,1.5048,0.602,17.6715,0,0,NA,0.1,0,NA,0.536,0.617,2,14.6,1.8,1.2,7.4,15.8,34.6,NA,NA,NA,NA
"144","Edmond Sumner",23,6.9881,0.400053304904051,0,0.6,12.5756,0.0553317535545024,1.8648,0.375,6.3,0.259,0.857,0.375,0.625,2.3,11.8,2.1,2.8,6.1,4.9,7.8,NA,NA,NA,NA
"145","Ekpe Udoh",31,9.8928,0.726950873362445,2.3976,0.72,16.3404,0.0182419035029742,0,NA,0,NA,NA,0.417,0.633,4.2,13.2,7.7,1.5,5.4,9.3,20.9,NA,NA,NA,NA
"146","Elfrid Payton",24,10.8477,0.4725317348378,0.2907,0.349,17.1666,0.0171122994652406,0.2223,0.167,3.9,0.314,0.848,0.18,0.743,11.9,20.1,1.1,1.6,3,4.1,14,NA,NA,NA,NA
"147","Elie Okobo",21,5.2925,0.528512328767123,0.348,0.453,8.787,0.107920792079208,0.6996,0.286,6.6,0.295,0.795,0.162,0.787,6.3,18.2,0.6,1.6,5.4,1.4,10.1,NA,NA,NA,NA
"148","Emmanuel Mudiay",22,9.7014,0.498526315789474,0.333,0.226,16.8498,0.178271409749671,0.9891,0.424,6.3,0.329,0.855,0.251,0.774,6.8,14.6,1,1.3,3.1,2.1,10.9,NA,NA,NA,NA
"149","Enes Kanter",26,17.3262,0.587651972157773,0.7638,0.499,30.5922,0.0182982917214192,0.029,1,1,0.294,0.9,0.288,0.787,3.4,13.3,1.3,0.9,4.9,16.4,26.1,NA,NA,NA,NA
"150","Eric Bledsoe",29,10.0893,0.621810650887574,0.2985,0.329,17.711,0.0462977528089888,1.1011,0.278,7.7,0.329,0.589,0.243,0.75,8.8,13.3,1.1,2.4,3.2,3.9,11.8,NA,NA,NA,NA
"151","Eric Gordon",30,7.0716,0.50605421686747,0.1491,0.435,11.289,0.0202754716981132,1.5232,0.373,13.6,0.36,0.875,0.162,0.783,2.9,8.2,1.1,0.9,3.3,0.9,6.9,NA,NA,NA,NA
"152","Eric Moreland",27,6.6924,0.333,0,0,10.0386,0,0,NA,1.1,1,1,0,NA,4.5,41.7,1.9,1.1,10,10.3,39.6,NA,NA,NA,NA
"153","Ersan Ilyasova",31,6.7536,0.525501066098081,0.1872,0.697,11.8512,0.0477667071688943,1.464,0.333,6,0.363,1,0.194,0.824,2,10.4,1.4,1.2,6.5,8.2,16.2,NA,NA,NA,NA
"154","Evan Fournier",26,7.257,0.560553672316384,0.2255,0.508,11.48,0.172658928571429,1.5308,0.388,8.6,0.34,0.856,0.159,0.806,5.7,11.9,0.4,1.4,4.3,1.6,9.4,NA,NA,NA,NA
"155","Evan Turner",30,6.834,0.526754901960784,0.268,0.306,10.921,0.204647852760736,0.5536,0.222,1.6,0.212,1,0.239,0.708,8.5,18.9,0.9,1,3.3,2.5,18.9,NA,NA,NA,NA
"156","Frank Jackson",20,8.6686,0.555227926078029,0.356,0.638,14.596,0.054359756097561,2.814,0.296,6.7,0.314,0.887,0.163,0.74,2.7,9.1,0.1,1,3.7,2.2,9.5,NA,NA,NA,NA
"157","Frank Kaminsky",25,8.9472,0.61150643776824,0.2496,0.716,13.9008,0.0140386740331492,0.711,0.091,9,0.36,1,0.359,0.738,4.1,10.6,1.4,0.8,4.4,5.5,18.1,NA,NA,NA,NA
"158","Frank Mason III",24,7.3848,0.59406862745098,0.1086,0.298,12.6338,0.135687679083095,0.6392,0.167,6.8,0.219,0.286,0.337,0.684,9,15.6,0.8,1.7,3.6,1.4,9,NA,NA,NA,NA
"159","Frank Ntilikina",20,4.035,0.40753531598513,0.165,0.29,6.315,0.261068883610451,1.2749,0.25,6.1,0.287,0.727,0.106,0.767,6.5,15.9,1.3,1.6,5.5,1.4,8.9,NA,NA,NA,NA
"160","Fred VanVleet",24,5.4605,0.472298507462687,0,0.284,9.617,0.110410169491525,1.5309,0.482,8.1,0.378,0.759,0.192,0.843,8.4,11.2,0.9,1.6,3,1.3,8.7,NA,NA,NA,NA
"161","Furkan Korkmaz",21,4.573,0.606111524163569,0.697,0.647,7.412,0.103082568807339,1.81,0.385,10,0.326,0.979,0.18,0.818,3.6,8.6,0.2,2,4.3,2.6,13.8,NA,NA,NA,NA
"162","Garrett Temple",32,3.6176,0.593259868421053,0.3094,0.636,6.2475,0.111853333333333,2.4318,0.382,6.3,0.341,0.933,0.217,0.748,2.5,11.5,1.4,1.8,4.9,1.5,10.2,NA,NA,NA,NA
"163","Gary Clark",24,0.928,0.75,0.232,0.556,1.624,0,2.9998,0.179,10.6,0.297,0.927,0.046,1,1.4,4.3,3.5,1.5,3.6,4.1,16.2,NA,NA,NA,NA
"164","Gary Harris",24,8.595,0.515733333333333,0.9932,0.606,14.2295,0.0843812080536913,1.8688,0.371,7.3,0.339,0.89,0.226,0.799,3.8,8.9,1,1.6,3.4,2.7,7.9,NA,NA,NA,NA
"165","Gary Trent Jr.",20,4.796,0.272727272727273,0,0.364,7.412,0.470470588235294,1.748,0.5,9.2,0.238,0.8,0.14,0.429,2.2,7,1.4,0.4,1.7,1,9.4,NA,NA,NA,NA
"166","George Hill",32,5.2882,0.586181347150259,0.1507,0.418,9.4804,0.141865606936416,1.3552,0.351,5.6,0.314,0.792,0.226,0.824,4.9,11,0.5,1.9,3.7,3.2,8.3,NA,NA,NA,NA
"167","Georges Niang",25,5.7456,0.59687134502924,0.1008,0.512,8.4336,0.0662250996015936,3.88,0.381,9.7,0.41,0.953,0.133,0.833,3.2,10.7,0.9,0.9,5.3,2.4,15.7,NA,NA,NA,NA
"168","Gerald Green",33,3.0912,0.645055900621118,0.4032,0.68,4.9536,0.100325581395349,4.6011,0.413,14.7,0.354,0.91,0.118,0.838,1.3,8.3,1.6,1.1,4.2,2.2,11.7,NA,NA,NA,NA
"169","Giannis Antetokounmpo",24,17.835,0.678848275862069,6.0516,0.472,31.9308,0.0348697996918336,0.176,0.222,4,0.256,0.673,0.55,0.729,8.4,14.8,3.9,1.8,4.6,7.3,30,NA,NA,NA,NA
"170","Glenn Robinson III",25,6.1344,0.539833333333333,0.7242,0.839,9.2868,0.130293577981651,2.58,0.25,5,0.29,0.944,0.227,0.8,1.7,8.5,1.1,1.1,3.6,2.9,10,NA,NA,NA,NA
"171","Goran Dragic",32,8.9886,0.502843601895734,0,0.295,14.8887,0.0992460658082975,1.4337,0.31,8.1,0.348,0.772,0.233,0.782,8.6,12.9,0.5,1.5,4,2.1,9.8,NA,NA,NA,NA
"172","Gordon Hayward",28,5.9532,0.610454545454545,0.6724,0.607,9.7416,0.206393939393939,1.764,0.412,6,0.333,0.87,0.294,0.834,6.3,12.8,1.1,1.6,2.7,2.9,15.5,NA,NA,NA,NA
"173","Gorgui Dieng",29,6.685,0.61815445026178,1.4,0.741,11.5675,0.324658093797277,1.625,0.429,2.6,0.339,0.947,0.281,0.83,3.3,11.9,3.4,2.2,6.2,8.3,24.1,NA,NA,NA,NA
"174","Grayson Allen",23,6.0885,0.471538720538721,0.9225,0.4,9.307,0.123555066079295,3.4542,0.4,11.4,0.323,0.938,0.337,0.75,2.9,13.9,1.1,0.7,5.4,0.8,5.1,NA,NA,NA,NA
"175","Greg Monroe",28,16.6944,0.517891891891892,0.3008,0.527,26.7336,0.014753164556962,0,NA,0.5,0.2,1,0.381,0.625,2.4,12.7,1.4,1.4,6.6,15.4,22.9,NA,NA,NA,NA
"176","Guerschon Yabusele",23,8.4656,0.5455,0.3848,0.615,12.6984,0.0302878787878788,1.1556,0.167,5.4,0.321,1,0.286,0.682,2.9,14.8,2.5,1.5,6.1,9.8,12.8,NA,NA,NA,NA
"177","Hamidou Diallo",20,11.2274,0.52021066319896,2.0294,0.592,20.3378,0.0216798277099785,1.7493,0.2,2.1,0.167,1,0.358,0.61,1.5,10.7,1.6,1.9,6.8,7.2,12,NA,NA,NA,NA
"178","Harrison Barnes",26,7.8958,0.49790171990172,0.6014,0.506,11.6788,0.0789617940199336,2.4651,0.45,8.3,0.395,0.868,0.271,0.824,2.2,7.9,0.4,0.9,2.3,2.4,12.7,NA,NA,NA,NA
"179","Harry Giles",20,14.2362,0.563955493741307,2.4552,0.651,22.0374,0.0876657681940701,0.0999,0,0.3,0,NA,0.261,0.637,4.8,15.8,2.3,1.8,8.5,8.1,20.1,NA,NA,NA,NA
"180","Hassan Whiteside",29,17.1468,0.610998845265589,4.5738,0.614,27.621,0.0273820788530466,0.25,0.125,0.5,0.125,1,0.357,0.449,1.6,11,7.3,1.3,5.6,16.3,35.6,NA,NA,NA,NA
"181","Haywood Highsmith",22,4.72,0.49975,0,1,8.26,0.142857142857143,2.36,0,5.9,0.2,1,0.2,0,2.4,8.4,0,1.2,1.2,0,12.9,NA,NA,NA,NA
"182","Henry Ellenson",22,8.2128,0.386478448275862,0.1947,0.727,12.6909,0.0735355648535565,2.8045,0.333,7.1,0.447,0.882,0.263,0.76,3,7.8,0.7,1.3,5,2,25.5,NA,NA,NA,NA
"183","Ian Clark",27,5.5449,0.482884488448845,0,0.576,7.9788,0.173830275229358,2.3328,0.367,9.6,0.327,0.848,0.097,0.892,4.5,12.7,0.7,1.1,4.5,1.4,8,NA,NA,NA,NA
"184","Ian Mahinmi",32,8.0883,0.517559363525092,1.2375,0.614,12.7512,0,0.8445,0.222,1.5,0.188,1,0.587,0.689,2.4,13.8,2.7,2.4,8,10.3,17.7,NA,NA,NA,NA
"185","Iman Shumpert",28,2.1016,0.561837837837838,0.0284,0.542,3.763,0.296188679245283,2.6448,0.373,8.7,0.348,0.895,0.101,0.8,3.6,9.7,1.4,1.9,4,1.9,11.4,NA,NA,NA,NA
"186","Isaac Bonga",19,7.3728,0.263041666666667,0,0.2,10.8672,0,0.775,0,3.1,0,NA,0.455,0.6,5.8,13.2,2.7,3.5,3.5,7.9,13.5,NA,NA,NA,NA
"187","Isaac Humphries",21,6.5913,0.374952755905512,1.6435,0.333,12.3522,0,4.1405,0.4,9.1,0.273,1,0,NA,0,0,0,0.8,5.8,7.4,13.4,NA,NA,NA,NA
"188","Isaiah Briscoe",22,5.3482,0.557597285067873,0.1694,0.205,8.8572,0.0989139344262295,0.972,0.273,3,0.324,0.909,0.188,0.577,7.6,17.2,0.3,1,5.8,0.9,13.4,NA,NA,NA,NA
"189","Isaiah Canaan",27,3.8564,0.411868167202572,0,0.3,6.882,0.0992432432432433,1.898,0.4,7.3,0.354,0.735,0.146,0.792,6.4,16.7,0.3,1.1,3.9,1,9.2,NA,NA,NA,NA
"190","Isaiah Hartenstein",20,7.7714,0.513933255269321,2.4388,0.833,13.9867,0,0.4329,0.5,1.3,0.333,1,0.341,0.786,3.3,21.6,4.6,1.6,12.4,10.3,13.3,NA,NA,NA,NA
"191","Isaiah Hicks",24,7.5,0.4,1.5,0.5,13.5,0.222222222222222,0,NA,0,NA,NA,0.625,0.8,3,8.9,7.9,1.5,7.5,6.4,16.7,NA,NA,NA,NA
"192","Isaiah Thomas",29,11.1366,0.414057971014493,0,0.545,14.9295,0.0905603603603604,1.638,0.167,11.7,0.279,0.667,0.273,0.63,6.2,14,0.5,1.4,4.6,3,4.8,NA,NA,NA,NA
"193","Ish Smith",30,8.3955,0.497979310344828,0,0.106,12.1397,0.179216216216216,1.06,0.444,5.3,0.326,0.705,0.127,0.758,8,10.6,0.7,1.1,4.3,1.9,11.1,NA,NA,NA,NA
"194","Ivan Rabb",21,10.1908,0.655002865329513,1.5768,0.664,16.4542,0.0672049689440994,0.4,0,1,0.2,1,0.325,0.71,3.7,12.6,1.8,1.2,6.2,10.7,21.5,NA,NA,NA,NA
"195","Ivica Zubac",21,16.1082,0.574089171974522,4.2921,0.802,26.7102,0.0117912932138284,0,NA,0,NA,NA,0.332,0.802,2.8,13.9,4,0.6,6.2,11.9,24.2,NA,NA,NA,NA
"196","J.J. Barea",34,10.5152,0.490856132075472,0,0.163,15.5496,0.178102073365231,0.4565,0.286,8.3,0.297,0.447,0.203,0.705,13.6,14.7,0.1,1.4,3.2,1.9,11.6,NA,NA,NA,NA
"197","J.J. Redick",34,2.5704,0.535071428571429,0,0.83,4.2228,0.67436231884058,1.548,0.397,12,0.397,0.95,0.248,0.894,4.1,8.1,0.6,0.6,2.6,0.9,7.2,NA,NA,NA,NA
"198","J.R. Smith",33,1.7877,0.499544554455446,0,0.467,2.4603,1.00210071942446,0.8961,0.75,8.7,0.308,0.917,0.127,0.8,4.7,11.7,1.2,2.5,4.3,0,9.4,NA,NA,NA,NA
"199","Jabari Parker",23,10.7008,0.632484375,2.6752,0.484,18.3084,0.0990034246575342,1.3014,0.383,5.4,0.313,0.869,0.246,0.712,4.2,15.4,1.5,1.3,4,4.9,21.8,NA,NA,NA,NA
"200","Jacob Evans",21,3.2736,0.357022727272727,0.2356,0.5,5.146,0.409833734939759,0.7,0.333,3.5,0.267,1,0.019,0,5.4,17.1,1.2,1.2,6.5,3.3,9.5,NA,NA,NA,NA
"201","Jae Crowder",28,4.5408,0.578317829457364,0.5456,0.869,8.096,0.0710978260869565,2.7485,0.352,11.5,0.331,0.942,0.247,0.721,2.9,8.8,1.1,1.4,3.8,3.1,15.9,NA,NA,NA,NA
"202","Jahlil Okafor",23,16.056,0.600789237668162,2.196,0.493,25.308,0.0333997155049787,0,NA,0.2,0.2,1,0.246,0.663,2,11.5,3.5,0.7,4.8,9.2,21.4,NA,NA,NA,NA
"203","JaKarr Sampson",25,11.8244,0.580613240418118,0.7622,0.417,16.789,0.136564417177914,1.1342,0,5.3,0.357,1,0.389,0.81,1.5,5.9,2,1.5,3.1,4.2,23.4,NA,NA,NA,NA
"204","Jake Layman",24,7.347,0.691575949367089,2.418,0.752,13.3455,0.0492160278745645,1.3464,0.243,6.6,0.326,0.915,0.167,0.704,1.9,9.2,1.8,1.1,4.2,4.6,12.6,NA,NA,NA,NA
"205","Jakob Poeltl",23,10.5228,0.650662447257384,1.1877,0.706,18.2928,0.016442354368932,0,NA,0,NA,NA,0.317,0.533,3.6,12.7,4.5,1.1,4.8,15.4,19.7,NA,NA,NA,NA
"206","Jalen Brunson",22,7.6196,0.57189841986456,0.1548,0.338,11.3692,0.155266263237519,1.6115,0.302,5.5,0.348,0.762,0.212,0.725,7,12.5,0.2,1.1,3.9,1.7,9.6,NA,NA,NA,NA
"207","Jalen Jones",25,6.5088,0.5355,0.6912,0.25,9.7632,0.0235752212389381,1.859,0.375,6.5,0.357,1,0.435,0.704,1.6,9.8,0.8,2.1,6.3,5.5,12.5,NA,NA,NA,NA
"208","Jamal Crawford",38,1.9203,0.407765765765766,0,0.112,2.6642,1.2907012987013,1.424,0.25,8,0.332,0.507,0.251,0.845,9,16.9,0.8,1.3,3,0.7,7.2,NA,NA,NA,NA
"209","Jamal Murray",21,8.084,0.497418604651163,0.5875,0.526,12.408,0.258524621212121,0.7387,0.568,8.3,0.367,0.684,0.19,0.848,7.3,11.1,1,1.3,3.1,2.9,11.2,NA,NA,NA,NA
"210","James Ennis",28,5.1272,0.615585972850679,0.9512,0.723,9.3844,0.0125216316440049,3.1372,0.392,6.2,0.353,0.982,0.276,0.716,1.6,9.3,1.6,1.6,5.9,5.3,10.9,NA,NA,NA,NA
"211","James Harden",29,13.1127,0.544942643391521,0.3924,0.105,20.7972,0.0390283018867925,1.3904,0.358,17.6,0.368,0.161,0.449,0.879,10,14.5,1.7,2.7,4.2,2.5,17.8,NA,NA,NA,NA
"212","James Johnson",31,7.9659,0.54212375249501,1.0971,0.518,12.9585,0.035758282208589,1.7766,0.381,6.3,0.336,0.86,0.185,0.714,5.7,15.3,2.1,1.5,4.8,2,14.1,NA,NA,NA,NA
"213","James Nunnally",28,3.3166,0.571864077669903,0,0.75,5.2164,0,5.664,0.333,11.8,0.32,1,0.118,1,3.3,2.7,0,0.5,4.7,0,5.3,NA,NA,NA,NA
"214","JaMychal Green",28,8.0951,0.561361169102296,1.5548,0.623,13.9256,0.0794016990291262,1.7514,0.449,6.3,0.403,0.958,0.212,0.792,1.8,14.3,2.3,1.6,6.9,8.3,24.3,NA,NA,NA,NA
"215","Jared Dudley",33,2.6784,0.550875,0,0.875,4.6221,0.0836056338028169,1.2095,0.452,5.9,0.351,1,0.192,0.696,3.2,14.2,1,1.4,5.1,2.9,10.4,NA,NA,NA,NA
"216","Jared Terrell",23,4.7376,0.181539007092199,0.4368,0.25,7.7448,0.333917570498915,0.8614,0.5,7.3,0.235,0.5,0.154,0.5,5.2,19.4,1.5,1.3,6.9,1,4.9,NA,NA,NA,NA
"217","Jarell Martin",24,3.5805,0.666268398268398,1.0385,0.696,6.262,0.1665,4.029,0.333,8.5,0.351,1,0.106,0.818,2.7,9.2,2,0.4,7.6,3.5,20.5,NA,NA,NA,NA
"218","Jaren Jackson Jr.",19,12.738,0.575663636363636,1.9686,0.636,19.0298,0.0398245436105477,1.1562,0.2,4.7,0.359,0.941,0.334,0.766,2.1,12.7,5.1,1.7,7.2,5.3,15,NA,NA,NA,NA
"219","Jaron Blossomgame",25,6.456,0.578353159851301,1.584,0.595,11.208,0.0402976445396146,1.9184,0.235,4.4,0.256,1,0.123,0.769,1.5,9,1.6,0.8,2.3,6.3,19.1,NA,NA,NA,NA
"220","Jarred Vanderbilt",19,12.0825,0.528949720670391,2.133,0.778,21.3165,0,0.7,0,0.7,0,NA,0.526,0.6,2.1,25.5,1.3,4.3,5.7,10.9,25.2,NA,NA,NA,NA
"221","Jarrett Allen",20,11.5842,0.641458797327394,4.4247,0.83,20.3304,0.0022252538071066,0.867,0.154,1,0.133,1,0.489,0.709,2.5,13,4.5,1,4.2,9.6,24,NA,NA,NA,NA
"222","Jason Smith",32,5.1976,0.428730337078652,0.7446,0.917,9.8988,0.0752713864306785,1.2288,0.4,6.4,0.346,1,0.271,0.875,3.5,16.4,3.1,0.7,7.4,9,20.2,NA,NA,NA,NA
"223","JaVale McGee",31,16.0921,0.656209121245829,6.0323,0.779,27.4944,0.0213919270833333,0.0249,0,0.3,0.083,1,0.237,0.632,1.4,13.2,7.3,1.3,5.8,12.3,22.5,NA,NA,NA,NA
"224","Jawun Evans",22,3.6771,0.4,0,0.667,3.6771,0.200280112044818,0,NA,2.2,0,NA,0,NA,7.3,30,0,2.2,5.9,1.7,19,NA,NA,NA,NA
"225","Jaylen Adams",22,2.38,0.36293,0,0.231,3.7842,0.143867924528302,1.192,0.182,8,0.338,0.84,0.082,0.778,7,19.7,1,1.5,4.9,2.6,12.3,NA,NA,NA,NA
"226","Jaylen Brown",22,9.6316,0.568028925619835,1.2139,0.571,15.8802,0.0871528822055138,1.6974,0.368,6.9,0.344,0.968,0.255,0.658,2.5,10.1,1.5,1.7,4.7,3.6,13.9,NA,NA,NA,NA
"227","Jayson Tatum",20,7.9982,0.559177664974619,1.421,0.497,13.2965,0.179986259541985,1.6653,0.341,6.1,0.373,0.853,0.22,0.855,3.3,9.7,2.1,1.6,3.3,3,17.7,NA,NA,NA,NA
"228","Jeff Green",32,5.673,0.669360655737705,0.9765,0.614,9.424,0.112741776315789,2.0232,0.389,7.2,0.347,0.973,0.3,0.888,3.1,11.5,1.6,1,3.6,2.9,13.3,NA,NA,NA,NA
"229","Jeff Teague",30,8.4688,0.466626865671642,0.3476,0.106,12.5768,0.11147864321608,0.152,0.25,4,0.333,0.629,0.368,0.804,13,16.7,1.2,1.6,3.4,1.3,7.7,NA,NA,NA,NA
"230","Jemerrio Jones",23,6.4949,0.499835255354201,0.321,0.6,11.3634,0,0,NA,3.3,0.2,1,0.061,0.5,4.2,12.9,2.9,2.3,3.3,11.8,23.4,NA,NA,NA,NA
"231","Jerami Grant",24,8.2467,0.581983957219251,1.9992,0.786,14.4207,0.0310927624872579,2.678,0.397,5.2,0.392,0.991,0.269,0.71,1.4,6.8,3.2,1.1,3.8,3.7,13.1,NA,NA,NA,NA
"232","Jeremy Lamb",26,9.7732,0.485186550976139,0.4876,0.44,14.6916,0.143499278499279,1.0792,0.54,7.1,0.348,0.835,0.266,0.888,3.7,6.8,1.2,1.9,3,3.1,18.1,NA,NA,NA,NA
"233","Jeremy Lin",30,7.9376,0.549447893569845,0,0.29,13.4288,0.118490170380079,0.8784,0.37,6.1,0.294,0.745,0.388,0.838,7.5,16.4,0.8,1.5,4.7,1.6,11.7,NA,NA,NA,NA
"234","Jerian Grant",26,2.6105,0.519823788546255,0.0575,0.288,3.864,0.352321428571429,0.7239,0.429,5.7,0.364,0.775,0.182,0.65,8.1,17.7,0.5,2.3,4.1,2.1,9.1,NA,NA,NA,NA
"235","Jerome Robinson",21,4.2606,0.482958174904943,0.1458,0.577,6.6096,0.267083333333333,1.3272,0.444,8.4,0.316,0.889,0.082,0.667,2.8,10.2,0.7,1.6,6.8,1,12.2,NA,NA,NA,NA
"236","Jerryd Bayless",30,4.4688,0.426631578947369,0,0.321,7.3248,0.269545871559633,0.9443,0.231,7.1,0.296,0.724,0.122,0.571,8.7,11.7,0.3,1.3,4.1,1.8,8.4,NA,NA,NA,NA
"237","Jevon Carter",23,3.1005,0.305297435897436,0.0795,0.227,5.4219,0.174228739002933,2.6752,0.355,8.8,0.333,0.676,0.173,0.813,5.9,14.2,1.8,2.2,4.7,2.7,10.3,NA,NA,NA,NA
"238","Jimmer Fredette",29,5.8788,0.625,0,0.375,8.8182,0.249833333333333,2.1945,0,9.5,0,NA,0.207,1,5.9,13.6,0,2.2,3.7,1.7,10.4,NA,NA,NA,NA
"239","Jimmy Butler",29,9.4472,0.575678423236514,1.5484,0.481,15.6212,0.138685069008783,0.9996,0.348,4.2,0.347,0.672,0.404,0.855,5.7,8.2,1.4,2.7,2.4,6,10.5,NA,NA,NA,NA
"240","Joakim Noah",33,13.8618,0.5495706401766,3.2283,0.736,24.4953,0.0116739537788882,0,NA,0.1,0,NA,0.512,0.716,6.4,16.1,4.2,1.4,6.9,9.2,29.6,NA,NA,NA,NA
"241","Jodie Meeks",31,6.444,0.7855,0,0.923,9.666,0.0957001862197393,3.2287,0.429,8.3,0.444,1,0.026,1,3.7,4.8,0.8,0.5,2.3,1.1,11.1,NA,NA,NA,NA
"242","Joe Harris",27,6.4635,0.548043165467626,0.0155,0.801,10.788,0.0384454022988506,1.2,0.517,8,0.474,0.989,0.178,0.827,3.8,13,0.6,0.8,3.8,2.4,10.9,NA,NA,NA,NA
"243","Joe Ingles",31,4.8276,0.573407407407407,0.0596,0.388,7.6735,0.0504155339805825,2.349,0.444,9,0.391,0.825,0.153,0.707,8.7,18.4,0.6,1.8,3.4,1.5,12.2,NA,NA,NA,NA
"244","Joel Embiid",24,14.5702,0.606391696750903,2.63,0.487,23.6437,0.0910144605116796,0.2204,0.4,5.8,0.3,0.924,0.541,0.804,5.1,13.2,4.4,1,4.6,8.1,34,NA,NA,NA,NA
"245","John Collins",21,15.372,0.639758196721312,4.515,0.727,26.775,0.0197647058823529,1.24,0.49,4,0.348,1,0.32,0.763,3.1,11.2,1.8,0.6,5,12.3,22.1,NA,NA,NA,NA
"246","John Henson",28,8.4162,0.588094674556213,2.9714,0.7,14.359,0,2.4871,0.4,7.7,0.355,0.909,0.149,0.6,3.5,14.4,4.9,1.7,4,9.2,28,NA,NA,NA,NA
"247","John Jenkins",27,1.3072,0.555813953488372,0,0.85,2.0368,1.06748507462687,2.3184,0.313,8.4,0.379,0.909,0.171,0.833,3.2,7.4,0.5,0,1.4,1.8,10,NA,NA,NA,NA
"248","John Wall",28,10.6887,0.566345898004435,0.6873,0.113,19.6236,0.116084541062802,0.7704,0.389,7.2,0.302,0.784,0.317,0.697,12,16.1,2.2,2.1,3,1.5,10.1,NA,NA,NA,NA
"249","Johnathan Motley",23,19.669,0.584611235955056,4.5305,0.615,30.5643,0.00983369486623283,0.2997,0,0.9,0,NA,0.548,0.6,3.3,15,1.5,1.5,8.2,12.6,21.7,NA,NA,NA,NA
"250","Johnathan Williams",23,12.7926,0.618076591154261,4.14,0.708,22.3284,0.0111248454882571,0.15,0,0.3,0,NA,0.436,0.563,1.6,10.9,1.5,1,7.8,13.6,13.9,NA,NA,NA,NA
"251","Jon Leuer",29,8.7292,0.760576433121019,1.112,0.754,14.1363,0.0958997050147492,0.5915,0,1.3,0.091,1,0.274,0.742,1.7,15.4,0.8,1.5,7.4,7.1,19.8,NA,NA,NA,NA
"252","Jonah Bolden",23,4.44,0.7497,1.032,0.739,8.436,0.009,1.4058,0.368,7.1,0.354,1,0.167,0.481,3,17.2,4.8,1.3,7.3,8,19,NA,NA,NA,NA
"253","Jonas Jerebko",31,4.7399,0.578733137829912,0.5838,0.766,8.3817,0.111621890547264,1.9783,0.392,7.3,0.367,1,0.225,0.8,3.7,9.9,1.2,1.1,5.4,6.6,18.1,NA,NA,NA,NA
"254","Jonas Valanciunas",26,18.36,0.614333333333333,1.824,0.578,27.72,0.0546883116883117,0.1323,0.667,2.1,0.292,1,0.344,0.795,3.1,12.7,4.4,0.8,6.5,10.7,31.4,NA,NA,NA,NA
"255","Jonathan Isaac",21,5.76,0.587375,1.35,0.653,10.2,0.0914794117647059,2.444,0.33,6.5,0.323,0.988,0.221,0.815,2,10.1,4.1,1.4,3.5,5.2,17,NA,NA,NA,NA
"256","Jonathon Simmons",29,7.952,0.47710060362173,0.688,0.4,11.792,0.0849823609226594,1.0857,0.333,4.7,0.269,0.714,0.277,0.742,5.8,14.8,1.2,1.3,4.1,2.7,10,NA,NA,NA,NA
"257","Jordan Bell",24,6.8788,0.631569983136594,2.2968,0.737,12.4932,0.130692664809656,0,NA,0.1,0,NA,0.214,0.61,4.6,16.7,5.4,1.2,4.8,7.8,16.7,NA,NA,NA,NA
"258","Jordan Clarkson",26,10.07,0.556457894736842,0.3975,0.265,15.4495,0.196018867924528,1.96,0.345,10,0.324,0.785,0.163,0.844,4.4,9.6,0.5,1.3,2.5,3.9,9.9,NA,NA,NA,NA
"259","Jordan Loyd",25,5.2438,0.50059880239521,0,0.5,9.6084,0.0906862745098039,0,NA,7,0.5,0.25,0.611,0.818,5.2,8.1,0,0,4.4,2,15.3,NA,NA,NA,NA
"260","Jordan McRae",27,6.2715,0.636663716814159,0.4255,0.373,10.1195,0.323936014625229,1,0.286,5,0.286,0.7,0.269,0.8,4.3,9.4,1.8,1.8,3.7,1.9,11.3,NA,NA,NA,NA
"261","José Calderón",37,1.4852,0.473974683544304,0,0.258,2.4252,0.70993023255814,0.616,0.25,4.4,0.246,1,0.092,0.818,9,21.9,0.4,1.2,5,1.8,8.8,NA,NA,NA,NA
"262","Josh Hart",23,4.0824,0.579333333333333,0.4284,0.722,7.371,0.0367521367521368,1.7316,0.375,7.4,0.336,0.924,0.172,0.688,2.5,10.4,1.9,1.7,4,2.2,12.6,NA,NA,NA,NA
"263","Josh Jackson",21,10.6454,0.456246679316888,1.5554,0.478,17.0892,0.100871158392435,1.5606,0.277,5.4,0.324,0.89,0.253,0.671,4.4,15.6,2.3,1.8,5,3.6,15.9,NA,NA,NA,NA
"264","Josh Okogie",20,6.0187,0.508912240184757,1.1259,0.654,10.3972,0.0633008021390374,2.006,0.315,5.9,0.279,0.95,0.319,0.728,2.5,9.8,1.6,2.4,4.5,2.5,10.9,NA,NA,NA,NA
"265","Josh Richardson",25,5.9297,0.485112956810631,0.5319,0.436,9.3969,0.223071278825996,1.3706,0.366,8.9,0.357,0.878,0.225,0.861,5.7,9.1,1.2,1.5,3.8,2.3,8.8,NA,NA,NA,NA
"266","Jrue Holiday",28,11.424,0.576317647058823,0.5376,0.305,18.5472,0.0928478260869565,0.749,0.41,7,0.325,0.593,0.234,0.768,10,14.1,1.8,2.1,2.9,3.3,11,NA,NA,NA,NA
"267","Juan Hernangómez",23,4.4232,0.541567010309278,0.5814,0.722,7.7976,0.0278684210526316,1.9045,0.321,6.5,0.365,0.985,0.274,0.767,2,9.5,1.6,1,3.4,5.1,16.1,NA,NA,NA,NA
"268","Julian Washburn",27,1.7578,0.555882352941177,0.1974,0.545,2.7354,0.429910652920962,2.1526,0.273,4.7,0.208,1,0.083,0.75,2.7,12.3,0.7,2.5,3.1,3.5,14.8,NA,NA,NA,NA
"269","Julius Randle",24,16.344,0.588913888888889,1.7025,0.49,26.4682,0.0330454545454545,0.6724,0.344,4.1,0.344,0.91,0.447,0.731,4.8,13.8,1.6,1.1,5.1,7.6,21.6,NA,NA,NA,NA
"270","Justin Anderson",25,6.594,0.560909523809524,1.5072,0.525,11.1941,0.0268022440392707,1.7017,0.353,7.7,0.312,0.917,0.223,0.743,2.3,11.8,2.4,2.2,4.8,5.3,13.9,NA,NA,NA,NA
"271","Justin Holiday",29,3.212,0.503018181818182,0.5986,0.761,5.4312,0.180247311827957,2.948,0.41,8.8,0.348,0.932,0.136,0.896,2.7,11.2,1.2,2.3,3.1,1.9,11.9,NA,NA,NA,NA
"272","Justin Jackson",23,4.7428,0.617784431137725,0.142,0.777,6.9438,0.125920245398773,2.556,0.391,7.2,0.355,0.966,0.163,0.785,2.8,5.3,0.7,0.9,2.9,2.8,11,NA,NA,NA,NA
"273","Justise Winslow",22,9.1069,0.492917864476386,0.3927,0.36,13.8006,0.0869078590785908,2.1248,0.376,6.4,0.375,0.979,0.183,0.628,7,14.9,0.9,1.8,4.4,3.4,15.9,NA,NA,NA,NA
"274","Jusuf Nurkic",24,16.5242,0.543132678132678,1.9691,0.657,27.7298,0.0462489019033675,0.0483,0,0.7,0.103,1,0.442,0.773,5.7,14.6,4.2,1.7,6.1,13.4,26.7,NA,NA,NA,NA
"275","Kadeem Allen",26,7.8566,0.515116182572614,0,0.208,12.714,0.117910256410256,0.5838,0.2,4.2,0.472,0.882,0.383,0.778,8.8,13.6,0.8,1.9,5.3,2,11.1,NA,NA,NA,NA
"276","Karl-Anthony Towns",23,14.4742,0.60632252559727,2.1242,0.584,21.8101,0.0621517553793884,0.7705,0.415,6.7,0.4,0.93,0.342,0.836,4.9,13.7,4.2,1.3,5.5,10.9,29.3,NA,NA,NA,NA
"277","Kawhi Leonard",27,10.494,0.613022727272727,1.325,0.283,17.0925,0.239218604651163,1.1786,0.42,7.1,0.371,0.67,0.377,0.854,4.7,8.4,1,2.5,2,4.2,18.6,NA,NA,NA,NA
"278","Keita Bates-Diop",23,6.372,0.612036016949153,0.4725,0.745,11.0295,0.0517392900856793,1.825,0.211,5,0.25,1,0.197,0.643,1.6,8.3,2.4,1.7,2.8,3.4,14.4,NA,NA,NA,NA
"279","Kelly Olynyk",27,5.4568,0.655103064066852,0.4104,0.696,9.196,0.0436661157024793,1.8834,0.371,8.6,0.354,0.982,0.328,0.822,3.8,15,1.8,1.4,4.9,4.2,17.8,NA,NA,NA,NA
"280","Kelly Oubre Jr.",23,10.557,0.535254901960784,2.0493,0.558,17.2845,0.0520898203592814,1.8675,0.316,8.3,0.32,0.87,0.29,0.775,2.1,9.8,2.5,2.1,4.5,4,14.6,NA,NA,NA,NA
"281","Kemba Walker",28,10.2674,0.506554317548747,0,0.2,17.4746,0.159240589198036,0.6448,0.395,12.4,0.356,0.438,0.267,0.844,8.2,10.1,1,1.7,2.2,1.9,11.9,NA,NA,NA,NA
"282","Kenneth Faried",29,15.575,0.612507428571428,4.4322,0.716,27.1272,0.0147880577427822,0.544,0.375,1.7,0.32,1,0.374,0.646,1.3,9.7,2.7,1.1,5.5,14.4,23.4,NA,NA,NA,NA
"283","Kenrich Williams",24,4.26,0.494383098591549,0.468,0.709,7.656,0.0336300940438872,1.675,0.256,6.7,0.333,0.923,0.068,0.684,3.6,11.1,1.4,1.9,4.1,5.4,15.5,NA,NA,NA,NA
"284","Kent Bazemore",29,7.5272,0.499190721649485,0.4462,0.478,12.9398,0.104179910044977,2.9652,0.34,8.4,0.32,0.844,0.253,0.726,4.3,13.6,2.2,2.5,4.8,2.3,14.6,NA,NA,NA,NA
"285","Kentavious Caldwell-Pope",25,4.152,0.607,0.5017,0.707,7.266,0.201259523809524,2.5443,0.42,9.9,0.347,0.94,0.209,0.867,2.5,7.3,0.5,1.7,3.1,2.5,9.4,NA,NA,NA,NA
"286","Kevin Durant",30,7.198,0.676183050847458,2.1228,0.471,11.8096,0.460931818181818,0.5236,0.233,6.8,0.353,0.569,0.366,0.885,8,12.3,2.6,1,2.7,1.4,17.5,NA,NA,NA,NA
"287","Kevin Huerter",20,4.958,0.494997014925373,0.5476,0.504,7.8144,0.0865454545454545,1.52,0.418,8,0.385,0.772,0.085,0.732,4.8,13.8,1.1,1.5,3.5,3,9.7,NA,NA,NA,NA
"288","Kevin Knox",19,7.548,0.440802702702703,0.5712,0.479,12.0564,0.118541455160744,1.6443,0.365,8.1,0.343,0.896,0.247,0.717,1.8,10.1,0.9,1,3.9,2.9,13.6,NA,NA,NA,NA
"289","Kevin Love",30,7.802,0.479048192771084,0.329,0.518,12.784,0.0717720588235294,2.4034,0.448,12.2,0.361,0.906,0.403,0.904,4,11.2,0.7,0.5,4.5,5.9,40,NA,NA,NA,NA
"290","Kevon Looney",22,9.3462,0.657657957244655,3.4854,0.704,17.2161,0.0447001934235977,0.12,0,0.3,0.1,1,0.303,0.619,4,11.5,3,1.5,6.8,14.6,15.4,NA,NA,NA,NA
"291","Khem Birch",26,10.971,0.617971698113208,3.128,0.725,17.9055,0.00834938985228002,0,NA,0.1,0,NA,0.55,0.699,2.9,9.6,3.8,1.4,5.5,13,18.8,NA,NA,NA,NA
"292","Khris Middleton",27,7.359,0.513463636363636,0.3791,0.327,11.1723,0.230445109780439,1.1684,0.317,9.2,0.378,0.603,0.225,0.837,6.4,12.1,0.2,1.6,3.3,2.3,16.5,NA,NA,NA,NA
"293","Khyri Thomas",22,4.785,0.420563636363636,0.2436,0.667,7.5516,0.133251152073733,4.2768,0.353,8.8,0.286,1,0.159,0.636,2,5.1,2.2,1.8,5.6,2.2,9.3,NA,NA,NA,NA
"294","Klay Thompson",28,5.3172,0.613630331753555,0.4788,0.746,8.7948,0.476845272206304,2.247,0.46,10.7,0.402,0.917,0.113,0.816,3.3,7.2,1.5,1.5,2.8,1.6,10.1,NA,NA,NA,NA
"295","Kosta Koufos",29,11.502,0.45989012345679,0.6532,0.74,15.8614,0.093414503133393,0,NA,0,NA,NA,0.157,0.417,3.3,14.2,3.1,1.4,6.3,10.4,26.3,NA,NA,NA,NA
"296","Kris Dunn",24,8.5668,0.469623966942149,0.4956,0.177,13.1157,0.175989203778677,0.6018,0.353,3.4,0.354,0.647,0.136,0.797,9.7,16.2,1.3,2.4,5.8,1.5,13.3,NA,NA,NA,NA
"297","Kyle Anderson",25,7.7575,0.61016,0.1177,0.539,12.7223,0.0577855340622372,0.8034,0.381,1.3,0.265,1,0.232,0.578,5,16,2.7,2.1,4.3,4.1,18.1,NA,NA,NA,NA
"298","Kyle Korver",37,1.0788,0.633387096774194,0,0.921,1.653,0.961578947368421,3.2256,0.483,12.6,0.397,0.993,0.151,0.822,2.9,10.3,0.7,0.9,3.8,0.7,12.4,NA,NA,NA,NA
"299","Kyle Kuzma",23,10.7529,0.582446028513238,1.2045,0.614,17.0601,0.0675301668806162,1.7085,0.353,8.5,0.303,0.922,0.23,0.752,3.6,10,0.9,0.8,3.4,2.7,14.1,NA,NA,NA,NA
"300","Kyle Lowry",32,3.952,0.587672064777328,0,0.299,6.944,0.124147465437788,1.127,0.442,9.8,0.347,0.745,0.263,0.83,12.2,18.1,1.2,2,3.6,2.1,12.9,NA,NA,NA,NA
"301","Kyle O'Quinn",28,6.8378,0.615816753926702,0.5191,0.809,11.7066,0.405103975535168,0.2672,0,1.6,0.083,1,0.154,0.81,7.4,17.6,6,1.2,9,8.9,26.4,NA,NA,NA,NA
"302","Kyrie Irving",26,10.422,0.554658031088083,0.054,0.265,16.524,0.215686274509804,1.1656,0.407,9.4,0.401,0.638,0.197,0.873,10.1,11.3,1.4,2.2,3.6,3.4,12.7,NA,NA,NA,NA
"303","LaMarcus Aldridge",33,12.384,0.605872093023256,1.008,0.588,18.864,0.253137404580153,0.076,0.25,0.8,0.238,0.9,0.312,0.847,3.5,8.8,3.4,0.8,3.3,10.3,19.8,NA,NA,NA,NA
"304","Lance Stephenson",28,5.8354,0.518018404907975,0.2506,0.324,10.1851,0.154998242530756,2.2058,0.472,8.2,0.371,0.781,0.169,0.685,5.8,15.6,0.5,1.7,4.6,3,16.5,NA,NA,NA,NA
"305","Lance Thomas",30,4.2955,0.528278873239436,0.6776,0.732,6.9333,0.16848167539267,2.6656,0.302,4.9,0.278,1,0.183,0.75,1.7,10.1,0.8,1,5.1,2.7,13.1,NA,NA,NA,NA
"306","Landry Shamet",21,2.5404,0.525959770114943,0.2044,0.74,4.4822,0.127504885993485,2.0696,0.456,10.4,0.422,0.946,0.167,0.806,3.1,7,0.4,1,4.1,1.3,6.4,NA,NA,NA,NA
"307","Langston Galloway",27,3.3698,0.470379310344828,0,0.839,5.0132,0.208708609271523,4.0018,0.415,10.7,0.355,0.985,0.164,0.844,2.4,3.7,0.4,1,3.8,3,7.9,NA,NA,NA,NA
"308","Larry Nance Jr.",26,8.2726,0.634659163987138,2.6068,0.648,14.497,0.0519357798165138,0.4671,0.235,2.7,0.337,0.97,0.28,0.716,5.9,15.3,1.9,2.8,5.3,10,24.9,NA,NA,NA,NA
"309","Lauri Markkanen",21,9.2516,0.539346534653465,0.916,0.527,14.3812,0.0983487261146497,1.0944,0.368,9.6,0.361,0.975,0.245,0.872,2.2,8.8,1.7,1.1,3.5,4.7,25.9,NA,NA,NA,NA
"310","LeBron James",34,13.4656,0.636921875,2.1303,0.34,23.4596,0.0921221973094171,0.5767,0.292,7.9,0.339,0.342,0.382,0.665,10.9,13.3,1.4,1.7,2.3,3.1,21.3,NA,NA,NA,NA
"311","Lonnie Walker",20,7.429,0.38849104859335,0,0.273,11.552,0.143092105263158,0.4158,1,5.4,0.385,0.8,0.217,0.8,3.7,7.4,2.2,2.9,2.9,0,15.6,NA,NA,NA,NA
"312","Lonzo Ball",21,6.0345,0.524651851851852,0.9089,0.427,10.6386,0.0398039215686274,1.2825,0.231,7.5,0.329,0.76,0.105,0.417,8.3,17.8,1.1,2.3,3.7,4,14,NA,NA,NA,NA
"313","Lorenzo Brown",28,7.4865,0.394058064516129,0.6762,0.235,12.9283,0.0697384806973848,2.0223,0.333,6.3,0.214,0.667,0.042,1,6.3,18.1,2,2.7,5,2.6,12.9,NA,NA,NA,NA
"314","Lou Williams",32,10.9214,0.495980295566503,0.1076,0.224,16.8663,0.210551834130781,0.8073,0.441,6.9,0.361,0.581,0.426,0.876,9.5,11.8,0.4,1.3,1.9,2.2,9.4,NA,NA,NA,NA
"315","Luc Mbah a Moute",32,8.4929,0.454355155482815,0,0.667,14.6645,0.0530805687203791,2.3,0,4.6,0.333,1,0.278,0.4,1.5,9,1.3,0.8,6.2,3.6,8.4,NA,NA,NA,NA
"316","Luka Doncic",19,10.4408,0.541826603325416,0.5456,0.195,15.624,0.0896365079365079,0.6264,0.5,10.8,0.327,0.423,0.409,0.713,9,15,0.9,1.6,2.9,4,21.9,NA,NA,NA,NA
"317","Luke Kennard",22,3.6668,0.560825242718447,0.0356,0.475,5.4468,0.389650326797386,1.6376,0.438,9.2,0.394,0.887,0.117,0.836,3.9,9.4,0.6,0.9,3.2,0.9,13.5,NA,NA,NA,NA
"318","Luke Kornet",23,3.3234,0.499900523560209,0.6786,0.595,5.7246,0.107300911854103,1.547,0.44,11.9,0.363,0.986,0.163,0.826,3.3,7.6,4.5,1.7,2.5,3.6,14.6,NA,NA,NA,NA
"319","Luol Deng",33,6.5952,0.703650655021834,0.6048,0.644,11.7216,0.0727567567567568,2.457,0.45,5.4,0.318,0.929,0.297,0.714,2.2,9.5,1.7,1.8,2.9,5.4,14.6,NA,NA,NA,NA
"320","Malachi Richardson",23,1.3905,0.33495145631068,0,0,2.322,0,5.568,0.333,11.6,0.32,0.875,0.172,0.8,0,20.4,0,0.5,6,2.2,11.2,NA,NA,NA,NA
"321","Malcolm Brogdon",26,11.476,0.562263245033113,0.171,0.467,20.843,0.0241859617137648,1.2214,0.5,6.2,0.426,0.837,0.203,0.928,5.2,10,0.6,1.2,2.6,3.8,11.7,NA,NA,NA,NA
"322","Malcolm Miller",25,2.8458,0,0,1,4.9848,0.141791044776119,4.995,0.571,15,0.476,1,0.154,0.75,0.7,3.5,1.2,0.7,3.6,1.7,6.3,NA,NA,NA,NA
"323","Malik Beasley",22,6.1181,0.59886119873817,1.3896,0.758,10.0167,0.120308285163776,1.9928,0.461,10.6,0.402,0.982,0.09,0.848,2.5,6.7,0.5,1.4,3,2,9.5,NA,NA,NA,NA
"324","Malik Monk",20,6.6511,0.50618771331058,0.8626,0.432,10.9868,0.109,2.6368,0.309,12.8,0.33,0.899,0.174,0.882,4.5,12,1.3,1.4,4.1,1.3,10.6,NA,NA,NA,NA
"325","Marc Gasol",34,7.1104,0.539821782178218,0.5456,0.715,9.856,0.2067625,0.143,0.286,5.5,0.363,0.99,0.291,0.759,7.1,13.6,3.2,1.7,4.4,3.6,25.1,NA,NA,NA,NA
"326","Marcin Gortat",34,9.5004,0.576221674876847,0.819,0.818,15.3504,0.0491166158536585,0,NA,0,NA,NA,0.258,0.729,4.1,19.4,2.5,0.4,5.8,9.8,26.5,NA,NA,NA,NA
"327","Marco Belinelli",32,3.3294,0.544324022346369,0.0744,0.775,5.4126,0.353158075601374,1.7702,0.394,10.6,0.372,0.844,0.18,0.903,3.6,8.8,0.4,0.9,3.3,1,10.8,NA,NA,NA,NA
"328","Marcus Derrickson",22,3.5568,0.399322368421053,0,0.667,5.6862,0.497942386831276,3.55,0.4,14.2,0.5,0.8,0.152,0.8,0.7,7.9,1.3,0,6.4,13.3,7.6,NA,NA,NA,NA
"329","Marcus Morris",29,5.6454,0.589536082474227,0.3298,0.528,9.021,0.218623655913979,1.296,0.232,9,0.375,0.938,0.205,0.844,2.5,9.1,1.1,1,4.2,3.9,19.5,NA,NA,NA,NA
"330","Marcus Smart",24,3.5712,0.558236111111111,0.2852,0.434,5.7164,0.0839327548806941,1.9076,0.379,7.6,0.364,0.921,0.228,0.806,7,16.5,1.1,3.1,4.4,2.8,8.6,NA,NA,NA,NA
"331","Mario Hezonja",23,9.102,0.491182926829268,0.8325,0.47,15.4105,0.0957142857142857,0.9638,0.125,6.1,0.276,0.857,0.246,0.763,3.5,14.6,0.6,2.3,4.4,2.4,18.7,NA,NA,NA,NA
"332","Markelle Fultz",20,8.9262,0.530666666666667,0.7695,0.279,14.877,0.133340229885058,0.6435,0.333,1.5,0.286,0.5,0.239,0.568,6.5,12.7,0.9,1.9,5.8,6.6,10.6,NA,NA,NA,NA
"333","Markieff Morris",29,7.02,0.550433333333333,0.63,0.581,10.998,0.108009819967267,1.8075,0.286,7.5,0.335,0.985,0.19,0.772,2.9,9.3,1.5,1.3,6.5,5,17.5,NA,NA,NA,NA
"334","Marquese Chriss",21,10.2388,0.485335664335664,3.4726,0.647,17.9,0.0055,2.3643,0.292,7.1,0.222,1,0.25,0.711,2.2,15.3,1.9,1.7,8,8.6,23.6,NA,NA,NA,NA
"335","MarShon Brooks",30,8.6149,0.626775818639798,0.5208,0.279,13.888,0.17578125,0.7659,0.333,6.9,0.278,0.533,0.195,0.697,3.2,10.3,1,1.2,4.2,3.4,9.7,NA,NA,NA,NA
"336","Marvin Bagley III",19,14.133,0.572619613670134,2.352,0.515,21.756,0.0737094594594595,0.6351,0.19,2.9,0.313,0.9,0.371,0.691,1.8,10.7,3.2,1,3.6,10.4,20.8,NA,NA,NA,NA
"337","Marvin Williams",32,5.1256,0.522046511627907,0.2235,0.763,7.4798,0.0545398406374502,2.6883,0.432,8.7,0.366,0.993,0.132,0.767,2.1,6.4,2.5,1.6,3.6,3.8,17.1,NA,NA,NA,NA
"338","Mason Plumlee",28,11.0625,0.621206779661017,3.5375,0.704,18.5875,0.0259193006052455,0.03,0,0.3,0.2,1,0.448,0.561,6.9,19.2,3.9,1.9,7.2,10.3,22.5,NA,NA,NA,NA
"339","Matthew Dellavedova",28,4.9245,0.506534328358209,0,0.278,6.7473,0.116877995642702,0.4266,0.143,7.9,0.338,0.773,0.215,0.808,11,20.4,0.2,0.8,4.6,0.8,9.9,NA,NA,NA,NA
"340","Maurice Harkless",25,8.7115,0.602598473282443,2.4738,0.673,15.7073,0.00656477561388654,1.2997,0.289,4.1,0.275,0.939,0.188,0.671,2.5,9.7,3,2.3,5.6,5.9,14.1,NA,NA,NA,NA
"341","Maxi Kleber",27,4.3125,0.63147536231884,1.425,0.724,7.325,0.0620938566552901,2.219,0.304,7,0.353,1,0.192,0.784,2.3,11.4,4.4,1.2,4.6,6.5,16.9,NA,NA,NA,NA
"342","Melvin Frazier",22,11.1384,0.599539915966386,2.223,0.714,18.9306,0.0587144622991347,3.35,0,6.7,0,NA,0.19,0.25,1.1,4.2,0,1.1,6.7,7.2,4.9,NA,NA,NA,NA
"343","Meyers Leonard",26,5.6658,0.679776995305164,3.0191,0.817,10.0681,0.0657437252311757,0.7686,0.5,6.1,0.45,0.94,0.211,0.843,4.1,14,0.8,0.7,5.8,6.1,21.8,NA,NA,NA,NA
"344","Michael Beasley",30,18.4783,0.572603616133519,1.1822,0.472,27.8845,0.0541880184331797,1.3659,0.25,2.9,0.176,1,0.255,0.718,4.2,13.7,3,1.5,7.1,4.9,17.2,NA,NA,NA,NA
"345","Michael Carter-Williams",27,10.1412,0.441838658146965,0.3888,0.25,15.0174,0.0175857605177994,1.71,0.385,5,0.263,0.8,0.431,0.604,9.2,12,3.4,2.6,6.3,5.4,15,NA,NA,NA,NA
"346","Michael Kidd-Gilchrist",25,9.1653,0.531272047832586,0.5343,0.669,15.07,0.06549,1.1324,0.429,1.9,0.34,1,0.37,0.772,2.5,10,2.9,1.3,6.4,7.9,14.8,NA,NA,NA,NA
"347","Mikal Bridges",22,4.1958,0.586613756613757,0.5328,0.715,7.2705,0.0326549618320611,2.573,0.315,6.2,0.335,0.962,0.21,0.805,3.4,10.2,1.3,2.5,4,2.5,9.7,NA,NA,NA,NA
"348","Mike Conley",31,8.2586,0.526853025936599,0,0.304,12.7806,0.215932960893855,1.035,0.49,9,0.364,0.594,0.363,0.845,9.5,9.1,0.9,2,2.6,1.9,9.7,NA,NA,NA,NA
"349","Mike Muscala",27,2.665,0.554043902439024,0.221,0.768,4.537,0.119180515759312,1.7572,0.306,9.2,0.348,1,0.235,0.824,2.7,10.8,2.3,0.8,4.7,4.7,14.7,NA,NA,NA,NA
"350","Mike Scott",30,3.7488,0.387045454545455,0.1704,0.627,5.538,0.146766666666667,2.227,0.424,8.5,0.401,0.98,0.079,0.667,2.2,9.2,0.7,0.9,5.3,3.4,17.2,NA,NA,NA,NA
"351","Miles Bridges",20,7.8204,0.587983082706767,2.4108,0.773,13.8621,0.0248016967126193,2.166,0.395,5.7,0.325,0.954,0.151,0.753,2.7,8.4,2.5,1.6,3.2,4.2,16.6,NA,NA,NA,NA
"352","Miles Plumlee",30,11.4688,0.720732142857143,5.3376,0.625,20.5312,0.0129364089775561,0,NA,0,NA,NA,0.625,0.533,4.5,14,2,1.6,3.7,9.5,14.3,NA,NA,NA,NA
"353","Miloš Teodosic",31,2.205,0.428571428571429,0,0.571,3.465,0.363636363636364,1.258,0.5,8.5,0.37,1,0.175,0.571,10.1,32.8,0.5,0.9,8.5,2.2,8.9,NA,NA,NA,NA
"354","Mitch Creek",26,12.9267,0.615375153751538,0,0.625,20.8767,0,1,0,2,0,NA,0.438,0.714,6,5,0,2,3,13.2,13.1,NA,NA,NA,NA
"355","Mitchell Robinson",20,10.197,0.698036363636364,5.4178,0.644,19.5082,0.00158394931362196,0,NA,0,NA,NA,0.464,0.6,1.3,9.1,10,1.8,7.7,13.3,19.4,NA,NA,NA,NA
"356","Mo Bamba",20,7.657,0.641668016194332,2.294,0.656,13.082,0.0926469194312796,1.1565,0.333,4.5,0.3,0.952,0.259,0.587,2.5,13.7,7,0.8,6.5,8.8,24,NA,NA,NA,NA
"357","Monte Morris",23,6.9825,0.560794486215539,0.0525,0.456,10.0975,0.234812824956672,1.5048,0.45,5.7,0.414,0.862,0.115,0.802,7.4,6.6,0.2,1.8,2.5,1.9,8.8,NA,NA,NA,NA
"358","Montrezl Harrell",25,17.6734,0.642979143798024,4.8888,0.696,30.652,0.0164316455696203,0.0236,0,0.4,0.176,1,0.466,0.643,3.5,11,4,1.6,5.6,9.3,16.7,NA,NA,NA,NA
"359","Moritz Wagner",21,9.0602,0.54001768172888,0.5162,0.694,15.7174,0.0135968289920725,0.416,0,8,0.286,1,0.31,0.811,2.5,16.7,2.4,1.1,5.9,4,15.4,NA,NA,NA,NA
"360","Myles Turner",22,7.146,0.599760705289673,1.458,0.78,11.754,0.232300153139357,0.3465,0.6,4.5,0.388,0.974,0.258,0.736,2.7,10.3,8.4,1.4,4.5,5.4,22,NA,NA,NA,NA
"361","Naz Mitrou-Long",25,5.13,0.444444444444444,0.57,0.5,9.69,0,0.5733,0,6.3,0.182,0,0.1,1,8.5,27.7,0.9,0.6,5.7,1.3,6.3,NA,NA,NA,NA
"362","Nemanja Bjelica",30,7.9772,0.560471042471042,0.4928,0.591,12.8898,0.018168458781362,1.2529,0.292,6.7,0.401,0.961,0.155,0.761,3.8,11.5,2.7,1.4,5.1,7,18.8,NA,NA,NA,NA
"363","Nenê",36,7.0824,0.582293685756241,1.1648,0.783,11.1176,0.112955098222638,0,NA,0.3,0,NA,0.405,0.66,2.3,7.4,2.3,1.6,7.8,6.7,18.4,NA,NA,NA,NA
"364","Nerlens Noel",24,9.8576,0.641237623762376,3.6722,0.728,17.4216,0.0482149859943978,0,NA,0,NA,NA,0.286,0.684,2,13.4,7.7,2.9,7.3,12.1,20,NA,NA,NA,NA
"365","Nick Young",33,0,NA,0,NA,0,NA,2.65,0,10.6,0.375,1,0,NA,2.7,18.2,2.4,0,5.3,0,2.9,NA,NA,NA,NA
"366","Nicolas Batum",30,3.3292,0.602243902439024,0.5104,0.54,5.7652,0.143806841046278,1.9158,0.457,6.2,0.389,0.828,0.158,0.865,5.1,16.3,1.6,1.5,2.9,3.2,14.9,NA,NA,NA,NA
"367","Nik Stauskas",25,4.2869,0.43815969581749,0.489,0.5,7.7588,0.168357142857143,1.962,0.366,9,0.372,0.857,0.189,0.891,3.9,12.2,0.6,1,2.4,1.9,11.7,NA,NA,NA,NA
"368","Nikola Jokic",23,14.7414,0.600781350482315,0.2133,0.48,22.3965,0.071762962962963,0.1166,0.333,5.3,0.307,0.916,0.292,0.821,11.4,15.4,1.9,2.1,4.5,9.8,27.6,NA,NA,NA,NA
"369","Nikola Mirotic",27,5.555,0.630785454545455,0.1818,0.746,9.4738,0.110648187633262,1.7969,0.438,11.9,0.365,0.914,0.229,0.847,2.1,7.4,2.2,1.2,4,5.1,22.6,NA,NA,NA,NA
"370","Nikola Vucevic",28,14.784,0.613630357142857,1.1088,0.669,21.6744,0.13590012180268,0.0585,0.333,4.5,0.364,1,0.168,0.789,6,9.9,3,1.6,3.1,9.4,31.9,NA,NA,NA,NA
"371","Noah Vonleh",23,7.7244,0.547243630573248,1.3653,0.354,12.3123,0.0229450549450549,0.4712,0.353,3.8,0.336,0.978,0.355,0.712,3.6,14.7,2.5,1.3,4.9,6.7,25.8,NA,NA,NA,NA
"372","Norman Powell",25,8.262,0.597899176954732,0.901,0.552,14.773,0.0261910241657077,2.2464,0.472,7.2,0.4,0.926,0.188,0.827,3.9,13.1,1,1.7,4.1,1.6,11.5,NA,NA,NA,NA
"373","OG Anunoby",21,6.5208,0.592605263157895,1.6302,0.491,11.4829,0.0212876712328767,3.348,0.266,7.2,0.332,0.985,0.153,0.581,1.7,11.3,1.3,1.6,5,4.8,10.8,NA,NA,NA,NA
"374","Omari Spellman",21,5.908,0.475815165876777,1.834,0.685,10.612,0.0265501319261214,2.5112,0.432,7.3,0.344,1,0.184,0.711,2.7,10.5,2.7,1.5,3.8,9.2,16.3,NA,NA,NA,NA
"375","Omri Casspi",30,11.011,0.617447552447552,1.5246,0.761,18.095,0,0.574,0.333,4.1,0.349,1,0.36,0.672,2.5,11,1.6,1.9,3.3,3.6,21.5,NA,NA,NA,NA
"376","Otto Porter",25,4.7502,0.624578544061303,0.1638,0.605,7.5166,0.338198547215496,1.971,0.42,7.3,0.406,0.875,0.149,0.813,3.4,8.7,1.6,2.3,3.1,3.4,17,NA,NA,NA,NA
"377","P.J. Tucker",33,2.1804,0.451253164556962,0.0552,0.705,3.4776,0.0251322751322751,4.7804,0.393,6.8,0.377,1,0.113,0.695,1.7,10.3,1.2,2.3,4.4,4.7,14.4,NA,NA,NA,NA
"378","Pascal Siakam",24,12.549,0.615764539007092,1.1214,0.493,19.7224,0.0287328519855596,2.728,0.411,4,0.369,0.975,0.32,0.785,4.7,12.5,1.7,1.4,4.5,5.4,17.5,NA,NA,NA,NA
"379","Pat Connaughton",26,4.9665,0.674223376623377,1.8834,0.753,8.9784,0.0248491379310345,1.369,0.324,7.4,0.33,0.939,0.114,0.725,4.5,8.2,1.7,1.2,3,5.2,15,NA,NA,NA,NA
"380","Patrick Beverley",30,3.8745,0.437279132791328,0.042,0.354,5.838,0.0185143884892086,1.209,0.455,6.2,0.397,0.875,0.258,0.78,6.6,13.8,1.6,1.5,5.9,3.9,15,NA,NA,NA,NA
"381","Patrick McCaw",23,3.7392,0.515670731707317,0.3648,0.471,6.3916,0.019024970273484,1.3362,0.545,3.4,0.321,1,0.238,0.867,3.5,19.6,0.4,2.8,4.6,2,10.9,NA,NA,NA,NA
"382","Patrick Patterson",29,3.094,0.456384615384615,0.3213,0.722,4.998,0.108571428571429,2.3236,0.302,7.4,0.336,1,0.137,0.633,1.7,8.7,1.3,0.9,2.5,4.9,13,NA,NA,NA,NA
"383","Patty Mills",30,3.332,0.600663265306122,0,0.407,5.695,0.201814925373134,2.1939,0.477,10.3,0.394,0.755,0.155,0.854,6.3,11.6,0.4,1.3,3.3,1.4,8.9,NA,NA,NA,NA
"384","Pau Gasol",38,7.1628,0.471336879432624,1.0795,0.667,11.7602,0.126591792656588,0.4158,0,1.8,0.462,1,0.426,0.7,7,12.5,3.5,0.7,3.9,6.7,34.2,NA,NA,NA,NA
"385","Paul George",28,8.162,0.545227272727273,0.9275,0.311,13.7535,0.171990366088632,1.6368,0.42,12.4,0.386,0.671,0.335,0.839,5.2,10,1,2.8,3.5,3.7,19.6,NA,NA,NA,NA
"386","Paul Millsap",33,10.922,0.547212598425197,1.2384,0.564,16.77,0.0507784615384615,0.8528,0.424,4.1,0.365,1,0.374,0.727,3.7,10.9,2.5,2.2,4.7,8.7,20.2,NA,NA,NA,NA
"387","PJ Dozier",22,8.4744,0.666778037383178,1.881,0,15.0678,0,0.95,0,7.6,0.25,1,0.095,0.5,4.7,0,0,1.9,1.9,12.5,23.1,NA,NA,NA,NA
"388","Quincy Acy",28,0.777,1,0,1,1.554,0,1.9314,0.2,5.8,0.133,1,0.556,0.7,3.1,15.2,2.7,0.4,9.3,2.7,20.1,NA,NA,NA,NA
"389","Quincy Pondexter",30,5.3544,0.624980072463768,0.6693,0.652,9.5351,0.0521861648016277,1.5,0.333,3,0.333,1,0.724,0.81,4,14.5,0.3,1.8,4,3,14.1,NA,NA,NA,NA
"390","Quinn Cook",25,4.8462,0.546410569105691,0.0394,0.407,7.9391,0.361230769230769,1.845,0.439,9,0.405,0.815,0.059,0.769,5.2,10,0.2,0.9,4.1,2.3,13,NA,NA,NA,NA
"391","Rajon Rondo",32,7.8351,0.461075046904315,0.1323,0.169,12.9801,0.0472287655719139,0.7776,0.217,4.8,0.359,0.471,0.083,0.639,12.5,22.1,0.4,1.9,3.4,2.6,15.5,NA,NA,NA,NA
"392","Raul Neto",26,7.5795,0.587012903225806,0,0.278,12.5347,0.0805968790637191,2.135,0.381,6.1,0.333,0.8,0.205,0.848,9.4,16.6,0.7,1.4,4.9,1.4,12.6,NA,NA,NA,NA
"393","Rawle Alkins",21,10.5386,0.3846011994003,0.4108,0.7,16.6216,0,1.5984,0.5,4.8,0.25,1,0.308,0.667,5.3,15.3,0,0.4,2.8,9.9,13.7,NA,NA,NA,NA
"394","Ray Spalding",21,13.2544,0.561344036697248,3.2376,0.64,22.6328,0.0286689053055742,0.333,0,1,0,NA,0.255,0.333,1.6,14.7,4.5,2.9,7.4,11.1,25.1,NA,NA,NA,NA
"395","Raymond Felton",34,4.316,0.514,0,0.086,6.0424,0.346291208791209,1.23,0.4,7.5,0.328,0.9,0.096,0.923,6.4,9,1.3,1.2,3.6,1.1,8.4,NA,NA,NA,NA
"396","Reggie Bullock",27,2.7234,0.509640449438202,0.0459,0.794,4.4217,0.250262975778547,2.626,0.402,10.1,0.377,0.953,0.143,0.859,3.3,9.3,0.5,1,2.8,1.2,8.8,NA,NA,NA,NA
"397","Reggie Jackson",28,7.7744,0.46981976744186,0.3616,0.187,10.8932,0.194887966804979,1.7372,0.407,10.1,0.369,0.793,0.225,0.864,7.4,11.4,0.3,1.2,4.5,2.1,8.5,NA,NA,NA,NA
"398","Richaun Holmes",25,13.4064,0.633973684210526,4.0719,0.77,22.7115,0.0194783171521036,0,NA,0,NA,NA,0.479,0.731,2.4,10.5,5.6,1.7,7.8,10.6,20.5,NA,NA,NA,NA
"399","Ricky Rubio",28,6.532,0.509687323943662,0,0.389,10.6904,0.197746987951807,1.8368,0.37,6.4,0.311,0.873,0.312,0.855,10.5,17.8,0.4,2.3,4.5,1.9,11.8,NA,NA,NA,NA
"400","Robert Covington",28,3.7895,0.583,0.5577,0.746,6.2348,0.0948922018348624,1.068,0.444,8.9,0.378,0.941,0.246,0.764,1.8,10.5,3.2,2.9,5,2.5,14.6,NA,NA,NA,NA
"401","Robert Williams",21,8.0214,0.744971800433839,5.2896,0.861,15.1902,0.0112525773195876,0,NA,0,NA,NA,0.294,0.6,1.2,14.8,12.5,1.5,6.1,10.2,20.4,NA,NA,NA,NA
"402","Robin Lopez",30,13.5918,0.61473420738975,1.2798,0.569,19.5858,0.0322167080231596,0.0288,0,0.9,0.226,1,0.23,0.724,2.7,14,4.2,0.3,3.7,9.4,10,NA,NA,NA,NA
"403","Rodions Kurucs",20,9.1575,0.558479279279279,2.013,0.59,16.071,0.0115359342915811,1.5504,0.381,6.8,0.315,0.914,0.205,0.783,1.9,13.6,1.5,1.5,5.4,4.6,15.4,NA,NA,NA,NA
"404","Rodney Hood",26,5.215,0.514624161073826,0.3675,0.404,7.245,0.377893719806763,1.6287,0.429,6.1,0.356,0.714,0.231,0.884,3.3,6.9,0.5,1.5,3.8,1.4,7.9,NA,NA,NA,NA
"405","Rodney McGruder",27,6.003,0.4866038647343,0.1885,0.43,8.8595,0.049430441898527,2.4282,0.364,7.1,0.351,0.937,0.156,0.722,3.5,11.5,0.7,1.1,3.6,4.1,12.2,NA,NA,NA,NA
"406","Ron Baker",25,1.575,0.4,0,0.333,3.15,0.1,1.5785,0,4.1,0.077,1,0.3,0.833,4.7,18.1,0.6,1.9,5.7,0.7,7.1,NA,NA,NA,NA
"407","Rondae Hollis-Jefferson",24,14.3256,0.46894750656168,0.846,0.712,23.1616,0.0282191558441558,1.3566,0.229,1.9,0.184,1,0.376,0.645,3.7,10.7,1.7,1.7,4.1,7.1,19.2,NA,NA,NA,NA
"408","Royce O'Neale",25,4.312,0.595963636363636,0.882,0.747,7.5656,0.0191062176165803,2.1,0.365,5,0.386,0.985,0.122,0.762,3.6,16.2,1.1,1.5,4.9,1.5,16.7,NA,NA,NA,NA
"409","Rudy Gay",32,8.2764,0.535112440191388,1.1484,0.394,12.0978,0.295941080196399,1.5435,0.483,4.9,0.402,0.892,0.197,0.816,4.8,12.3,1.6,1.4,4.2,3.8,23.9,NA,NA,NA,NA
"410","Rudy Gobert",26,12.9624,0.6780366598778,6.3228,0.735,23.7204,0.00154424040066778,0,NA,0,NA,NA,0.733,0.636,3,12.1,5.8,1.2,4.3,13.2,30.2,NA,NA,NA,NA
"411","Russell Westbrook",30,11.7189,0.563371937639198,0.7569,0.17,21.141,0.115803703703704,0.8687,0.367,7.3,0.29,0.613,0.306,0.656,13.9,16.3,1.1,2.5,4.3,4.1,28.3,NA,NA,NA,NA
"412","Ryan Anderson",30,2.0909,0.5,0.2987,0.5,4.1818,0.178431034482759,1.05,0.143,6,0.225,1,0.232,0.75,2.8,15.5,0.3,0.6,3.7,6.1,12.5,NA,NA,NA,NA
"413","Ryan Arcidiacono",24,3.4711,0.524537091988131,0,0.264,5.2427,0.150891944990177,1.2204,0.469,5.4,0.373,0.864,0.244,0.873,6.7,12,0.2,1.6,4.2,1.5,10.8,NA,NA,NA,NA
"414","Ryan Broekhoff",28,2.6865,0.599336683417085,0.216,0.789,4.725,0.0914285714285714,3.12,0.517,10,0.409,0.974,0.151,0.789,2.4,10.6,0.8,0.6,3.7,1.9,12.9,NA,NA,NA,NA
"415","Salah Mejri",32,8.7448,0.611405909797823,2.9104,0.727,15.5448,0,0.4838,0.5,4.1,0.324,1,0.286,0.625,4.3,14.3,5.5,1.2,6.7,9.7,25.3,NA,NA,NA,NA
"416","Sam Dekker",24,9.9975,0.5634,2.1235,0.723,17.9955,0.0268337639965547,0.8588,0.357,3.8,0.306,0.947,0.18,0.609,2.8,8,0.7,2.3,2.9,7.2,13.5,NA,NA,NA,NA
"417","Semi Ojeleye",24,4.4544,0.654609195402299,0.7296,0.692,7.936,0.0304451612903226,2.592,0.344,7.2,0.315,0.929,0.247,0.615,1.9,9.8,0.6,0.8,3.5,4.3,11.2,NA,NA,NA,NA
"418","Serge Ibaka",29,10.1992,0.644907786885246,1.881,0.788,15.6123,0.212722891566265,0.428,0.333,4,0.29,0.98,0.202,0.763,2.4,10.7,4.3,0.7,5,8.6,23.2,NA,NA,NA,NA
"419","Seth Curry",28,3.1073,0.522782383419689,0.0322,0.455,4.9749,0.360692556634304,1.6269,0.489,8.7,0.45,0.832,0.112,0.846,2.3,11.1,0.7,1.2,3.4,2.1,6.9,NA,NA,NA,NA
"420","Shabazz Napier",27,6.3089,0.477207357859532,0,0.237,10.2968,0.146100409836066,1.298,0.37,11,0.333,0.592,0.317,0.833,6.9,11.7,1.3,2,3.2,1.9,8.7,NA,NA,NA,NA
"421","Shai Gilgeous-Alexander",20,7.3625,0.558465263157895,0.434,0.31,12.2295,0.177001267427123,1.38,0.406,3,0.367,0.902,0.272,0.8,5.9,15,1.6,2.1,3.8,2.9,8.3,NA,NA,NA,NA
"422","Shake Milton",22,5.2785,0.466666666666667,0.1683,0.75,8.7975,0.119478260869565,2.301,0.308,7.8,0.318,0.929,0.08,0.714,3.2,6.2,2.3,1.4,5.1,3.7,10,NA,NA,NA,NA
"423","Shaquille Harrison",25,10.2672,0.503532959326788,0.5472,0.388,17.8704,0.0133247381144239,1.011,0.267,3,0.27,0.875,0.289,0.667,4.7,11.1,1.8,3,4.2,2.5,14.5,NA,NA,NA,NA
"424","Shaun Livingston",33,5.4487,0.594616257088847,1.2772,0.541,8.6417,0.244238379022646,0,NA,0.1,0,NA,0.243,0.784,5.6,14.1,2.3,1.5,3.6,4.9,7.9,NA,NA,NA,NA
"425","Shelvin Mack",28,7.4704,0.497370689655172,0,0.47,11.7852,0.0813183060109289,0.8788,0.273,5.2,0.354,0.543,0.208,0.69,7.3,13,0.3,1.9,3.3,1.6,7.9,NA,NA,NA,NA
"426","Sindarius Thornwell",24,4.9876,0.424508902077151,0,0.786,7.4074,0,1.0741,0.143,2.3,0.2,1,0.694,0.735,2.7,23.8,1.8,2.1,6.2,1.7,12.8,NA,NA,NA,NA
"427","Skal Labissière",22,7.4801,0.571835376532399,2.9344,0.4,12.0258,0.0893246187363835,0.2695,0,3.5,0.462,0.667,0.347,0.529,3,16.3,2.8,1.4,7.8,5.4,20.3,NA,NA,NA,NA
"428","Solomon Hill",27,3.2148,0.508479532163743,0.423,0.694,5.3768,0.0490874125874126,1.9398,0.378,5.3,0.317,1,0.18,0.719,2.9,13.9,0.9,1.2,4.2,4.1,11.5,NA,NA,NA,NA
"429","Spencer Dinwiddie",25,9.5996,0.549148068669528,0.4326,0.165,15.3882,0.0485408299866131,1.5456,0.403,9.2,0.335,0.556,0.43,0.806,7.7,13.4,0.7,1,4.7,1.4,7.6,NA,NA,NA,NA
"430","Stanley Johnson",22,7.1685,0.505701234567901,0.1947,0.321,11.3988,0.0672003105590062,2.7927,0.304,8.7,0.288,0.935,0.145,0.781,3.5,14.7,1,2.4,4.6,3,16.9,NA,NA,NA,NA
"431","Stephen Curry",30,6.5247,0.584330543933055,0.0546,0.464,10.4286,0.176869109947644,2.442,0.517,16.5,0.437,0.689,0.214,0.916,7.4,11.6,0.9,1.9,3.4,2.2,14.2,NA,NA,NA,NA
"432","Sterling Brown",23,6.692,0.569941422594142,0.714,0.674,11.942,0.0266705744431419,2.4684,0.527,6.6,0.361,0.962,0.135,0.69,3.8,12.2,0.7,1.1,4,3,14.4,NA,NA,NA,NA
"433","Steven Adams",25,13.2399,0.601562300319489,2.679,0.642,22.3344,0.0187108585858586,0,NA,0,0,NA,0.361,0.5,2.2,12.6,2.4,2,3.6,14.7,14.8,NA,NA,NA,NA
"434","Sviatoslav Mykhailiuk",21,3.1672,0.367102803738318,0.3108,0.706,5.4908,0.115601078167116,2.3218,0.364,9.4,0.326,0.966,0.143,0.6,3.9,12.4,0.2,1.5,2.7,2.2,6.2,NA,NA,NA,NA
"435","T.J. Leaf",21,12.5172,0.641602459016393,1.4877,0.604,19.7163,0.0236097137901128,0.6554,0.286,2.9,0.258,0.875,0.169,0.613,2.2,5.8,3.2,0.8,3.3,9.3,17.1,NA,NA,NA,NA
"436","T.J. McConnell",26,6.0615,0.596273942093541,0,0.403,9.1935,0.329287812041116,0.7124,0.348,1.3,0.333,1,0.088,0.784,8.3,17.3,0.9,2.5,3.4,2.1,10.2,NA,NA,NA,NA
"437","T.J. Warren",25,10.8145,0.560208747514911,0.7095,0.55,17.2645,0.097879202988792,1.89,0.481,6.3,0.428,0.896,0.203,0.815,2.2,7.2,1.8,1.8,4.2,2.5,11.8,NA,NA,NA,NA
"438","Taj Gibson",33,12.1635,0.606085534591195,1.5912,0.669,20.5326,0.0473144560357675,0.765,0.385,1,0.324,1,0.33,0.757,2.4,10.6,2,1.5,5.3,10.8,18.3,NA,NA,NA,NA
"439","Taurean Prince",24,5.1507,0.560051546391752,0.3363,0.453,8.2128,0.151961206896552,3.2524,0.413,9.4,0.39,0.854,0.195,0.819,3.5,13.4,1.1,1.6,4.2,1.5,12.3,NA,NA,NA,NA
"440","Terrance Ferguson",20,2.6208,0.643063492063492,0.676,0.873,4.7632,0.045467248908297,3.598,0.403,7,0.366,1,0.118,0.725,1.7,9.4,0.7,1,5.6,1.7,6,NA,NA,NA,NA
"441","Terrence Ross",27,2.7378,0.599487179487179,0.6552,0.713,4.329,0.795091891891892,1.1868,0.462,12.9,0.383,0.765,0.14,0.875,3.1,7.6,1.1,1.6,2.7,1.3,12.8,NA,NA,NA,NA
"442","Terry Rozier",24,5.4595,0.482626229508197,0.4833,0.36,8.4667,0.130718816067653,1.7017,0.413,9.1,0.353,0.739,0.14,0.785,6.2,8.8,1,1.8,2.7,1.9,16.4,NA,NA,NA,NA
"443","Thabo Sefolosha",34,4.3173,0.56390243902439,0.468,0.811,7.3827,0.063581616481775,3.4404,0.432,6.1,0.436,0.971,0.148,0.636,2.1,13.6,0.7,3.4,3.2,1.4,20.1,NA,NA,NA,NA
"444","Thaddeus Young",30,12.3915,0.59377896138482,0.825,0.554,20.0475,0.0166082304526749,1.2905,0.354,2.9,0.349,0.941,0.161,0.644,4,12,1.3,2.4,3.8,8.7,14.4,NA,NA,NA,NA
"445","Theo Pinson",23,4.9665,0.545475083056478,0.231,0.308,7.9035,0.0285031315240084,0.676,0.333,10.4,0.261,0.75,0.301,0.864,4.7,17.9,0,1.4,3.4,2,15.9,NA,NA,NA,NA
"446","Thomas Bryant",21,10.4145,0.74163358778626,3.9591,0.783,18.5235,0.0549115879828326,0.3131,0.2,3.1,0.333,0.97,0.273,0.781,2.9,9.6,3.8,0.8,4,8.1,25.1,NA,NA,NA,NA
"447","Thomas Welsh",22,1.3629,1,1.3629,1,2.7258,1.5005,0,NA,9.6,0.429,1,0.154,0.5,6.8,6.7,0,0,4.1,0,12.1,NA,NA,NA,NA
"448","Thon Maker",21,4.9077,0.555314363143631,1.3832,0.85,8.3258,0.0298753993610224,3.2756,0.379,7.6,0.32,1,0.313,0.667,2.2,9.8,4.4,1,5.2,4.5,17.4,NA,NA,NA,NA
"449","Tim Frazier",28,4.266,0.533718987341772,0.0432,0.392,7.2036,0.137676161919041,0.9996,0.458,4.2,0.366,0.811,0.207,0.759,10.3,21.1,0.4,1.2,4.6,3.9,11.5,NA,NA,NA,NA
"450","Tim Hardaway Jr.",26,6.3376,0.477639705882353,0.3728,0.425,10.1122,0.230046082949309,1.288,0.345,11.2,0.34,0.728,0.278,0.841,3.7,8.6,0.3,1.3,3.3,1.7,9.8,NA,NA,NA,NA
"451","Timothé Luwawu-Cabarrot",23,5.6834,0.494718232044199,0.5809,0.674,10.5818,0.0479228486646884,3.2951,0.37,8.3,0.31,1,0.188,0.756,1.9,8.2,1,1.4,5.3,1.7,14.1,NA,NA,NA,NA
"452","Tobias Harris",26,9.0272,0.571963133640553,0.9776,0.393,14.0608,0.169877218934911,1.105,0.448,6.5,0.397,0.808,0.245,0.866,3.8,9.8,1,0.8,3.1,2.6,20.8,NA,NA,NA,NA
"453","Tomáš Satoranský",27,5.974,0.604345631067961,0.638,0.477,9.6512,0.0634254807692308,0.9275,0.372,3.5,0.395,0.969,0.302,0.819,8.7,16.7,0.5,1.8,3.8,4,10,NA,NA,NA,NA
"454","Tony Bradley",21,19.9794,0.533121535181237,1.3419,0.625,34.6338,0,0,NA,0,NA,NA,0.125,0.5,1.3,15.1,4.4,2.7,8,27.6,17.7,NA,NA,NA,NA
"455","Tony Parker",36,11.1328,0.513235412474849,0,0.145,17.9648,0.220995012468828,0.3925,0.375,2.5,0.255,1,0.268,0.734,10,12.7,0.6,1,2.6,1.5,7.6,NA,NA,NA,NA
"456","Tony Snell",27,4.3989,0.59308211143695,0.5676,0.732,7.5078,0.0427199312714777,2.2192,0.435,7.3,0.397,0.938,0.116,0.881,2.4,5.7,1.2,0.9,3.2,2.4,9.4,NA,NA,NA,NA
"457","Torrey Craig",28,5.0858,0.602141531322506,1.0148,0.697,8.9326,0.0180145310435931,2.3668,0.37,6.1,0.324,0.934,0.193,0.7,2.4,10.1,2.7,1.2,5.7,6.4,12.6,NA,NA,NA,NA
"458","Trae Young",20,9.4656,0.511879901960784,0,0.211,15.6136,0.126769687964339,0.3293,0.389,8.9,0.324,0.423,0.33,0.829,12.1,17.6,0.5,1.3,2.6,2.6,10.2,NA,NA,NA,NA
"459","Treveon Graham",25,2.8575,0.418711111111111,0,0.654,4.2545,0.124585074626866,2.5925,0.205,8.5,0.297,1,0.115,0.818,2.3,7.8,0.8,0.9,4.5,3.4,12.3,NA,NA,NA,NA
"460","Trevor Ariza",33,5.2597,0.511235127478754,0.6258,0.617,9.1635,0.035320325203252,2.6136,0.395,8.8,0.334,0.917,0.223,0.793,5.1,11.6,0.7,1.8,2.6,2.3,15.2,NA,NA,NA,NA
"461","Trey Burke",26,8.836,0.514297872340425,0.047,0.139,13.724,0.231469178082192,0.986,0.348,6.8,0.352,0.661,0.226,0.831,6.8,7.5,0.5,1.4,2.5,2.6,6.7,NA,NA,NA,NA
"462","Trey Lyles",23,10.0905,0.565490322580645,1.1935,0.622,15.7976,0.071918956043956,1.408,0.406,8.8,0.255,0.941,0.234,0.698,3.8,11.1,1.8,1.3,4.1,4.2,19.6,NA,NA,NA,NA
"463","Tristan Thompson",27,13.7776,0.552522935779817,1.58,0.502,21.0614,0.035536384096024,0,NA,0,NA,NA,0.279,0.642,3.6,12.1,1.2,1.2,3.7,15.4,25.7,NA,NA,NA,NA
"464","Troy Brown Jr.",19,7.4024,0.517486652977413,0.9728,0.6,11.4912,0.0903439153439154,1.107,0.412,4.5,0.319,1,0.201,0.681,5.2,10.5,0.6,1.4,3.6,5.1,16.6,NA,NA,NA,NA
"465","Troy Daniels",27,2.3874,0.473753623188406,0,0.59,3.7022,0.358654205607477,2.6352,0.5,12.2,0.381,0.851,0.084,0.783,1.6,8.7,0.5,1.6,5,1.9,8.9,NA,NA,NA,NA
"466","Troy Williams",24,7.3,0.59199,1.7812,0.533,12.0742,0.0123337363966143,1.2012,0.25,6.6,0.318,1,0.153,0.6,1.6,7.9,2.2,1.5,5.5,3.9,15.9,NA,NA,NA,NA
"467","Tyler Cavanaugh",24,6.15,0.4,0,1,8.61,0,3.66,0,6.1,0.2,1,0.2,1,1.2,8.4,0,0,3.7,8.5,13.6,NA,NA,NA,NA
"468","Tyler Dorsey",22,6.5148,0.52061797752809,0.0732,0.524,10.9434,0.0887257525083612,1.886,0.296,9.2,0.333,0.932,0.231,0.623,3.9,8.5,0.3,1,3.7,4.2,13.7,NA,NA,NA,NA
"469","Tyler Johnson",26,5.9452,0.545651685393258,0.1837,0.567,8.9679,0.0882905027932961,1.5355,0.271,8.3,0.346,0.956,0.241,0.748,5.3,11.7,1.6,1.7,3.1,2.4,9.8,NA,NA,NA,NA
"470","Tyler Lydon",22,4.183,0.624148314606742,1.0434,0.4,7.8396,0,2.08,0.5,5.2,0.4,1,0.167,0.333,3.1,17.2,0,1,5.2,8,12.7,NA,NA,NA,NA
"471","Tyler Zeller",29,14.8347,0.535685959271168,1.0653,0.625,21.7194,0.0241581259150805,0.5,0,0.5,0,NA,0.6,0.778,2.1,9.5,3.1,0.5,10.6,12.9,15.7,NA,NA,NA,NA
"472","Tyreke Evans",29,12.098,0.429296577946768,0.069,0.3,21.022,0.0513347921225383,0.795,0.261,7.5,0.356,0.688,0.242,0.719,5.8,13.9,1.1,2,4.1,2.7,13,NA,NA,NA,NA
"473","Tyrone Wallace",24,12.1598,0.438361930294906,0.3749,0.545,17.2617,0.0740793201133145,0.5894,0.375,1.4,0.211,1,0.263,0.526,3.2,12.9,0.9,1.6,6.2,3.5,13.2,NA,NA,NA,NA
"474","Tyson Chandler",36,5.1887,0.629298263534219,2.2472,0.672,9.6301,0,0,NA,0.1,0,NA,0.879,0.586,2,23.4,2.2,1.1,5.9,11.1,25.3,NA,NA,NA,NA
"475","Tyus Jones",22,5.9595,0.505434482758621,0,0.228,8.8776,0.163043209876543,0.8346,0.407,3.9,0.317,0.65,0.155,0.841,10,9,0.3,2.5,2.4,1.6,7.7,NA,NA,NA,NA
"476","Udonis Haslem",38,6.6054,0.499564356435644,0.654,0.545,11.227,0.353774757281553,1.3193,0,7.9,0,NA,0.121,0.75,1.3,7.9,0,0,5.9,4.3,34.5,NA,NA,NA,NA
"477","Victor Oladipo",26,7.7308,0.491779220779221,0.9036,0.291,13.4034,0.27390074906367,0.7636,0.278,9.2,0.343,0.676,0.24,0.73,7.9,11.2,0.9,2.6,3.1,2.1,17.1,NA,NA,NA,NA
"478","Vince Carter",42,3.5534,0.509009174311927,0.5868,0.589,5.9495,0.123117808219178,1.672,0.458,11,0.389,0.911,0.141,0.712,3,8.8,1.8,1.5,4.9,2.4,13.2,NA,NA,NA,NA
"479","Wade Baldwin",22,8.245,0.312383505154639,0,0.125,13.396,0.115612944162437,0,NA,4.6,0.222,0,0.333,0.727,6.2,27,1.7,0.5,5.7,2.3,14.4,NA,NA,NA,NA
"480","Walt Lemon Jr.",26,17.7353,0.459246790299572,0.2783,0.222,32.2828,0.0720368338557994,0,NA,1.5,0.4,1,0.126,0.727,8.7,9.8,0.5,3.2,4.1,2.6,15.1,NA,NA,NA,NA
"481","Wayne Ellington",31,2.422,0.609371428571429,0.0346,0.761,3.6676,0.0721745283018868,3.7083,0.388,14.1,0.371,0.906,0.107,0.796,2.7,7.7,0.4,2,3.5,1.1,7.9,NA,NA,NA,NA
"482","Wayne Selden",24,6.6912,0.471936274509804,0.6724,0.489,10.3976,0.156858044164038,1.4219,0.405,5.9,0.316,0.873,0.19,0.728,3.7,13.1,0.8,1.1,4.4,2.8,11,NA,NA,NA,NA
"483","Wendell Carter Jr.",19,10.0764,0.580430868167203,2.0088,0.776,16.6212,0.105084795321637,0.5684,0.154,1.4,0.188,1,0.302,0.795,3.4,13.4,4.5,1.1,6.6,8.4,21.8,NA,NA,NA,NA
"484","Wesley Iwundu",24,5.1339,0.480626326963907,0.7521,0.512,8.6764,0.100904522613065,1.1377,0.241,3.1,0.367,1,0.376,0.816,2.9,12.1,1.5,1.1,4.9,3.2,13,NA,NA,NA,NA
"485","Wesley Johnson",31,1.4896,0.64803007518797,0.2576,0.65,2.632,0.299702127659574,3.5242,0.225,6.7,0.329,0.92,0.148,0.684,2,11.7,1.9,1.2,5.5,2.4,11.7,NA,NA,NA,NA
"486","Wesley Matthews",32,4.2606,0.480969581749049,0,0.558,6.2856,0.151961340206186,1.9364,0.422,9.4,0.372,0.92,0.234,0.81,3.7,10.6,0.7,1.3,3.7,1.7,7.1,NA,NA,NA,NA
"487","Will Barton",28,7.638,0.481101990049751,0.285,0.458,11.723,0.101635332252836,0.9882,0.375,8.1,0.342,0.791,0.161,0.77,5.1,11.7,1.6,0.7,3.4,2.9,15.3,NA,NA,NA,NA
"488","Willie Cauley-Stein",25,13.4784,0.58775,4.3524,0.786,22.7448,0.0324876543209877,0,NA,0,0.5,1,0.343,0.551,4.1,9,2,2,4.8,8.2,23.7,NA,NA,NA,NA
"489","Willy Hernangómez",24,14.5317,0.545304506699147,1.6815,0.659,24.3198,0.0150487627365357,0.2944,0.4,2.3,0.385,1,0.488,0.694,3.6,13.9,2.1,1,5.9,15.3,26.3,NA,NA,NA,NA
"490","Wilson Chandler",31,3.19,0.518696551724138,0.121,0.618,5.126,0.1101330472103,1.8333,0.348,6.3,0.373,0.949,0.092,0.72,3.3,13.9,1.4,1,4.9,4.4,14.6,NA,NA,NA,NA
"491","Yogi Ferrell",25,4.6816,0.523513157894737,0,0.263,7.7,0.244458,0.962,0.364,6.5,0.362,0.648,0.19,0.896,6,9.5,0.3,1.6,2.8,1.2,9.5,NA,NA,NA,NA
"492","Yuta Watanabe",24,5.4458,0.526142091152815,0.5694,0.769,8.5994,0.100020373514431,1.725,0.167,4.6,0.125,1,0.196,0.7,2.3,9.8,0.5,1.1,3.1,2.5,17.7,NA,NA,NA,NA
"493","Zach Collins",21,8.3083,0.607449225473322,1.144,0.651,14.4287,0.0198334985133796,0.3913,0.273,4.3,0.331,0.925,0.315,0.746,2.5,14.5,3.9,0.9,6.2,8.8,16.5,NA,NA,NA,NA
"494","Zach LaVine",23,13.2842,0.558539196940727,1.6256,0.332,23.3426,0.0748803046789989,0.8712,0.513,7.2,0.374,0.525,0.33,0.832,6.3,14.2,1,1.3,3.1,2,12.9,NA,NA,NA,NA
"495","Zaza Pachulia",34,7.938,0.471700680272109,0.2268,0.624,13.5864,0.0738998410174881,0,NA,0.2,0,NA,0.642,0.782,5.1,18.7,1.6,1.7,8.5,11.9,21.5,NA,NA,NA,NA
"496","Zhaire Smith",19,5.5535,0.538067885117493,1.711,0.5,10.2515,0.0414483734087694,1.7,0,6.8,0.375,0.667,0.235,0.75,4.3,13.8,1.4,0.9,3.4,2.9,9.3,NA,NA,NA,NA
